# Blender v2.80 (sub 75) OBJ File: 'all weapons.blend'
# www.blender.org
v -9.11220 -0.60807 -49.59997
v -9.11220 1.11008 -49.59997
v -9.11220 -0.60807 -50.39997
v -9.11220 1.11008 -50.39997
v -2.87931 -0.88957 -49.59997
v -2.77392 1.32299 -49.59997
v -2.87931 -0.88957 -50.39997
v -2.77392 1.32299 -50.39997
v -5.47253 -0.88957 -50.39997
v -5.47253 1.41360 -50.39997
v -5.47253 -0.88957 -49.59997
v -5.47253 1.41360 -49.59997
v -7.07009 -0.45790 -50.39997
v -7.07009 1.22149 -49.59997
v -7.07009 1.22149 -50.39997
v -7.07009 -0.45790 -49.59997
v -4.15817 1.46262 -50.39997
v -4.15817 -0.88957 -49.59997
v -4.15817 -0.88957 -50.39997
v -4.15817 1.46262 -49.59997
v -4.48963 -0.88957 -50.39997
v -4.48963 1.47375 -49.59997
v -4.48963 1.47375 -50.39997
v -4.48963 -0.88957 -49.59997
v -8.84634 -0.60807 -50.39997
v -8.84634 1.12458 -49.59997
v -8.84634 1.12458 -50.39997
v -8.84634 -0.60807 -49.59997
v -8.80386 1.12690 -50.39997
v -8.80386 -0.47715 -49.59997
v -8.80386 -0.47715 -50.39997
v -8.80386 1.12690 -49.59997
v -8.24135 1.15759 -50.39997
v -8.24135 -0.55801 -49.59997
v -8.24135 -0.55801 -50.39997
v -8.24135 1.15759 -49.59997
v -8.27988 -0.45020 -50.39997
v -8.27988 1.15549 -49.59997
v -8.27988 1.15549 -50.39997
v -8.27988 -0.45020 -49.59997
v -7.43245 1.20172 -50.39997
v -7.43245 -0.56588 -49.59997
v -7.43245 -0.56588 -50.39997
v -7.43245 1.20172 -49.59997
v -6.08985 1.34513 -50.39997
v -6.08985 -0.45058 -49.59997
v -6.08985 -0.45059 -50.39997
v -6.08985 1.34513 -49.59997
v -6.02770 1.35202 -50.39997
v -6.02770 -0.88957 -49.59997
v -6.02770 -0.88957 -50.39997
v -6.02770 1.35202 -49.59997
v -11.61573 1.34292 -50.40000
v -11.61573 -1.90181 -50.40000
v -11.61573 1.34292 -49.60000
v -11.61573 -1.90181 -49.60000
v -12.00868 1.34292 -50.40000
v -11.85082 -1.90181 -50.40000
v -12.00868 1.34292 -49.60000
v -11.85082 -1.90181 -49.60000
v -11.61573 -1.74197 -50.40000
v -11.94886 -1.74197 -49.60000
v -11.61573 -1.74197 -49.60000
v -11.94886 -1.74197 -50.40000
v -12.05136 -1.59811 -49.60000
v -11.61573 -1.59811 -50.40000
v -11.61573 -1.59811 -49.60000
v -12.05136 -1.59811 -50.40000
v -12.07142 -1.35036 -49.60000
v -11.61573 -1.35036 -50.40000
v -11.61573 -1.35036 -49.60000
v -12.07142 -1.35036 -50.40000
v -11.97367 -1.13633 -49.60000
v -11.61573 -1.13633 -50.40000
v -11.61573 -1.13633 -49.60000
v -11.97367 -1.13633 -50.40000
v -11.61573 -1.91042 -49.65006
v -11.61573 1.34291 -49.65006
v -11.61573 -1.91042 -50.35006
v -11.61573 1.34291 -50.35006
v -8.88593 -0.67113 -49.65006
v -8.88593 1.11531 -49.65006
v -8.88593 -0.67113 -50.35006
v -8.88593 1.11531 -50.35006
v -11.19062 -1.91920 -50.35006
v -10.89414 1.33720 -50.35006
v -11.19062 -1.91920 -49.65006
v -10.89414 1.33720 -49.65006
v -9.67720 1.10800 -50.35006
v -9.67720 -0.85345 -49.65006
v -9.67720 -0.85345 -50.35006
v -9.67720 1.10800 -49.65006
v -9.44639 1.11608 -50.35006
v -9.44639 -0.67029 -49.65006
v -9.44639 -0.67029 -50.35006
v -9.44639 1.11608 -49.65006
v -10.44923 -1.39711 -50.35006
v -10.28251 1.00349 -49.65006
v -10.28251 1.00349 -50.35006
v -10.44922 -1.39711 -49.65006
v -10.03539 0.99751 -50.35006
v -10.08256 -1.13891 -49.65006
v -10.08256 -1.13891 -50.35006
v -10.03539 0.99751 -49.65006
v -9.97483 1.11543 -50.35006
v -10.04734 -1.11411 -49.65006
v -10.04734 -1.11411 -50.35006
v -9.97483 1.11543 -49.65006
v -10.49236 -1.42749 -50.35006
v -10.33267 1.11364 -49.65006
v -10.33267 1.11364 -50.35006
v -10.49236 -1.42749 -49.65006
v -6.14180 -2.37981 -49.75432
v -6.02002 -0.67217 -49.75433
v -6.14180 -2.37981 -50.35432
v -6.02002 -0.67217 -50.35432
v -5.11979 -2.77202 -49.75432
v -4.32661 -0.67217 -49.75433
v -5.11979 -2.77202 -50.35432
v -4.32661 -0.67217 -50.35432
v -6.11457 -1.99804 -49.75433
v -6.11457 -1.99804 -50.35432
v -5.00963 -2.07853 -50.35432
v -5.00963 -2.07853 -49.75432
v -5.72097 -1.46903 -49.75433
v -5.72097 -1.46903 -50.35432
v -4.67637 -1.51273 -50.35432
v -4.67637 -1.51273 -49.75433
v -5.66660 -0.98047 -49.75433
v -5.66660 -0.98047 -50.35432
v -4.45730 -0.99920 -50.35432
v -4.45730 -0.99920 -49.75433
v -5.70893 -2.66980 -50.35432
v -5.16987 -0.67217 -50.35432
v -5.70893 -2.66980 -49.75432
v -5.16987 -0.67217 -49.75433
v -5.60925 -2.03265 -49.75432
v -5.60925 -2.03265 -50.35432
v -5.22361 -1.46197 -49.75433
v -5.22361 -1.46197 -50.35432
v -5.05948 -0.98987 -49.75433
v -5.05948 -0.98987 -50.35432
v -5.93025 -2.58432 -50.35432
v -5.45684 -0.67217 -49.75433
v -5.77982 -2.02097 -49.75432
v -5.39149 -1.46435 -49.75433
v -5.26442 -0.98670 -49.75433
v -5.45684 -0.67217 -50.35432
v -5.93025 -2.58432 -49.75432
v -5.77982 -2.02097 -50.35432
v -5.39149 -1.46435 -50.35432
v -5.26442 -0.98670 -50.35432
v -4.74824 -0.67217 -50.35432
v -5.40313 -2.71957 -49.75432
v -5.35864 -2.04981 -50.35432
v -4.97694 -1.45847 -50.35432
v -4.75839 -0.99454 -50.35432
v -5.40313 -2.71957 -50.35432
v -4.74824 -0.67217 -49.75433
v -5.35864 -2.04981 -49.75432
v -4.97694 -1.45847 -49.75433
v -4.75839 -0.99454 -49.75433
v -5.78785 -0.87471 -49.75433
v -5.78785 -0.87471 -50.35432
v -4.41246 -0.88701 -50.35432
v -4.41246 -0.88701 -49.75433
v -5.09735 -0.88088 -49.75433
v -5.09735 -0.88088 -50.35432
v -5.33043 -0.87880 -50.35432
v -5.33043 -0.87880 -49.75433
v -4.75491 -0.88394 -49.75433
v -4.75491 -0.88394 -50.35432
v -2.99552 -0.88701 -50.20432
v -2.99552 -0.99920 -50.20432
v -2.99552 -0.88701 -49.90432
v -2.99552 -0.99920 -49.90432
v -3.11585 -0.99920 -49.90432
v -3.11216 -0.88701 -49.90432
v -3.11216 -0.88701 -50.20432
v -3.11585 -0.99920 -50.20432
v -2.99552 -1.65875 -50.20432
v -2.99552 -1.65875 -49.90432
v -3.11585 -1.65875 -49.90432
v -3.11585 -1.65875 -50.20432
v -3.11585 -1.52374 -49.90432
v -2.99552 -1.52374 -49.90432
v -2.99552 -1.52374 -50.20432
v -3.11585 -1.52374 -50.20432
v -4.39368 -1.66659 -50.20432
v -4.39368 -1.66659 -49.90432
v -4.29799 -1.57135 -49.90432
v -4.29799 -1.57135 -50.20432
v -4.65032 -1.38102 -50.35432
v -4.65032 -1.38102 -49.75433
v -4.60440 -1.28578 -49.75433
v -4.60440 -1.28578 -50.35432
v -4.56297 -1.32439 -50.20432
v -4.56297 -1.32439 -49.90432
v -4.61562 -1.41963 -49.90432
v -4.61562 -1.41963 -50.20432
v -4.36763 -0.88701 -49.90432
v -4.36763 -0.88701 -50.20432
v -4.41104 -0.99920 -50.20432
v -4.41104 -0.99920 -49.90432
v -1.96797 -0.11314 -50.48202
v 3.20483 -0.11314 -50.48202
v -1.96797 -0.20717 -50.47276
v 3.20483 -0.20717 -50.47276
v -1.96797 -0.29759 -50.44533
v 3.20483 -0.29759 -50.44533
v -1.96797 -0.38093 -50.40079
v 3.20483 -0.38093 -50.40079
v -1.96797 -0.45397 -50.34084
v 3.20483 -0.45397 -50.34084
v -1.96797 -0.51392 -50.26780
v 3.20483 -0.51391 -50.26780
v -1.96797 -0.55846 -50.18447
v 3.20483 -0.55846 -50.18447
v -1.96797 -0.58589 -50.09404
v 3.20483 -0.58589 -50.09404
v -1.96797 -0.59515 -50.00001
v 3.20483 -0.59515 -50.00001
v -1.96797 -0.58589 -49.90597
v 3.20483 -0.58589 -49.90597
v -1.96797 -0.55846 -49.81555
v 3.20483 -0.55846 -49.81555
v -1.96797 -0.51392 -49.73222
v 3.20483 -0.51391 -49.73222
v -1.96797 -0.45397 -49.65918
v 3.20483 -0.45397 -49.65918
v -1.96797 -0.38093 -49.59923
v 3.20483 -0.38093 -49.59923
v -1.96797 -0.29759 -49.55469
v 3.20483 -0.29759 -49.55469
v -1.96797 -0.20717 -49.52726
v 3.20483 -0.20717 -49.52726
v -1.96797 -0.11314 -49.51800
v 3.20483 -0.11314 -49.51800
v -1.96797 -0.01910 -49.52726
v 3.20483 -0.01910 -49.52726
v -1.96797 0.07132 -49.55469
v 3.20483 0.07132 -49.55469
v -1.96797 0.15465 -49.59923
v 3.20483 0.15465 -49.59923
v -1.96797 0.22770 -49.65918
v 3.20483 0.22770 -49.65918
v -1.96797 0.28764 -49.73222
v 3.20483 0.28764 -49.73222
v -1.96797 0.33218 -49.81555
v 3.20483 0.33218 -49.81555
v -1.96797 0.35961 -49.90597
v 3.20483 0.35961 -49.90597
v -1.96797 0.36887 -50.00001
v 3.20483 0.36887 -50.00001
v -1.96797 0.35961 -50.09404
v 3.20483 0.35961 -50.09404
v -1.96797 0.33218 -50.18447
v 3.20483 0.33218 -50.18447
v -1.96797 0.28764 -50.26780
v 3.20483 0.28764 -50.26780
v -1.96797 0.22769 -50.34084
v 3.20483 0.22770 -50.34084
v -1.96797 0.15465 -50.40079
v 3.20483 0.15465 -50.40079
v -1.96797 0.07132 -50.44533
v 3.20483 0.07132 -50.44533
v -1.96797 -0.01910 -50.47276
v 3.20483 -0.01910 -50.47276
v 4.81947 -0.11314 -50.48202
v 9.66217 -0.11314 -50.48202
v 4.81947 -0.20717 -50.47276
v 9.66217 -0.20717 -50.47276
v 4.81947 -0.29759 -50.44533
v 9.66217 -0.29759 -50.44533
v 4.81947 -0.38093 -50.40079
v 9.66217 -0.38093 -50.40079
v 4.81947 -0.45397 -50.34084
v 9.66217 -0.45397 -50.34084
v 4.81947 -0.51392 -50.26780
v 9.66217 -0.51391 -50.26780
v 4.81947 -0.55846 -50.18447
v 9.66217 -0.55846 -50.18447
v 4.81947 -0.58589 -50.09404
v 9.66217 -0.58589 -50.09404
v 4.81947 -0.59515 -50.00001
v 9.66217 -0.59515 -50.00001
v 4.81947 -0.58589 -49.90597
v 9.66217 -0.58589 -49.90597
v 4.81947 -0.55846 -49.81555
v 9.66217 -0.55846 -49.81555
v 4.81947 -0.51392 -49.73222
v 9.66217 -0.51391 -49.73222
v 4.81947 -0.45397 -49.65918
v 9.66217 -0.45397 -49.65918
v 4.81947 -0.38093 -49.59923
v 9.66217 -0.38093 -49.59923
v 4.81947 -0.29759 -49.55469
v 9.66217 -0.29759 -49.55469
v 4.81947 -0.20717 -49.52726
v 9.66217 -0.20717 -49.52726
v 4.81947 -0.11314 -49.51800
v 9.66217 -0.11314 -49.51800
v 4.81947 -0.01910 -49.52726
v 9.66217 -0.01910 -49.52726
v 4.81947 0.07132 -49.55469
v 9.66217 0.07132 -49.55469
v 4.81947 0.15465 -49.59923
v 9.66217 0.15465 -49.59923
v 4.81947 0.22770 -49.65918
v 9.66217 0.22770 -49.65918
v 4.81947 0.28764 -49.73222
v 9.66217 0.28764 -49.73222
v 4.81947 0.33218 -49.81555
v 9.66217 0.33218 -49.81555
v 4.81947 0.35961 -49.90597
v 9.66217 0.35961 -49.90597
v 4.81947 0.36887 -50.00001
v 9.66217 0.36887 -50.00001
v 4.81947 0.35961 -50.09404
v 9.66217 0.35961 -50.09404
v 4.81947 0.33218 -50.18447
v 9.66217 0.33218 -50.18447
v 4.81947 0.28764 -50.26780
v 9.66217 0.28764 -50.26780
v 4.81947 0.22769 -50.34084
v 9.66217 0.22770 -50.34084
v 4.81947 0.15465 -50.40079
v 9.66217 0.15465 -50.40079
v 4.81947 0.07132 -50.44533
v 9.66217 0.07132 -50.44533
v 4.81947 -0.01910 -50.47276
v 9.66217 -0.01910 -50.47276
v -2.87953 0.39804 -49.60001
v -2.87953 0.65661 -49.60001
v -2.87953 0.39804 -50.40001
v -2.87953 0.65661 -50.40001
v 3.59853 0.39804 -49.60001
v 3.59853 0.65661 -49.60001
v 3.59853 0.39804 -50.40001
v 3.59853 0.65661 -50.40001
v 3.21873 0.39804 -50.40001
v 3.21873 0.65661 -50.40001
v 3.21873 0.39804 -49.60001
v 3.21873 0.65661 -49.60001
v 3.59853 -0.89939 -49.60001
v 3.59853 -0.89939 -50.40001
v 3.21873 -0.89939 -49.60001
v 3.21873 -0.89939 -50.40001
v 3.59853 -0.61662 -50.40001
v 3.21873 -0.61662 -50.40001
v 3.21873 -0.61661 -49.60001
v 3.59853 -0.61661 -49.60001
v -2.29993 -0.89939 -50.40001
v -2.29993 -0.89939 -49.60001
v -2.29993 -0.61661 -49.60001
v -2.29993 -0.61662 -50.40001
v -1.98436 -0.89939 -49.60001
v -1.98436 -0.89939 -50.40001
v -1.98436 -0.61661 -49.60001
v -1.98436 -0.61662 -50.40001
v -2.29993 0.39604 -50.40001
v -2.29993 0.39604 -49.60001
v -1.98436 0.39604 -49.60001
v -1.98436 0.39604 -50.40001
v -2.93910 -0.87628 -50.40001
v -2.93910 -0.87628 -49.60001
v -2.93910 -0.59351 -49.60001
v -2.93910 -0.59351 -50.40001
v -2.93910 0.41914 -50.40001
v -2.93910 0.41914 -49.60001
v -2.80861 0.64610 -49.90001
v -2.80861 0.88133 -49.90001
v -2.80861 0.64610 -50.10001
v -2.80861 0.88133 -50.10001
v -2.10972 0.64610 -49.90001
v -2.10972 0.89737 -49.90001
v -2.10972 0.64610 -50.10001
v -2.10972 0.89737 -50.10001
v -2.80861 0.78005 -49.90001
v -2.80861 0.78005 -50.10001
v -2.10972 0.78005 -50.10001
v -2.10972 0.78005 -49.90001
v -0.54710 0.78005 -50.10001
v -0.54710 0.64610 -50.10001
v -0.54710 0.64610 -49.90001
v -0.54710 0.78005 -49.90001
v -2.44622 0.64610 -50.10001
v -2.44622 0.89737 -50.10001
v -2.44622 0.64610 -49.90001
v -2.44622 0.89737 -49.90001
v -2.44622 0.78005 -49.90001
v -2.44622 0.78005 -50.10001
v -2.20678 0.89737 -50.10001
v -2.20678 0.64610 -49.90001
v -2.20678 0.78005 -50.10001
v -2.20678 0.64610 -50.10001
v -2.20678 0.89737 -49.90001
v -2.20678 0.78005 -49.90001
v -2.20678 1.44285 -49.90001
v -2.44622 1.44285 -49.90001
v -2.44622 1.44285 -50.10001
v -2.20678 1.44285 -50.10001
v -2.20678 1.32413 -49.90001
v -2.44622 1.32413 -49.90001
v -2.44622 1.32413 -50.10001
v -2.20678 1.32413 -50.10001
v -1.19285 1.44285 -50.10001
v -1.19285 1.44285 -49.90001
v -1.19285 1.32413 -49.90001
v -1.19285 1.32413 -50.10001
v -1.40978 0.78515 -49.95001
v -1.40978 1.14394 -49.95001
v -1.40978 0.78515 -50.05001
v -1.40978 1.14394 -50.05001
v -0.86442 0.78515 -49.95001
v -0.86442 1.14394 -49.95001
v -0.86442 0.78515 -50.05001
v -0.86442 1.14394 -50.05001
v -1.40978 1.06361 -49.95001
v -1.40978 1.06361 -50.05001
v -0.86442 1.06361 -50.05001
v -0.86442 1.06361 -49.95001
v -0.58366 1.14394 -50.05001
v -0.58366 1.14394 -49.95001
v -0.58366 1.06361 -50.05001
v -0.58366 1.06361 -49.95001
v -0.69974 1.14394 -49.95001
v -0.69974 1.14394 -50.05001
v -0.69974 1.06361 -50.05001
v -0.69974 1.06361 -49.95001
v -0.58366 1.25089 -50.05001
v -0.58366 1.25089 -49.95001
v -0.69974 1.25089 -49.95001
v -0.69974 1.25089 -50.05001
v -0.58366 1.19741 -49.95001
v -0.69974 1.19741 -49.95001
v -0.69974 1.19741 -50.05001
v -0.58366 1.19741 -50.05001
v 0.11311 1.24928 -50.05001
v 0.11311 1.24928 -49.95001
v 0.13139 1.19902 -49.95001
v 0.13139 1.19902 -50.05001
v 0.42210 1.39966 -50.05001
v 0.42210 1.39966 -49.95001
v 0.46948 1.37486 -49.95001
v 0.46948 1.37486 -50.05001
v 0.44356 1.42626 -50.05001
v 0.44356 1.42626 -49.95001
v 0.49550 1.43902 -49.95001
v 0.49550 1.43902 -50.05001
v 0.44414 2.25317 -50.05001
v 0.44414 2.25317 -49.95001
v 0.49492 2.26991 -49.95001
v 0.49492 2.26991 -50.05001
v 0.41403 2.35974 -50.05001
v 0.41403 2.35974 -49.95001
v 0.44620 2.40245 -49.95001
v 0.44620 2.40245 -50.05001
v 0.37328 2.39477 -50.05001
v 0.37328 2.39477 -49.95001
v 0.38024 2.44779 -49.95001
v 0.38024 2.44779 -50.05001
v 0.28181 2.40816 -50.05001
v 0.28181 2.40816 -49.95001
v 0.27168 2.46067 -49.95001
v 0.27168 2.46067 -50.05001
v 0.01231 2.40816 -50.05001
v 0.01231 2.40816 -49.95001
v 0.01231 2.46067 -49.95001
v 0.01231 2.46067 -50.05001
v 0.01231 2.33050 -50.24505
v 0.01231 2.33050 -49.75497
v 0.01231 2.56309 -49.75497
v 0.01231 2.56309 -50.24505
v -1.89251 2.33050 -50.24505
v -1.89251 2.33050 -49.75497
v -1.89251 2.56309 -49.75497
v -1.89251 2.56309 -50.24505
v 3.43161 0.42857 -50.12936
v 11.80692 0.42857 -50.12936
v 3.43161 0.40334 -50.12687
v 11.80692 0.40334 -50.12687
v 3.43161 0.37907 -50.11951
v 11.80692 0.37907 -50.11951
v 3.43161 0.35671 -50.10756
v 11.80692 0.35671 -50.10756
v 3.43161 0.33711 -50.09147
v 11.80692 0.33711 -50.09147
v 3.43161 0.32102 -50.07187
v 11.80692 0.32102 -50.07187
v 3.43161 0.30907 -50.04951
v 11.80692 0.30907 -50.04951
v 3.43161 0.30171 -50.02525
v 11.80692 0.30171 -50.02525
v 3.43161 0.29922 -50.00001
v 11.80692 0.29922 -50.00001
v 3.43161 0.30171 -49.97477
v 11.80692 0.30171 -49.97477
v 3.43161 0.30907 -49.95051
v 11.80692 0.30907 -49.95051
v 3.43161 0.32102 -49.92815
v 11.80692 0.32102 -49.92815
v 3.43161 0.33711 -49.90855
v 11.80692 0.33711 -49.90854
v 3.43161 0.35671 -49.89246
v 11.80692 0.35671 -49.89246
v 3.43161 0.37907 -49.88050
v 11.80692 0.37907 -49.88050
v 3.43161 0.40334 -49.87315
v 11.80692 0.40334 -49.87314
v 3.43161 0.42857 -49.87066
v 11.80692 0.42857 -49.87066
v 3.43161 0.45381 -49.87315
v 11.80692 0.45381 -49.87314
v 3.43161 0.47807 -49.88050
v 11.80692 0.47807 -49.88050
v 3.43161 0.50043 -49.89246
v 11.80692 0.50043 -49.89246
v 3.43161 0.52004 -49.90855
v 11.80692 0.52004 -49.90854
v 3.43161 0.53612 -49.92815
v 11.80692 0.53612 -49.92815
v 3.43161 0.54808 -49.95051
v 11.80692 0.54808 -49.95051
v 3.43161 0.55544 -49.97477
v 11.80692 0.55544 -49.97477
v 3.43161 0.55792 -50.00001
v 11.80692 0.55792 -50.00001
v 3.43161 0.55544 -50.02525
v 11.80692 0.55544 -50.02525
v 3.43161 0.54808 -50.04951
v 11.80692 0.54808 -50.04951
v 3.43161 0.53612 -50.07187
v 11.80692 0.53612 -50.07187
v 3.43161 0.52004 -50.09147
v 11.80692 0.52004 -50.09147
v 3.43161 0.50043 -50.10756
v 11.80692 0.50043 -50.10756
v 3.43161 0.47807 -50.11951
v 11.80692 0.47807 -50.11951
v 3.43161 0.45381 -50.12687
v 11.80692 0.45381 -50.12687
v 10.04698 0.42246 -50.05809
v 12.04698 0.42246 -50.05809
v 10.04698 0.38601 -50.05450
v 12.04698 0.38601 -50.05450
v 10.04698 0.35095 -50.04386
v 12.04698 0.35095 -50.04386
v 10.04698 0.31865 -50.02660
v 12.04698 0.31865 -50.02660
v 10.04698 0.29033 -50.00336
v 12.04698 0.29033 -50.00336
v 10.04698 0.26709 -49.97504
v 12.04698 0.26709 -49.97504
v 10.04698 0.24982 -49.94273
v 12.04698 0.24982 -49.94273
v 10.04698 0.23919 -49.90768
v 12.04698 0.23919 -49.90768
v 10.04698 0.23560 -49.87122
v 12.04698 0.23560 -49.87122
v 10.04698 0.23919 -49.83477
v 12.04698 0.23919 -49.83477
v 10.04698 0.24982 -49.79971
v 12.04698 0.24982 -49.79971
v 10.04698 0.26709 -49.76741
v 12.04698 0.26709 -49.76741
v 10.04698 0.29033 -49.73909
v 12.04698 0.29033 -49.73909
v 10.04698 0.31865 -49.71585
v 12.04698 0.31865 -49.71585
v 10.04698 0.35095 -49.69859
v 12.04698 0.35095 -49.69859
v 10.04698 0.38601 -49.68795
v 12.04698 0.38601 -49.68795
v 10.04698 0.42246 -49.68436
v 12.04698 0.42246 -49.68436
v 10.04698 0.45892 -49.68795
v 12.04698 0.45892 -49.68795
v 10.04698 0.49397 -49.69859
v 12.04698 0.49397 -49.69859
v 10.04698 0.52628 -49.71585
v 12.04698 0.52628 -49.71585
v 10.04698 0.55460 -49.73909
v 12.04698 0.55460 -49.73909
v 10.04698 0.57784 -49.76741
v 12.04698 0.57784 -49.76741
v 10.04698 0.59510 -49.79971
v 12.04698 0.59511 -49.79971
v 10.04698 0.60574 -49.83477
v 12.04698 0.60574 -49.83477
v 10.04698 0.60933 -49.87122
v 12.04698 0.60933 -49.87122
v 10.04698 0.60574 -49.90768
v 12.04698 0.60574 -49.90768
v 10.04698 0.59510 -49.94273
v 12.04698 0.59510 -49.94273
v 10.04698 0.57784 -49.97504
v 12.04698 0.57784 -49.97504
v 10.04698 0.55460 -50.00336
v 12.04698 0.55460 -50.00336
v 10.04698 0.52628 -50.02660
v 12.04698 0.52628 -50.02660
v 10.04698 0.49397 -50.04386
v 12.04698 0.49397 -50.04386
v 10.04698 0.45892 -50.05450
v 12.04698 0.45892 -50.05450
v 9.30832 0.42870 -49.95000
v 9.22168 2.07759 -49.95000
v 9.30832 0.42870 -50.05000
v 9.22168 2.07759 -50.05000
v 9.46960 0.42870 -49.95000
v 9.38297 2.07759 -49.95000
v 9.46960 0.42870 -50.05000
v 9.38297 2.07759 -50.05000
v 9.30294 0.55421 -49.95000
v 9.30294 0.55421 -50.05000
v 9.46423 0.55421 -50.05000
v 9.46423 0.55421 -49.95000
v 8.66659 0.42870 -50.05000
v 8.66659 0.42870 -49.95000
v 8.66121 0.55421 -50.05000
v 8.66121 0.55421 -49.95000
v 8.78956 0.55421 -49.95000
v 8.79493 0.42870 -49.95000
v 8.78956 0.55421 -50.05000
v 8.79493 0.42870 -50.05000
v 9.23815 2.07759 -49.95000
v 9.23815 2.07759 -50.05000
v 9.36650 2.07759 -49.95000
v 9.36650 2.07759 -50.05000
v 9.29996 1.11150 -49.95000
v 9.29996 1.11150 -50.05000
v 9.46124 1.11150 -50.05000
v 9.46124 1.11150 -49.95000
v 9.29883 1.38320 -49.95000
v 9.29883 1.38320 -50.05000
v 9.46011 1.38320 -50.05000
v 9.46011 1.38320 -49.95000
v 3.55356 -0.22999 -50.22886
v 4.84305 -0.22999 -50.22886
v 3.55356 -0.27463 -50.22446
v 4.84305 -0.27463 -50.22446
v 3.55356 -0.31756 -50.21144
v 4.84305 -0.31756 -50.21144
v 3.55356 -0.35712 -50.19029
v 4.84305 -0.35712 -50.19029
v 3.55356 -0.39180 -50.16183
v 4.84305 -0.39180 -50.16183
v 3.55356 -0.42026 -50.12715
v 4.84305 -0.42026 -50.12715
v 3.55356 -0.44140 -50.08759
v 4.84305 -0.44140 -50.08759
v 3.55356 -0.45443 -50.04466
v 4.84305 -0.45443 -50.04466
v 3.55356 -0.45882 -50.00002
v 4.84305 -0.45882 -50.00002
v 3.55356 -0.45443 -49.95538
v 4.84305 -0.45443 -49.95538
v 3.55356 -0.44140 -49.91244
v 4.84305 -0.44140 -49.91244
v 3.55356 -0.42026 -49.87288
v 4.84305 -0.42026 -49.87288
v 3.55356 -0.39180 -49.83821
v 4.84305 -0.39180 -49.83821
v 3.55356 -0.35712 -49.80975
v 4.84305 -0.35712 -49.80975
v 3.55356 -0.31756 -49.78860
v 4.84305 -0.31756 -49.78860
v 3.55356 -0.27463 -49.77558
v 4.84305 -0.27463 -49.77558
v 3.55356 -0.22999 -49.77118
v 4.84305 -0.22999 -49.77118
v 3.55356 -0.18534 -49.77558
v 4.84305 -0.18534 -49.77558
v 3.55356 -0.14241 -49.78860
v 4.84305 -0.14241 -49.78860
v 3.55356 -0.10285 -49.80975
v 4.84305 -0.10285 -49.80975
v 3.55356 -0.06817 -49.83821
v 4.84305 -0.06817 -49.83821
v 3.55356 -0.03972 -49.87288
v 4.84305 -0.03972 -49.87288
v 3.55356 -0.01857 -49.91244
v 4.84305 -0.01857 -49.91244
v 3.55356 -0.00555 -49.95538
v 4.84305 -0.00555 -49.95538
v 3.55356 -0.00115 -50.00002
v 4.84305 -0.00115 -50.00002
v 3.55356 -0.00555 -50.04466
v 4.84305 -0.00555 -50.04466
v 3.55356 -0.01857 -50.08759
v 4.84305 -0.01857 -50.08759
v 3.55356 -0.03972 -50.12716
v 4.84305 -0.03972 -50.12716
v 3.55356 -0.06817 -50.16183
v 4.84305 -0.06817 -50.16183
v 3.55356 -0.10285 -50.19029
v 4.84305 -0.10285 -50.19029
v 3.55356 -0.14242 -50.21144
v 4.84305 -0.14242 -50.21144
v 3.55356 -0.18534 -50.22446
v 4.84305 -0.18534 -50.22446
v 4.86512 -0.70702 -50.12205
v 9.12706 -0.70702 -50.12204
v 4.86512 -0.73082 -50.11970
v 9.12706 -0.73082 -50.11970
v 4.86512 -0.75372 -50.11275
v 9.12706 -0.75372 -50.11275
v 4.86512 -0.77481 -50.10148
v 9.12706 -0.77481 -50.10148
v 4.86512 -0.79331 -50.08630
v 9.12706 -0.79331 -50.08630
v 4.86512 -0.80848 -50.06781
v 9.12706 -0.80848 -50.06781
v 4.86512 -0.81976 -50.04671
v 9.12706 -0.81976 -50.04671
v 4.86512 -0.82670 -50.02382
v 9.12706 -0.82670 -50.02382
v 4.86512 -0.82905 -50.00001
v 9.12706 -0.82905 -50.00001
v 4.86512 -0.82670 -49.97621
v 9.12706 -0.82670 -49.97621
v 4.86512 -0.81976 -49.95332
v 9.12706 -0.81976 -49.95332
v 4.86512 -0.80848 -49.93222
v 9.12706 -0.80848 -49.93222
v 4.86512 -0.79331 -49.91373
v 9.12706 -0.79331 -49.91373
v 4.86512 -0.77481 -49.89855
v 9.12706 -0.77481 -49.89855
v 4.86512 -0.75372 -49.88728
v 9.12706 -0.75372 -49.88727
v 4.86512 -0.73082 -49.88033
v 9.12706 -0.73082 -49.88033
v 4.86512 -0.70702 -49.87798
v 9.12706 -0.70702 -49.87798
v 4.86512 -0.68321 -49.88033
v 9.12706 -0.68321 -49.88033
v 4.86512 -0.66032 -49.88728
v 9.12706 -0.66032 -49.88727
v 4.86512 -0.63922 -49.89855
v 9.12706 -0.63922 -49.89855
v 4.86512 -0.62073 -49.91373
v 9.12706 -0.62073 -49.91373
v 4.86512 -0.60555 -49.93222
v 9.12706 -0.60555 -49.93222
v 4.86512 -0.59428 -49.95332
v 9.12706 -0.59428 -49.95332
v 4.86512 -0.58733 -49.97621
v 9.12706 -0.58733 -49.97621
v 4.86512 -0.58499 -50.00001
v 9.12706 -0.58499 -50.00001
v 4.86512 -0.58733 -50.02382
v 9.12706 -0.58733 -50.02382
v 4.86512 -0.59428 -50.04671
v 9.12706 -0.59428 -50.04671
v 4.86512 -0.60555 -50.06781
v 9.12706 -0.60555 -50.06781
v 4.86512 -0.62073 -50.08630
v 9.12706 -0.62073 -50.08630
v 4.86512 -0.63922 -50.10148
v 9.12706 -0.63922 -50.10148
v 4.86512 -0.66032 -50.11275
v 9.12706 -0.66032 -50.11275
v 4.86512 -0.68321 -50.11970
v 9.12706 -0.68321 -50.11970
v 9.12706 -0.62048 -50.05277
v 9.12706 -0.60999 -50.05380
v 9.12706 -0.63057 -50.04970
v 9.12706 -0.63987 -50.04474
v 9.12706 -0.64802 -50.03804
v 9.12706 -0.65471 -50.02990
v 9.12706 -0.65968 -50.02060
v 9.12706 -0.66274 -50.01051
v 9.12706 -0.66377 -50.00001
v 9.12706 -0.66274 -49.98952
v 9.12706 -0.65968 -49.97944
v 9.12706 -0.65471 -49.97013
v 9.12706 -0.64802 -49.96199
v 9.12706 -0.63987 -49.95530
v 9.12706 -0.63057 -49.95032
v 9.12706 -0.62048 -49.94727
v 9.12706 -0.60999 -49.94623
v 9.12706 -0.59950 -49.94727
v 9.12706 -0.58941 -49.95032
v 9.12706 -0.58011 -49.95530
v 9.12706 -0.57196 -49.96199
v 9.12706 -0.56527 -49.97013
v 9.12706 -0.56030 -49.97944
v 9.12706 -0.55724 -49.98952
v 9.12706 -0.55620 -50.00001
v 9.12706 -0.55724 -50.01051
v 9.12706 -0.56030 -50.02060
v 9.12706 -0.56527 -50.02990
v 9.12706 -0.57196 -50.03804
v 9.12706 -0.58011 -50.04474
v 9.12706 -0.58941 -50.04970
v 9.12706 -0.59950 -50.05277
v 9.55214 -0.62048 -50.05277
v 9.55214 -0.60999 -50.05380
v 9.55214 -0.63057 -50.04970
v 9.55214 -0.63987 -50.04474
v 9.55214 -0.64802 -50.03804
v 9.55214 -0.65471 -50.02990
v 9.55214 -0.65968 -50.02060
v 9.55214 -0.66274 -50.01051
v 9.55214 -0.66377 -50.00001
v 9.55214 -0.66274 -49.98952
v 9.55214 -0.65968 -49.97944
v 9.55214 -0.65471 -49.97013
v 9.55214 -0.64802 -49.96199
v 9.55214 -0.63987 -49.95530
v 9.55214 -0.63057 -49.95032
v 9.55214 -0.62048 -49.94727
v 9.55214 -0.60999 -49.94623
v 9.55214 -0.59950 -49.94727
v 9.55214 -0.58941 -49.95032
v 9.55214 -0.58011 -49.95530
v 9.55214 -0.57196 -49.96199
v 9.55214 -0.56527 -49.97013
v 9.55214 -0.56030 -49.97944
v 9.55214 -0.55724 -49.98952
v 9.55214 -0.55620 -50.00001
v 9.55214 -0.55724 -50.01051
v 9.55214 -0.56030 -50.02060
v 9.55214 -0.56527 -50.02990
v 9.55214 -0.57196 -50.03804
v 9.55214 -0.58011 -50.04474
v 9.55214 -0.58941 -50.04970
v 9.55214 -0.59950 -50.05277
v 9.71386 -0.66615 -50.28238
v 9.71386 -0.60999 -50.28791
v 9.71386 -0.72016 -50.26599
v 9.71386 -0.76993 -50.23939
v 9.71386 -0.81356 -50.20359
v 9.71386 -0.84936 -50.15996
v 9.71386 -0.87597 -50.11019
v 9.71386 -0.89235 -50.05618
v 9.71386 -0.89788 -50.00001
v 9.71386 -0.89235 -49.94385
v 9.71386 -0.87597 -49.88984
v 9.71386 -0.84936 -49.84007
v 9.71386 -0.81356 -49.79644
v 9.71386 -0.76993 -49.76064
v 9.71386 -0.72016 -49.73403
v 9.71386 -0.66615 -49.71765
v 9.71386 -0.60999 -49.71212
v 9.71386 -0.55382 -49.71765
v 9.71386 -0.49982 -49.73403
v 9.71386 -0.45004 -49.76064
v 9.71386 -0.40642 -49.79644
v 9.71386 -0.37061 -49.84007
v 9.71386 -0.34401 -49.88984
v 9.71386 -0.32762 -49.94385
v 9.71386 -0.32209 -50.00001
v 9.71386 -0.32762 -50.05618
v 9.71386 -0.34401 -50.11019
v 9.71386 -0.37061 -50.15996
v 9.71386 -0.40642 -50.20359
v 9.71386 -0.45004 -50.23939
v 9.71386 -0.49982 -50.26599
v 9.71386 -0.55382 -50.28238
v 10.08811 -0.66615 -50.28238
v 10.08811 -0.60999 -50.28791
v 10.08811 -0.72016 -50.26599
v 10.08811 -0.76993 -50.23939
v 10.08811 -0.81356 -50.20359
v 10.08811 -0.84936 -50.15996
v 10.08811 -0.87597 -50.11019
v 10.08811 -0.89235 -50.05618
v 10.08811 -0.89788 -50.00001
v 10.08811 -0.89235 -49.94385
v 10.08811 -0.87597 -49.88984
v 10.08811 -0.84936 -49.84007
v 10.08811 -0.81356 -49.79644
v 10.08811 -0.76993 -49.76064
v 10.08811 -0.72016 -49.73403
v 10.08811 -0.66615 -49.71765
v 10.08811 -0.60999 -49.71212
v 10.08811 -0.55382 -49.71765
v 10.08811 -0.49981 -49.73403
v 10.08811 -0.45004 -49.76064
v 10.08811 -0.40642 -49.79644
v 10.08811 -0.37061 -49.84007
v 10.08811 -0.34401 -49.88984
v 10.08811 -0.32762 -49.94385
v 10.08811 -0.32209 -50.00001
v 10.08811 -0.32762 -50.05618
v 10.08811 -0.34401 -50.11019
v 10.08811 -0.37061 -50.15996
v 10.08811 -0.40642 -50.20359
v 10.08811 -0.45004 -50.23939
v 10.08811 -0.49982 -50.26599
v 10.08811 -0.55382 -50.28238
v 10.16204 -0.65055 -50.20392
v 10.16204 -0.60999 -50.20792
v 10.16204 -0.68955 -50.19209
v 10.16204 -0.72549 -50.17288
v 10.16204 -0.75700 -50.14703
v 10.16204 -0.78285 -50.11552
v 10.16204 -0.80207 -50.07957
v 10.16204 -0.81390 -50.04057
v 10.16204 -0.81789 -50.00001
v 10.16204 -0.81390 -49.95945
v 10.16204 -0.80207 -49.92045
v 10.16204 -0.78285 -49.88451
v 10.16204 -0.75700 -49.85300
v 10.16204 -0.72549 -49.82715
v 10.16204 -0.68955 -49.80794
v 10.16204 -0.65055 -49.79610
v 10.16204 -0.60999 -49.79211
v 10.16204 -0.56943 -49.79610
v 10.16204 -0.53043 -49.80794
v 10.16204 -0.49448 -49.82715
v 10.16204 -0.46298 -49.85300
v 10.16204 -0.43712 -49.88451
v 10.16204 -0.41791 -49.92045
v 10.16204 -0.40608 -49.95945
v 10.16204 -0.40208 -50.00001
v 10.16204 -0.40608 -50.04058
v 10.16204 -0.41791 -50.07957
v 10.16204 -0.43712 -50.11552
v 10.16204 -0.46298 -50.14703
v 10.16204 -0.49448 -50.17288
v 10.16204 -0.53043 -50.19209
v 10.16204 -0.56943 -50.20392
v 10.16204 -0.63627 -50.13215
v 10.16204 -0.60999 -50.13474
v 10.16204 -0.66154 -50.12448
v 10.16204 -0.68484 -50.11203
v 10.16204 -0.70525 -50.09528
v 10.16204 -0.72201 -50.07486
v 10.16204 -0.73446 -50.05157
v 10.16204 -0.74212 -50.02630
v 10.16204 -0.74471 -50.00001
v 10.16204 -0.74212 -49.97373
v 10.16204 -0.73446 -49.94846
v 10.16204 -0.72201 -49.92517
v 10.16204 -0.70525 -49.90475
v 10.16204 -0.68484 -49.88799
v 10.16204 -0.66154 -49.87555
v 10.16204 -0.63627 -49.86788
v 10.16204 -0.60999 -49.86529
v 10.16204 -0.58370 -49.86788
v 10.16204 -0.55843 -49.87555
v 10.16204 -0.53514 -49.88799
v 10.16204 -0.51472 -49.90475
v 10.16204 -0.49797 -49.92517
v 10.16204 -0.48552 -49.94846
v 10.16204 -0.47785 -49.97373
v 10.16204 -0.47526 -50.00001
v 10.16204 -0.47785 -50.02630
v 10.16204 -0.48552 -50.05157
v 10.16204 -0.49797 -50.07486
v 10.16204 -0.51472 -50.09528
v 10.16204 -0.53514 -50.11203
v 10.16204 -0.55843 -50.12448
v 10.16204 -0.58370 -50.13215
v 10.55016 -0.63627 -50.13215
v 10.55016 -0.60999 -50.13474
v 10.55016 -0.66154 -50.12448
v 10.55016 -0.68484 -50.11203
v 10.55016 -0.70525 -50.09528
v 10.55016 -0.72201 -50.07486
v 10.55016 -0.73446 -50.05157
v 10.55016 -0.74212 -50.02630
v 10.55016 -0.74471 -50.00001
v 10.55016 -0.74212 -49.97373
v 10.55016 -0.73446 -49.94846
v 10.55016 -0.72201 -49.92517
v 10.55016 -0.70525 -49.90475
v 10.55016 -0.68484 -49.88799
v 10.55016 -0.66154 -49.87555
v 10.55016 -0.63627 -49.86788
v 10.55016 -0.60999 -49.86529
v 10.55016 -0.58370 -49.86788
v 10.55016 -0.55843 -49.87555
v 10.55016 -0.53514 -49.88799
v 10.55016 -0.51472 -49.90475
v 10.55016 -0.49797 -49.92517
v 10.55016 -0.48552 -49.94846
v 10.55016 -0.47785 -49.97373
v 10.55016 -0.47526 -50.00001
v 10.55016 -0.47785 -50.02630
v 10.55016 -0.48552 -50.05157
v 10.55016 -0.49797 -50.07486
v 10.55016 -0.51472 -50.09528
v 10.55016 -0.53514 -50.11203
v 10.55016 -0.55843 -50.12448
v 10.55016 -0.58370 -50.13215
v 9.85968 0.43466 -50.12932
v 9.85968 -0.51555 -50.12932
v 9.83445 0.43466 -50.12684
v 9.83445 -0.51555 -50.12684
v 9.81018 0.43466 -50.11948
v 9.81018 -0.51555 -50.11948
v 9.78782 0.43466 -50.10753
v 9.78782 -0.51555 -50.10753
v 9.76822 0.43466 -50.09144
v 9.76822 -0.51555 -50.09144
v 9.75213 0.43466 -50.07184
v 9.75213 -0.51555 -50.07184
v 9.74018 0.43466 -50.04947
v 9.74018 -0.51555 -50.04947
v 9.73282 0.43466 -50.02521
v 9.73282 -0.51555 -50.02521
v 9.73033 0.43466 -49.99997
v 9.73033 -0.51555 -49.99997
v 9.73282 0.43466 -49.97474
v 9.73282 -0.51555 -49.97474
v 9.74018 0.43466 -49.95047
v 9.74018 -0.51555 -49.95047
v 9.75213 0.43466 -49.92811
v 9.75213 -0.51555 -49.92811
v 9.76822 0.43466 -49.90851
v 9.76822 -0.51555 -49.90851
v 9.78782 0.43466 -49.89242
v 9.78782 -0.51555 -49.89242
v 9.81018 0.43466 -49.88047
v 9.81018 -0.51555 -49.88047
v 9.83445 0.43466 -49.87311
v 9.83445 -0.51555 -49.87311
v 9.85968 0.43466 -49.87062
v 9.85968 -0.51555 -49.87062
v 9.88492 0.43466 -49.87311
v 9.88492 -0.51555 -49.87311
v 9.90918 0.43466 -49.88047
v 9.90918 -0.51555 -49.88047
v 9.93155 0.43466 -49.89242
v 9.93155 -0.51555 -49.89242
v 9.95115 0.43466 -49.90851
v 9.95115 -0.51555 -49.90851
v 9.96724 0.43466 -49.92811
v 9.96724 -0.51555 -49.92811
v 9.97919 0.43466 -49.95047
v 9.97919 -0.51555 -49.95047
v 9.98655 0.43466 -49.97474
v 9.98655 -0.51555 -49.97474
v 9.98903 0.43466 -49.99997
v 9.98903 -0.51555 -49.99997
v 9.98655 0.43466 -50.02521
v 9.98655 -0.51555 -50.02521
v 9.97919 0.43466 -50.04947
v 9.97919 -0.51555 -50.04947
v 9.96724 0.43466 -50.07184
v 9.96724 -0.51555 -50.07184
v 9.95115 0.43466 -50.09144
v 9.95115 -0.51555 -50.09144
v 9.93155 0.43466 -50.10753
v 9.93155 -0.51555 -50.10753
v 9.90918 0.43466 -50.11948
v 9.90918 -0.51555 -50.11948
v 9.88492 0.43466 -50.12684
v 9.88492 -0.51555 -50.12684
v 3.28291 -0.09557 -49.89999
v 3.28291 0.33043 -49.89999
v 3.28291 -0.09557 -50.09998
v 3.28291 0.33043 -50.09998
v 4.87256 -0.09557 -49.89999
v 4.87256 0.33043 -49.89999
v 4.87256 -0.09557 -50.09998
v 4.87256 0.33043 -50.09998
v 3.53066 -0.83946 -49.89999
v 3.53066 -0.41346 -49.89999
v 3.53066 -0.83946 -50.09998
v 3.53066 -0.41346 -50.09998
v 5.10148 -0.83946 -49.89999
v 5.10148 -0.41346 -49.89999
v 5.10148 -0.83946 -50.09998
v 5.10148 -0.41346 -50.09998
v -1.03007 0.62700 -49.89357
v -1.03007 0.90928 -49.89357
v -1.03007 0.62700 -50.10645
v -1.03007 0.90928 -50.10645
v 3.66917 0.62700 -49.89357
v 3.66917 0.90928 -49.89357
v 3.66917 0.62700 -50.10645
v 3.66917 0.90928 -50.10645
v -4.24307 -1.48125 -49.94999
v -4.55565 -0.96961 -49.94999
v -4.24307 -1.48125 -50.04999
v -4.55565 -0.96961 -50.04999
v -4.04400 -1.47352 -49.94999
v -4.04400 -0.96961 -49.94999
v -4.04400 -1.47352 -50.04999
v -4.04400 -0.96961 -50.04999
v -4.55565 -1.03938 -49.94999
v -4.55565 -1.03938 -50.04999
v -4.04400 -1.03938 -50.04999
v -4.04400 -1.03938 -49.94999
v -4.55565 -1.06739 -50.04999
v -4.34265 -1.06739 -50.04999
v -4.34265 -1.06739 -49.94999
v -4.55565 -1.06739 -49.94999
v -4.53398 -1.27432 -50.04999
v -4.34342 -1.27432 -50.04999
v -4.34342 -1.27432 -49.94999
v -4.53398 -1.27432 -49.94999
v -4.55565 -1.17085 -49.94999
v -4.55565 -1.17085 -50.04999
v -4.38249 -1.17085 -50.04999
v -4.38249 -1.17085 -49.94999
v -4.41793 -1.37779 -50.04999
v -4.20996 -1.37779 -50.04999
v -4.20996 -1.37779 -49.94999
v -4.41793 -1.37779 -49.94999
v -4.55565 -1.11912 -49.94999
v -4.55565 -1.11912 -50.04999
v -4.36876 -1.11912 -50.04999
v -4.36876 -1.11912 -49.94999
v -4.54946 -1.22259 -50.04999
v -4.36528 -1.22259 -50.04999
v -4.36528 -1.22259 -49.94999
v -4.54946 -1.22259 -49.94999
v -4.48601 -1.32605 -49.94999
v -4.48601 -1.32605 -50.04999
v -4.27823 -1.32605 -50.04999
v -4.27823 -1.32605 -49.94999
v -4.33437 -1.42952 -50.04999
v -4.11073 -1.42952 -50.04999
v -4.11073 -1.42952 -49.94999
v -4.33437 -1.42952 -49.94999
vt 0.37500 0.00000
vt 0.62500 0.00000
vt 0.62500 0.25000
vt 0.37500 0.25000
vt 0.37500 0.44540
vt 0.62500 0.44540
vt 0.62500 0.50000
vt 0.37500 0.50000
vt 0.62500 0.75000
vt 0.37500 0.75000
vt 0.37500 0.98951
vt 0.62500 0.98951
vt 0.62500 1.00000
vt 0.37500 1.00000
vt 0.32040 0.50000
vt 0.32040 0.75000
vt 0.86451 0.50000
vt 0.87500 0.50000
vt 0.87500 0.75000
vt 0.86451 0.75000
vt 0.69267 0.50000
vt 0.73144 0.50000
vt 0.73144 0.75000
vt 0.69267 0.75000
vt 0.24836 0.50000
vt 0.26856 0.50000
vt 0.26856 0.75000
vt 0.24836 0.75000
vt 0.37500 0.81767
vt 0.62500 0.81767
vt 0.62500 0.85644
vt 0.37500 0.85644
vt 0.37500 0.37336
vt 0.62500 0.37336
vt 0.62500 0.39356
vt 0.37500 0.39356
vt 0.37500 0.31625
vt 0.62500 0.31625
vt 0.62500 0.33055
vt 0.37500 0.33055
vt 0.19125 0.50000
vt 0.20555 0.50000
vt 0.20555 0.75000
vt 0.19125 0.75000
vt 0.75390 0.50000
vt 0.79445 0.50000
vt 0.79445 0.75000
vt 0.75390 0.75000
vt 0.37500 0.87890
vt 0.62500 0.87890
vt 0.62500 0.91945
vt 0.37500 0.91945
vt 0.62500 0.80460
vt 0.37500 0.80460
vt 0.67960 0.50000
vt 0.67960 0.75000
vt 0.30733 0.50000
vt 0.30733 0.75000
vt 0.37500 0.43233
vt 0.62500 0.43233
vt 0.12500 0.50000
vt 0.13549 0.50000
vt 0.13549 0.75000
vt 0.12500 0.75000
vt 0.62500 0.26049
vt 0.37500 0.26049
vt 0.86284 0.50000
vt 0.86284 0.75000
vt 0.37500 0.98784
vt 0.62500 0.98784
vt 0.37500 0.96717
vt 0.62500 0.96717
vt 0.84217 0.50000
vt 0.84217 0.75000
vt 0.13716 0.50000
vt 0.13716 0.75000
vt 0.62500 0.26216
vt 0.37500 0.26216
vt 0.80875 0.50000
vt 0.84065 0.50000
vt 0.84065 0.75000
vt 0.80875 0.75000
vt 0.37500 0.93375
vt 0.62500 0.93375
vt 0.62500 0.96565
vt 0.37500 0.96565
vt 0.15783 0.50000
vt 0.15935 0.50000
vt 0.15935 0.75000
vt 0.15783 0.75000
vt 0.37500 0.28283
vt 0.62500 0.28283
vt 0.62500 0.28435
vt 0.37500 0.28435
vt 0.37500 0.87664
vt 0.62500 0.87664
vt 0.75164 0.50000
vt 0.75164 0.75000
vt 0.62500 0.37110
vt 0.37500 0.37110
vt 0.24610 0.50000
vt 0.24610 0.75000
vt 0.37500 0.00000
vt 0.62500 0.00000
vt 0.62500 0.25000
vt 0.37500 0.25000
vt 0.43398 0.25000
vt 0.62500 0.25000
vt 0.62500 0.50000
vt 0.43398 0.50000
vt 0.62500 0.75000
vt 0.43398 0.75000
vt 0.37500 0.75000
vt 0.62500 0.75000
vt 0.62500 1.00000
vt 0.37500 1.00000
vt 0.18398 0.50000
vt 0.37500 0.50000
vt 0.37500 0.75000
vt 0.18398 0.75000
vt 0.68398 0.50000
vt 0.87500 0.50000
vt 0.87500 0.75000
vt 0.68398 0.75000
vt 0.62500 0.50000
vt 0.63731 0.50000
vt 0.63731 0.75000
vt 0.12500 0.50000
vt 0.13731 0.50000
vt 0.13731 0.75000
vt 0.12500 0.75000
vt 0.37500 0.50000
vt 0.38732 0.50000
vt 0.38732 0.75000
vt 0.37500 0.25000
vt 0.38732 0.25000
vt 0.64840 0.50000
vt 0.64840 0.75000
vt 0.14840 0.50000
vt 0.14840 0.75000
vt 0.39840 0.50000
vt 0.39840 0.75000
vt 0.39840 0.25000
vt 0.66749 0.50000
vt 0.66749 0.75000
vt 0.16749 0.50000
vt 0.16749 0.75000
vt 0.41749 0.50000
vt 0.41749 0.75000
vt 0.41749 0.25000
vt 0.37500 0.00000
vt 0.62500 0.00000
vt 0.62500 0.25000
vt 0.37500 0.25000
vt 0.37500 0.45326
vt 0.62500 0.45326
vt 0.62500 0.50000
vt 0.37500 0.50000
vt 0.62500 0.75000
vt 0.37500 0.75000
vt 0.37500 0.94218
vt 0.62500 0.94218
vt 0.62500 1.00000
vt 0.37500 1.00000
vt 0.32826 0.50000
vt 0.32826 0.75000
vt 0.81718 0.50000
vt 0.87500 0.50000
vt 0.87500 0.75000
vt 0.81718 0.75000
vt 0.75895 0.50000
vt 0.75895 0.75000
vt 0.12500 0.50000
vt 0.18282 0.50000
vt 0.18282 0.75000
vt 0.12500 0.75000
vt 0.37500 0.88395
vt 0.62500 0.88395
vt 0.62500 0.30782
vt 0.37500 0.30782
vt 0.37500 0.79673
vt 0.62500 0.79673
vt 0.62500 0.81598
vt 0.37500 0.81598
vt 0.67173 0.50000
vt 0.69098 0.50000
vt 0.69098 0.75000
vt 0.67173 0.75000
vt 0.27815 0.50000
vt 0.30902 0.50000
vt 0.30902 0.75000
vt 0.27815 0.75000
vt 0.37500 0.40315
vt 0.62500 0.40315
vt 0.62500 0.43402
vt 0.37500 0.43402
vt 0.37500 0.36605
vt 0.62500 0.36605
vt 0.62500 0.36964
vt 0.37500 0.36964
vt 0.24105 0.50000
vt 0.24464 0.50000
vt 0.24464 0.75000
vt 0.24105 0.75000
vt 0.37500 0.84978
vt 0.62500 0.84978
vt 0.62500 0.88036
vt 0.37500 0.88036
vt 0.72478 0.50000
vt 0.75536 0.50000
vt 0.75536 0.75000
vt 0.72478 0.75000
vt 0.72185 0.50000
vt 0.72185 0.75000
vt 0.37500 0.84685
vt 0.62500 0.84685
vt 0.62500 0.40022
vt 0.37500 0.40022
vt 0.27522 0.50000
vt 0.27522 0.75000
vt 0.59794 0.00000
vt 0.62500 0.00000
vt 0.62500 0.25000
vt 0.59794 0.25000
vt 0.59794 0.43776
vt 0.62500 0.43776
vt 0.62500 0.50000
vt 0.59794 0.50000
vt 0.62500 0.75000
vt 0.59794 0.75000
vt 0.59794 0.91686
vt 0.62500 0.91686
vt 0.62500 1.00000
vt 0.59794 1.00000
vt 0.31276 0.50000
vt 0.37500 0.50000
vt 0.37500 0.75000
vt 0.31276 0.75000
vt 0.79186 0.50000
vt 0.87500 0.50000
vt 0.87500 0.75000
vt 0.79186 0.75000
vt 0.37500 0.91686
vt 0.43089 0.91686
vt 0.43089 1.00000
vt 0.37500 1.00000
vt 0.43089 0.50000
vt 0.43089 0.75000
vt 0.37500 0.43776
vt 0.43089 0.43776
vt 0.37500 0.00000
vt 0.43089 0.00000
vt 0.43089 0.25000
vt 0.37500 0.25000
vt 0.51961 0.91686
vt 0.51961 1.00000
vt 0.51961 0.50000
vt 0.51961 0.75000
vt 0.51961 0.43776
vt 0.51961 0.00000
vt 0.51961 0.25000
vt 0.58381 0.91686
vt 0.58381 1.00000
vt 0.58381 0.50000
vt 0.58381 0.75000
vt 0.58381 0.43776
vt 0.58381 0.00000
vt 0.58381 0.25000
vt 0.51961 0.33314
vt 0.58381 0.33314
vt 0.58381 0.37551
vt 0.51961 0.37551
vt 0.51961 0.81224
vt 0.58381 0.81224
vt 0.58381 0.87449
vt 0.51961 0.87449
vt 0.43089 0.33314
vt 0.43089 0.37551
vt 0.43089 0.81224
vt 0.43089 0.87449
vt 0.37500 0.33314
vt 0.37500 0.37551
vt 0.37500 0.81224
vt 0.37500 0.87449
vt 0.68724 0.50000
vt 0.74949 0.50000
vt 0.74949 0.75000
vt 0.68724 0.75000
vt 0.20814 0.50000
vt 0.25051 0.50000
vt 0.25051 0.75000
vt 0.20814 0.75000
vt 0.59794 0.81224
vt 0.62500 0.81224
vt 0.62500 0.87449
vt 0.59794 0.87449
vt 0.59794 0.33314
vt 0.62500 0.33314
vt 0.62500 0.37551
vt 0.59794 0.37551
vt 0.12500 0.50000
vt 0.12500 0.75000
vt 0.59794 0.75000
vt 0.58381 0.75000
vt 0.58381 0.75000
vt 0.59794 0.75000
vt 0.58381 0.50000
vt 0.59794 0.50000
vt 0.59794 0.50000
vt 0.58381 0.50000
vt 0.58381 0.75000
vt 0.58381 0.75000
vt 0.58381 0.75000
vt 0.58381 0.75000
vt 0.58381 0.75000
vt 0.58381 0.50000
vt 0.59794 0.50000
vt 0.59794 0.75000
vt 0.58381 0.50000
vt 0.58381 0.50000
vt 0.58381 0.50000
vt 0.58381 0.50000
vt 0.58381 0.75000
vt 0.58381 0.50000
vt 0.58381 0.75000
vt 0.58381 0.50000
vt 0.58381 0.50000
vt 0.58381 0.75000
vt 0.58381 0.50000
vt 0.58381 0.75000
vt 0.58381 0.50000
vt 0.58381 0.75000
vt 0.58381 0.75000
vt 0.58381 0.50000
vt 1.00000 0.50000
vt 1.00000 1.00000
vt 0.96875 1.00000
vt 0.96875 0.50000
vt 0.93750 1.00000
vt 0.93750 0.50000
vt 0.90625 1.00000
vt 0.90625 0.50000
vt 0.87500 1.00000
vt 0.87500 0.50000
vt 0.84375 1.00000
vt 0.84375 0.50000
vt 0.81250 1.00000
vt 0.81250 0.50000
vt 0.78125 1.00000
vt 0.78125 0.50000
vt 0.75000 1.00000
vt 0.75000 0.50000
vt 0.71875 1.00000
vt 0.71875 0.50000
vt 0.68750 1.00000
vt 0.68750 0.50000
vt 0.65625 1.00000
vt 0.65625 0.50000
vt 0.62500 1.00000
vt 0.62500 0.50000
vt 0.59375 1.00000
vt 0.59375 0.50000
vt 0.56250 1.00000
vt 0.56250 0.50000
vt 0.53125 1.00000
vt 0.53125 0.50000
vt 0.50000 1.00000
vt 0.50000 0.50000
vt 0.46875 1.00000
vt 0.46875 0.50000
vt 0.43750 1.00000
vt 0.43750 0.50000
vt 0.40625 1.00000
vt 0.40625 0.50000
vt 0.37500 1.00000
vt 0.37500 0.50000
vt 0.34375 1.00000
vt 0.34375 0.50000
vt 0.31250 1.00000
vt 0.31250 0.50000
vt 0.28125 1.00000
vt 0.28125 0.50000
vt 0.25000 1.00000
vt 0.25000 0.50000
vt 0.21875 1.00000
vt 0.21875 0.50000
vt 0.18750 1.00000
vt 0.18750 0.50000
vt 0.15625 1.00000
vt 0.15625 0.50000
vt 0.12500 1.00000
vt 0.12500 0.50000
vt 0.09375 1.00000
vt 0.09375 0.50000
vt 0.06250 1.00000
vt 0.06250 0.50000
vt 0.29682 0.48539
vt 0.25000 0.49000
vt 0.20318 0.48539
vt 0.15816 0.47173
vt 0.11666 0.44955
vt 0.08030 0.41971
vt 0.05045 0.38334
vt 0.02827 0.34184
vt 0.01461 0.29682
vt 0.01000 0.25000
vt 0.01461 0.20318
vt 0.02827 0.15816
vt 0.05045 0.11666
vt 0.08029 0.08029
vt 0.11666 0.05045
vt 0.15816 0.02827
vt 0.20318 0.01461
vt 0.25000 0.01000
vt 0.29682 0.01461
vt 0.34184 0.02827
vt 0.38334 0.05045
vt 0.41971 0.08029
vt 0.44955 0.11666
vt 0.47173 0.15816
vt 0.48539 0.20318
vt 0.49000 0.25000
vt 0.48539 0.29682
vt 0.47173 0.34184
vt 0.44955 0.38334
vt 0.41971 0.41971
vt 0.38334 0.44955
vt 0.34184 0.47173
vt 0.03125 1.00000
vt 0.03125 0.50000
vt 0.00000 1.00000
vt 0.00000 0.50000
vt 0.75000 0.49000
vt 0.79682 0.48539
vt 0.84184 0.47173
vt 0.88334 0.44955
vt 0.91971 0.41971
vt 0.94955 0.38334
vt 0.97173 0.34184
vt 0.98539 0.29682
vt 0.99000 0.25000
vt 0.98539 0.20318
vt 0.97173 0.15816
vt 0.94955 0.11666
vt 0.91971 0.08029
vt 0.88334 0.05045
vt 0.84184 0.02827
vt 0.79682 0.01461
vt 0.75000 0.01000
vt 0.70318 0.01461
vt 0.65816 0.02827
vt 0.61666 0.05045
vt 0.58029 0.08029
vt 0.55045 0.11666
vt 0.52827 0.15816
vt 0.51461 0.20318
vt 0.51000 0.25000
vt 0.51461 0.29682
vt 0.52827 0.34184
vt 0.55045 0.38334
vt 0.58030 0.41971
vt 0.61666 0.44955
vt 0.65816 0.47173
vt 0.70318 0.48539
vt 1.00000 0.50000
vt 1.00000 1.00000
vt 0.96875 1.00000
vt 0.96875 0.50000
vt 0.93750 1.00000
vt 0.93750 0.50000
vt 0.90625 1.00000
vt 0.90625 0.50000
vt 0.87500 1.00000
vt 0.87500 0.50000
vt 0.84375 1.00000
vt 0.84375 0.50000
vt 0.81250 1.00000
vt 0.81250 0.50000
vt 0.78125 1.00000
vt 0.78125 0.50000
vt 0.75000 1.00000
vt 0.75000 0.50000
vt 0.71875 1.00000
vt 0.71875 0.50000
vt 0.68750 1.00000
vt 0.68750 0.50000
vt 0.65625 1.00000
vt 0.65625 0.50000
vt 0.62500 1.00000
vt 0.62500 0.50000
vt 0.59375 1.00000
vt 0.59375 0.50000
vt 0.56250 1.00000
vt 0.56250 0.50000
vt 0.53125 1.00000
vt 0.53125 0.50000
vt 0.50000 1.00000
vt 0.50000 0.50000
vt 0.46875 1.00000
vt 0.46875 0.50000
vt 0.43750 1.00000
vt 0.43750 0.50000
vt 0.40625 1.00000
vt 0.40625 0.50000
vt 0.37500 1.00000
vt 0.37500 0.50000
vt 0.34375 1.00000
vt 0.34375 0.50000
vt 0.31250 1.00000
vt 0.31250 0.50000
vt 0.28125 1.00000
vt 0.28125 0.50000
vt 0.25000 1.00000
vt 0.25000 0.50000
vt 0.21875 1.00000
vt 0.21875 0.50000
vt 0.18750 1.00000
vt 0.18750 0.50000
vt 0.15625 1.00000
vt 0.15625 0.50000
vt 0.12500 1.00000
vt 0.12500 0.50000
vt 0.09375 1.00000
vt 0.09375 0.50000
vt 0.06250 1.00000
vt 0.06250 0.50000
vt 0.29682 0.48539
vt 0.25000 0.49000
vt 0.20318 0.48539
vt 0.15816 0.47173
vt 0.11666 0.44955
vt 0.08030 0.41971
vt 0.05045 0.38334
vt 0.02827 0.34184
vt 0.01461 0.29682
vt 0.01000 0.25000
vt 0.01461 0.20318
vt 0.02827 0.15816
vt 0.05045 0.11666
vt 0.08029 0.08029
vt 0.11666 0.05045
vt 0.15816 0.02827
vt 0.20318 0.01461
vt 0.25000 0.01000
vt 0.29682 0.01461
vt 0.34184 0.02827
vt 0.38334 0.05045
vt 0.41971 0.08029
vt 0.44955 0.11666
vt 0.47173 0.15816
vt 0.48539 0.20318
vt 0.49000 0.25000
vt 0.48539 0.29682
vt 0.47173 0.34184
vt 0.44955 0.38334
vt 0.41971 0.41971
vt 0.38334 0.44955
vt 0.34184 0.47173
vt 0.03125 1.00000
vt 0.03125 0.50000
vt 0.00000 1.00000
vt 0.00000 0.50000
vt 0.75000 0.49000
vt 0.79682 0.48539
vt 0.84184 0.47173
vt 0.88334 0.44955
vt 0.91971 0.41971
vt 0.94955 0.38334
vt 0.97173 0.34184
vt 0.98539 0.29682
vt 0.99000 0.25000
vt 0.98539 0.20318
vt 0.97173 0.15816
vt 0.94955 0.11666
vt 0.91971 0.08029
vt 0.88334 0.05045
vt 0.84184 0.02827
vt 0.79682 0.01461
vt 0.75000 0.01000
vt 0.70318 0.01461
vt 0.65816 0.02827
vt 0.61666 0.05045
vt 0.58029 0.08029
vt 0.55045 0.11666
vt 0.52827 0.15816
vt 0.51461 0.20318
vt 0.51000 0.25000
vt 0.51461 0.29682
vt 0.52827 0.34184
vt 0.55045 0.38334
vt 0.58030 0.41971
vt 0.61666 0.44955
vt 0.65816 0.47173
vt 0.70318 0.48539
vt 0.37500 0.00000
vt 0.62500 0.00000
vt 0.62500 0.25000
vt 0.37500 0.25000
vt 0.37500 0.48534
vt 0.62500 0.48534
vt 0.62500 0.50000
vt 0.37500 0.50000
vt 0.62500 0.75000
vt 0.37500 0.75000
vt 0.37500 0.76466
vt 0.62500 0.76466
vt 0.62500 1.00000
vt 0.37500 1.00000
vt 0.37500 0.48534
vt 0.37500 0.50000
vt 0.37500 0.50000
vt 0.37500 0.48534
vt 0.63966 0.50000
vt 0.87500 0.50000
vt 0.87500 0.75000
vt 0.63966 0.75000
vt 0.12500 0.50000
vt 0.36034 0.50000
vt 0.36034 0.75000
vt 0.12500 0.75000
vt 0.36034 0.50000
vt 0.37500 0.75000
vt 0.36034 0.75000
vt 0.37500 0.75000
vt 0.37500 0.76466
vt 0.37500 0.76466
vt 0.36034 0.50000
vt 0.36034 0.75000
vt 0.36034 0.75000
vt 0.36034 0.50000
vt 0.36034 0.50000
vt 0.36034 0.75000
vt 0.36034 0.75000
vt 0.36034 0.50000
vt 0.36034 0.50000
vt 0.36034 0.75000
vt 0.37500 0.76466
vt 0.37500 0.76466
vt 0.37500 0.76466
vt 0.37500 0.76466
vt 0.37500 0.48534
vt 0.37500 0.48534
vt 0.37500 0.48534
vt 0.37500 0.48534
vt 0.37500 0.48534
vt 0.37500 0.48534
vt 0.36034 0.50000
vt 0.36034 0.75000
vt 0.36034 0.75000
vt 0.36034 0.50000
vt 0.37500 0.48534
vt 0.37500 0.48534
vt 0.37500 0.76466
vt 0.37500 0.76466
vt 0.36034 0.75000
vt 0.36034 0.50000
vt 0.36034 0.50000
vt 0.36034 0.75000
vt 0.37500 0.76466
vt 0.37500 0.76466
vt 0.37500 0.48534
vt 0.37500 0.76466
vt 0.51736 0.00000
vt 0.62500 0.00000
vt 0.62500 0.25000
vt 0.51736 0.25000
vt 0.51736 0.46528
vt 0.62500 0.46528
vt 0.62500 0.50000
vt 0.51736 0.50000
vt 0.62500 0.75000
vt 0.51736 0.75000
vt 0.51736 0.87037
vt 0.62500 0.87037
vt 0.62500 1.00000
vt 0.51736 1.00000
vt 0.34028 0.50000
vt 0.37500 0.50000
vt 0.37500 0.75000
vt 0.34028 0.75000
vt 0.74537 0.50000
vt 0.87500 0.50000
vt 0.87500 0.75000
vt 0.74537 0.75000
vt 0.37500 0.87037
vt 0.37500 1.00000
vt 0.51736 0.50000
vt 0.37500 0.50000
vt 0.37500 0.46528
vt 0.37500 0.00000
vt 0.37500 0.25000
vt 0.51736 0.75000
vt 0.37500 0.75000
vt 0.51736 0.37963
vt 0.37500 0.37963
vt 0.37500 0.78472
vt 0.51736 0.78472
vt 0.62500 0.87037
vt 0.62500 0.78472
vt 0.62500 0.78472
vt 0.62500 0.87037
vt 0.12500 0.50000
vt 0.25463 0.50000
vt 0.25463 0.75000
vt 0.12500 0.75000
vt 0.62500 0.78472
vt 0.62500 0.37963
vt 0.65972 0.50000
vt 0.65972 0.75000
vt 0.65972 0.50000
vt 0.74537 0.50000
vt 0.74537 0.75000
vt 0.65972 0.75000
vt 0.62500 0.46528
vt 0.62500 0.37963
vt 0.62500 0.37963
vt 0.62500 0.46528
vt 0.74537 0.50000
vt 0.74537 0.75000
vt 0.62500 0.78472
vt 0.62500 0.78472
vt 0.65972 0.50000
vt 0.65972 0.75000
vt 0.65972 0.75000
vt 0.65972 0.50000
vt 0.65972 0.50000
vt 0.65972 0.75000
vt 0.62500 0.46528
vt 0.62500 0.46528
vt 0.56903 0.00000
vt 0.62500 0.00000
vt 0.62500 0.25000
vt 0.56903 0.25000
vt 0.62500 0.50000
vt 0.56903 0.50000
vt 0.62500 0.75000
vt 0.62500 0.75000
vt 0.62500 0.75000
vt 0.62500 0.75000
vt 0.56903 0.75000
vt 0.62500 0.75000
vt 0.62500 1.00000
vt 0.56903 1.00000
vt 0.12500 0.50000
vt 0.37500 0.50000
vt 0.37500 0.75000
vt 0.12500 0.75000
vt 0.87500 0.50000
vt 0.87500 0.75000
vt 0.37500 1.00000
vt 0.37500 0.25000
vt 0.37500 0.00000
vt 0.56903 0.50000
vt 0.62500 0.50000
vt 0.62500 0.75000
vt 0.56903 0.75000
vt 0.56903 0.75000
vt 0.56903 0.50000
vt 0.62500 0.75000
vt 0.62500 0.50000
vt 0.62500 0.50000
vt 0.62500 0.50000
vt 0.62500 0.50000
vt 0.62500 0.50000
vt 0.62500 0.50000
vt 0.62500 0.50000
vt 0.62500 0.50000
vt 0.62500 0.50000
vt 0.62500 0.75000
vt 0.62500 0.75000
vt 0.62500 0.75000
vt 0.62500 0.50000
vt 0.62500 0.75000
vt 0.62500 0.75000
vt 0.62500 0.50000
vt 0.62500 0.50000
vt 0.62500 0.50000
vt 0.62500 0.75000
vt 0.62500 0.50000
vt 0.62500 0.50000
vt 0.62500 0.75000
vt 0.62500 0.75000
vt 0.62500 0.75000
vt 0.62500 0.50000
vt 0.62500 0.75000
vt 0.62500 0.75000
vt 0.62500 0.50000
vt 0.62500 0.50000
vt 0.62500 0.50000
vt 0.62500 0.75000
vt 0.62500 0.75000
vt 0.62500 0.75000
vt 0.62500 0.50000
vt 0.62500 0.75000
vt 0.62500 0.75000
vt 0.62500 0.50000
vt 0.62500 0.50000
vt 0.62500 0.75000
vt 0.62500 0.50000
vt 0.62500 0.50000
vt 0.62500 0.50000
vt 0.62500 0.75000
vt 0.62500 0.75000
vt 0.62500 0.75000
vt 1.00000 0.50000
vt 1.00000 1.00000
vt 0.96875 1.00000
vt 0.96875 0.50000
vt 0.93750 1.00000
vt 0.93750 0.50000
vt 0.90625 1.00000
vt 0.90625 0.50000
vt 0.87500 1.00000
vt 0.87500 0.50000
vt 0.84375 1.00000
vt 0.84375 0.50000
vt 0.81250 1.00000
vt 0.81250 0.50000
vt 0.78125 1.00000
vt 0.78125 0.50000
vt 0.75000 1.00000
vt 0.75000 0.50000
vt 0.71875 1.00000
vt 0.71875 0.50000
vt 0.68750 1.00000
vt 0.68750 0.50000
vt 0.65625 1.00000
vt 0.65625 0.50000
vt 0.62500 1.00000
vt 0.62500 0.50000
vt 0.59375 1.00000
vt 0.59375 0.50000
vt 0.56250 1.00000
vt 0.56250 0.50000
vt 0.53125 1.00000
vt 0.53125 0.50000
vt 0.50000 1.00000
vt 0.50000 0.50000
vt 0.46875 1.00000
vt 0.46875 0.50000
vt 0.43750 1.00000
vt 0.43750 0.50000
vt 0.40625 1.00000
vt 0.40625 0.50000
vt 0.37500 1.00000
vt 0.37500 0.50000
vt 0.34375 1.00000
vt 0.34375 0.50000
vt 0.31250 1.00000
vt 0.31250 0.50000
vt 0.28125 1.00000
vt 0.28125 0.50000
vt 0.25000 1.00000
vt 0.25000 0.50000
vt 0.21875 1.00000
vt 0.21875 0.50000
vt 0.18750 1.00000
vt 0.18750 0.50000
vt 0.15625 1.00000
vt 0.15625 0.50000
vt 0.12500 1.00000
vt 0.12500 0.50000
vt 0.09375 1.00000
vt 0.09375 0.50000
vt 0.06250 1.00000
vt 0.06250 0.50000
vt 0.29682 0.48539
vt 0.25000 0.49000
vt 0.20318 0.48539
vt 0.15816 0.47173
vt 0.11666 0.44955
vt 0.08030 0.41971
vt 0.05045 0.38334
vt 0.02827 0.34184
vt 0.01461 0.29682
vt 0.01000 0.25000
vt 0.01461 0.20318
vt 0.02827 0.15816
vt 0.05045 0.11666
vt 0.08029 0.08029
vt 0.11666 0.05045
vt 0.15816 0.02827
vt 0.20318 0.01461
vt 0.25000 0.01000
vt 0.29682 0.01461
vt 0.34184 0.02827
vt 0.38334 0.05045
vt 0.41971 0.08029
vt 0.44955 0.11666
vt 0.47173 0.15816
vt 0.48539 0.20318
vt 0.49000 0.25000
vt 0.48539 0.29682
vt 0.47173 0.34184
vt 0.44955 0.38334
vt 0.41971 0.41971
vt 0.38334 0.44955
vt 0.34184 0.47173
vt 0.03125 1.00000
vt 0.03125 0.50000
vt 0.00000 1.00000
vt 0.00000 0.50000
vt 0.75000 0.49000
vt 0.79682 0.48539
vt 0.84184 0.47173
vt 0.88334 0.44955
vt 0.91971 0.41971
vt 0.94955 0.38334
vt 0.97173 0.34184
vt 0.98539 0.29682
vt 0.99000 0.25000
vt 0.98539 0.20318
vt 0.97173 0.15816
vt 0.94955 0.11666
vt 0.91971 0.08029
vt 0.88334 0.05045
vt 0.84184 0.02827
vt 0.79682 0.01461
vt 0.75000 0.01000
vt 0.70318 0.01461
vt 0.65816 0.02827
vt 0.61666 0.05045
vt 0.58029 0.08029
vt 0.55045 0.11666
vt 0.52827 0.15816
vt 0.51461 0.20318
vt 0.51000 0.25000
vt 0.51461 0.29682
vt 0.52827 0.34184
vt 0.55045 0.38334
vt 0.58030 0.41971
vt 0.61666 0.44955
vt 0.65816 0.47173
vt 0.70318 0.48539
vt 1.00000 0.50000
vt 1.00000 1.00000
vt 0.96875 1.00000
vt 0.96875 0.50000
vt 0.93750 1.00000
vt 0.93750 0.50000
vt 0.90625 1.00000
vt 0.90625 0.50000
vt 0.87500 1.00000
vt 0.87500 0.50000
vt 0.84375 1.00000
vt 0.84375 0.50000
vt 0.81250 1.00000
vt 0.81250 0.50000
vt 0.78125 1.00000
vt 0.78125 0.50000
vt 0.75000 1.00000
vt 0.75000 0.50000
vt 0.71875 1.00000
vt 0.71875 0.50000
vt 0.68750 1.00000
vt 0.68750 0.50000
vt 0.65625 1.00000
vt 0.65625 0.50000
vt 0.62500 1.00000
vt 0.62500 0.50000
vt 0.59375 1.00000
vt 0.59375 0.50000
vt 0.56250 1.00000
vt 0.56250 0.50000
vt 0.53125 1.00000
vt 0.53125 0.50000
vt 0.50000 1.00000
vt 0.50000 0.50000
vt 0.46875 1.00000
vt 0.46875 0.50000
vt 0.43750 1.00000
vt 0.43750 0.50000
vt 0.40625 1.00000
vt 0.40625 0.50000
vt 0.37500 1.00000
vt 0.37500 0.50000
vt 0.34375 1.00000
vt 0.34375 0.50000
vt 0.31250 1.00000
vt 0.31250 0.50000
vt 0.28125 1.00000
vt 0.28125 0.50000
vt 0.25000 1.00000
vt 0.25000 0.50000
vt 0.21875 1.00000
vt 0.21875 0.50000
vt 0.18750 1.00000
vt 0.18750 0.50000
vt 0.15625 1.00000
vt 0.15625 0.50000
vt 0.12500 1.00000
vt 0.12500 0.50000
vt 0.09375 1.00000
vt 0.09375 0.50000
vt 0.06250 1.00000
vt 0.06250 0.50000
vt 0.29682 0.48539
vt 0.25000 0.49000
vt 0.20318 0.48539
vt 0.15816 0.47173
vt 0.11666 0.44955
vt 0.08030 0.41971
vt 0.05045 0.38334
vt 0.02827 0.34184
vt 0.01461 0.29682
vt 0.01000 0.25000
vt 0.01461 0.20318
vt 0.02827 0.15816
vt 0.05045 0.11666
vt 0.08029 0.08029
vt 0.11666 0.05045
vt 0.15816 0.02827
vt 0.20318 0.01461
vt 0.25000 0.01000
vt 0.29682 0.01461
vt 0.34184 0.02827
vt 0.38334 0.05045
vt 0.41971 0.08029
vt 0.44955 0.11666
vt 0.47173 0.15816
vt 0.48539 0.20318
vt 0.49000 0.25000
vt 0.48539 0.29682
vt 0.47173 0.34184
vt 0.44955 0.38334
vt 0.41971 0.41971
vt 0.38334 0.44955
vt 0.34184 0.47173
vt 0.03125 1.00000
vt 0.03125 0.50000
vt 0.00000 1.00000
vt 0.00000 0.50000
vt 0.75000 0.49000
vt 0.79682 0.48539
vt 0.84184 0.47173
vt 0.88334 0.44955
vt 0.91971 0.41971
vt 0.94955 0.38334
vt 0.97173 0.34184
vt 0.98539 0.29682
vt 0.99000 0.25000
vt 0.98539 0.20318
vt 0.97173 0.15816
vt 0.94955 0.11666
vt 0.91971 0.08029
vt 0.88334 0.05045
vt 0.84184 0.02827
vt 0.79682 0.01461
vt 0.75000 0.01000
vt 0.70318 0.01461
vt 0.65816 0.02827
vt 0.61666 0.05045
vt 0.58029 0.08029
vt 0.55045 0.11666
vt 0.52827 0.15816
vt 0.51461 0.20318
vt 0.51000 0.25000
vt 0.51461 0.29682
vt 0.52827 0.34184
vt 0.55045 0.38334
vt 0.58030 0.41971
vt 0.61666 0.44955
vt 0.65816 0.47173
vt 0.70318 0.48539
vt 0.51972 0.00000
vt 0.62500 0.00000
vt 0.62500 0.25000
vt 0.51972 0.25000
vt 0.62500 0.50000
vt 0.51972 0.50000
vt 0.62500 0.75000
vt 0.51972 0.75000
vt 0.62500 1.00000
vt 0.51972 1.00000
vt 0.12500 0.50000
vt 0.37500 0.50000
vt 0.37500 0.75000
vt 0.12500 0.75000
vt 0.87500 0.50000
vt 0.87500 0.75000
vt 0.39403 0.75000
vt 0.39403 1.00000
vt 0.37500 1.00000
vt 0.39403 0.50000
vt 0.37500 0.25000
vt 0.39403 0.25000
vt 0.37500 1.00000
vt 0.39403 1.00000
vt 0.39403 1.00000
vt 0.37500 1.00000
vt 0.37500 0.00000
vt 0.39403 0.00000
vt 0.39403 0.25000
vt 0.37500 0.25000
vt 0.39403 0.00000
vt 0.39403 0.25000
vt 0.12500 0.50000
vt 0.12500 0.75000
vt 0.12500 0.75000
vt 0.12500 0.50000
vt 0.39403 0.25000
vt 0.37500 0.25000
vt 0.39403 0.00000
vt 0.39403 0.00000
vt 0.39403 0.00000
vt 0.39403 0.25000
vt 0.39403 1.00000
vt 0.39403 1.00000
vt 0.47852 0.75000
vt 0.47852 1.00000
vt 0.47852 0.50000
vt 0.47852 0.25000
vt 0.47852 0.00000
vt 1.00000 0.50000
vt 1.00000 1.00000
vt 0.96875 1.00000
vt 0.96875 0.50000
vt 0.93750 1.00000
vt 0.93750 0.50000
vt 0.90625 1.00000
vt 0.90625 0.50000
vt 0.87500 1.00000
vt 0.87500 0.50000
vt 0.84375 1.00000
vt 0.84375 0.50000
vt 0.81250 1.00000
vt 0.81250 0.50000
vt 0.78125 1.00000
vt 0.78125 0.50000
vt 0.75000 1.00000
vt 0.75000 0.50000
vt 0.71875 1.00000
vt 0.71875 0.50000
vt 0.68750 1.00000
vt 0.68750 0.50000
vt 0.65625 1.00000
vt 0.65625 0.50000
vt 0.62500 1.00000
vt 0.62500 0.50000
vt 0.59375 1.00000
vt 0.59375 0.50000
vt 0.56250 1.00000
vt 0.56250 0.50000
vt 0.53125 1.00000
vt 0.53125 0.50000
vt 0.50000 1.00000
vt 0.50000 0.50000
vt 0.46875 1.00000
vt 0.46875 0.50000
vt 0.43750 1.00000
vt 0.43750 0.50000
vt 0.40625 1.00000
vt 0.40625 0.50000
vt 0.37500 1.00000
vt 0.37500 0.50000
vt 0.34375 1.00000
vt 0.34375 0.50000
vt 0.31250 1.00000
vt 0.31250 0.50000
vt 0.28125 1.00000
vt 0.28125 0.50000
vt 0.25000 1.00000
vt 0.25000 0.50000
vt 0.21875 1.00000
vt 0.21875 0.50000
vt 0.18750 1.00000
vt 0.18750 0.50000
vt 0.15625 1.00000
vt 0.15625 0.50000
vt 0.12500 1.00000
vt 0.12500 0.50000
vt 0.09375 1.00000
vt 0.09375 0.50000
vt 0.06250 1.00000
vt 0.06250 0.50000
vt 0.29682 0.48539
vt 0.25000 0.49000
vt 0.20318 0.48539
vt 0.15816 0.47173
vt 0.11666 0.44955
vt 0.08030 0.41971
vt 0.05045 0.38334
vt 0.02827 0.34184
vt 0.01461 0.29682
vt 0.01000 0.25000
vt 0.01461 0.20318
vt 0.02827 0.15816
vt 0.05045 0.11666
vt 0.08029 0.08029
vt 0.11666 0.05045
vt 0.15816 0.02827
vt 0.20318 0.01461
vt 0.25000 0.01000
vt 0.29682 0.01461
vt 0.34184 0.02827
vt 0.38334 0.05045
vt 0.41971 0.08029
vt 0.44955 0.11666
vt 0.47173 0.15816
vt 0.48539 0.20318
vt 0.49000 0.25000
vt 0.48539 0.29682
vt 0.47173 0.34184
vt 0.44955 0.38334
vt 0.41971 0.41971
vt 0.38334 0.44955
vt 0.34184 0.47173
vt 0.03125 1.00000
vt 0.03125 0.50000
vt 0.00000 1.00000
vt 0.00000 0.50000
vt 0.75000 0.49000
vt 0.79682 0.48539
vt 0.84184 0.47173
vt 0.88334 0.44955
vt 0.91971 0.41971
vt 0.94955 0.38334
vt 0.97173 0.34184
vt 0.98539 0.29682
vt 0.99000 0.25000
vt 0.98539 0.20318
vt 0.97173 0.15816
vt 0.94955 0.11666
vt 0.91971 0.08029
vt 0.88334 0.05045
vt 0.84184 0.02827
vt 0.79682 0.01461
vt 0.75000 0.01000
vt 0.70318 0.01461
vt 0.65816 0.02827
vt 0.61666 0.05045
vt 0.58029 0.08029
vt 0.55045 0.11666
vt 0.52827 0.15816
vt 0.51461 0.20318
vt 0.51000 0.25000
vt 0.51461 0.29682
vt 0.52827 0.34184
vt 0.55045 0.38334
vt 0.58030 0.41971
vt 0.61666 0.44955
vt 0.65816 0.47173
vt 0.70318 0.48539
vt 1.00000 0.50000
vt 1.00000 1.00000
vt 0.96875 1.00000
vt 0.96875 0.50000
vt 0.93750 1.00000
vt 0.93750 0.50000
vt 0.90625 1.00000
vt 0.90625 0.50000
vt 0.87500 1.00000
vt 0.87500 0.50000
vt 0.84375 1.00000
vt 0.84375 0.50000
vt 0.81250 1.00000
vt 0.81250 0.50000
vt 0.78125 1.00000
vt 0.78125 0.50000
vt 0.75000 1.00000
vt 0.75000 0.50000
vt 0.71875 1.00000
vt 0.71875 0.50000
vt 0.68750 1.00000
vt 0.68750 0.50000
vt 0.65625 1.00000
vt 0.65625 0.50000
vt 0.62500 1.00000
vt 0.62500 0.50000
vt 0.59375 1.00000
vt 0.59375 0.50000
vt 0.56250 1.00000
vt 0.56250 0.50000
vt 0.53125 1.00000
vt 0.53125 0.50000
vt 0.50000 1.00000
vt 0.50000 0.50000
vt 0.46875 1.00000
vt 0.46875 0.50000
vt 0.43750 1.00000
vt 0.43750 0.50000
vt 0.40625 1.00000
vt 0.40625 0.50000
vt 0.37500 1.00000
vt 0.37500 0.50000
vt 0.34375 1.00000
vt 0.34375 0.50000
vt 0.31250 1.00000
vt 0.31250 0.50000
vt 0.28125 1.00000
vt 0.28125 0.50000
vt 0.25000 1.00000
vt 0.25000 0.50000
vt 0.21875 1.00000
vt 0.21875 0.50000
vt 0.18750 1.00000
vt 0.18750 0.50000
vt 0.15625 1.00000
vt 0.15625 0.50000
vt 0.12500 1.00000
vt 0.12500 0.50000
vt 0.09375 1.00000
vt 0.09375 0.50000
vt 0.06250 1.00000
vt 0.06250 0.50000
vt 0.43750 1.00000
vt 0.40625 1.00000
vt 0.03125 1.00000
vt 0.03125 0.50000
vt 0.00000 1.00000
vt 0.00000 0.50000
vt 0.75000 0.49000
vt 0.79682 0.48539
vt 0.84184 0.47173
vt 0.88334 0.44955
vt 0.91971 0.41971
vt 0.94955 0.38334
vt 0.97173 0.34184
vt 0.98539 0.29682
vt 0.99000 0.25000
vt 0.98539 0.20318
vt 0.97173 0.15816
vt 0.94955 0.11666
vt 0.91971 0.08029
vt 0.88334 0.05045
vt 0.84184 0.02827
vt 0.79682 0.01461
vt 0.75000 0.01000
vt 0.70318 0.01461
vt 0.65816 0.02827
vt 0.61666 0.05045
vt 0.58029 0.08029
vt 0.55045 0.11666
vt 0.52827 0.15816
vt 0.51461 0.20318
vt 0.51000 0.25000
vt 0.51461 0.29682
vt 0.52827 0.34184
vt 0.55045 0.38334
vt 0.58030 0.41971
vt 0.61666 0.44955
vt 0.65816 0.47173
vt 0.70318 0.48539
vt 0.12500 1.00000
vt 0.15625 1.00000
vt 0.15625 1.00000
vt 0.12500 1.00000
vt 0.84375 1.00000
vt 0.81250 1.00000
vt 0.56250 1.00000
vt 0.53125 1.00000
vt 0.28125 1.00000
vt 0.25000 1.00000
vt 0.96875 1.00000
vt 0.93750 1.00000
vt 0.68750 1.00000
vt 0.65625 1.00000
vt 0.37500 1.00000
vt 0.09375 1.00000
vt 0.78125 1.00000
vt 0.50000 1.00000
vt 0.21875 1.00000
vt 0.90625 1.00000
vt 0.62500 1.00000
vt 0.34375 1.00000
vt 0.06250 1.00000
vt 0.75000 1.00000
vt 0.46875 1.00000
vt 0.18750 1.00000
vt 0.87500 1.00000
vt 0.59375 1.00000
vt 0.31250 1.00000
vt 0.03125 1.00000
vt 0.71875 1.00000
vt 1.00000 1.00000
vt 0.00000 1.00000
vt 0.03125 1.00000
vt 0.06250 1.00000
vt 0.06250 1.00000
vt 0.03125 1.00000
vt 0.56250 1.00000
vt 0.53125 1.00000
vt 0.96875 1.00000
vt 0.93750 1.00000
vt 0.09375 1.00000
vt 0.50000 1.00000
vt 0.90625 1.00000
vt 0.46875 1.00000
vt 0.87500 1.00000
vt 0.43750 1.00000
vt 0.84375 1.00000
vt 0.00000 1.00000
vt 0.40625 1.00000
vt 0.81250 1.00000
vt 0.37500 1.00000
vt 0.78125 1.00000
vt 0.34375 1.00000
vt 0.75000 1.00000
vt 0.31250 1.00000
vt 0.71875 1.00000
vt 0.28125 1.00000
vt 0.68750 1.00000
vt 0.25000 1.00000
vt 0.65625 1.00000
vt 0.21875 1.00000
vt 0.62500 1.00000
vt 0.18750 1.00000
vt 0.59375 1.00000
vt 1.00000 1.00000
vt 0.34375 1.00000
vt 0.37500 1.00000
vt 0.37500 1.00000
vt 0.34375 1.00000
vt 0.46875 1.00000
vt 0.43750 1.00000
vt 0.87500 1.00000
vt 0.84375 1.00000
vt 0.00000 1.00000
vt 0.40625 1.00000
vt 0.81250 1.00000
vt 0.78125 1.00000
vt 0.75000 1.00000
vt 0.31250 1.00000
vt 0.71875 1.00000
vt 0.28125 1.00000
vt 0.68750 1.00000
vt 0.25000 1.00000
vt 0.65625 1.00000
vt 0.21875 1.00000
vt 0.62500 1.00000
vt 0.18750 1.00000
vt 0.59375 1.00000
vt 0.15625 1.00000
vt 0.56250 1.00000
vt 1.00000 1.00000
vt 0.96875 1.00000
vt 0.12500 1.00000
vt 0.53125 1.00000
vt 0.93750 1.00000
vt 0.09375 1.00000
vt 0.50000 1.00000
vt 0.90625 1.00000
vt 0.25000 1.00000
vt 0.28125 1.00000
vt 0.28125 1.00000
vt 0.25000 1.00000
vt 0.78125 1.00000
vt 0.75000 1.00000
vt 0.31250 1.00000
vt 0.71875 1.00000
vt 0.68750 1.00000
vt 0.65625 1.00000
vt 0.21875 1.00000
vt 0.62500 1.00000
vt 0.18750 1.00000
vt 0.59375 1.00000
vt 0.15625 1.00000
vt 0.56250 1.00000
vt 1.00000 1.00000
vt 0.96875 1.00000
vt 0.12500 1.00000
vt 0.53125 1.00000
vt 0.93750 1.00000
vt 0.09375 1.00000
vt 0.50000 1.00000
vt 0.90625 1.00000
vt 0.06250 1.00000
vt 0.46875 1.00000
vt 0.87500 1.00000
vt 0.03125 1.00000
vt 0.43750 1.00000
vt 0.84375 1.00000
vt 0.00000 1.00000
vt 0.40625 1.00000
vt 0.81250 1.00000
vt 0.15625 1.00000
vt 0.18750 1.00000
vt 0.18750 1.00000
vt 0.15625 1.00000
vt 0.68750 1.00000
vt 0.65625 1.00000
vt 0.21875 1.00000
vt 0.62500 1.00000
vt 0.59375 1.00000
vt 0.56250 1.00000
vt 1.00000 1.00000
vt 0.96875 1.00000
vt 0.12500 1.00000
vt 0.53125 1.00000
vt 0.93750 1.00000
vt 0.09375 1.00000
vt 0.50000 1.00000
vt 0.90625 1.00000
vt 0.06250 1.00000
vt 0.46875 1.00000
vt 0.87500 1.00000
vt 0.03125 1.00000
vt 0.43750 1.00000
vt 0.84375 1.00000
vt 0.00000 1.00000
vt 0.40625 1.00000
vt 0.81250 1.00000
vt 0.37500 1.00000
vt 0.78125 1.00000
vt 0.34375 1.00000
vt 0.75000 1.00000
vt 0.31250 1.00000
vt 0.71875 1.00000
vt 0.90625 1.00000
vt 0.93750 1.00000
vt 0.93750 1.00000
vt 0.90625 1.00000
vt 0.59375 1.00000
vt 0.56250 1.00000
vt 1.00000 1.00000
vt 0.96875 1.00000
vt 0.12500 1.00000
vt 0.53125 1.00000
vt 0.09375 1.00000
vt 0.50000 1.00000
vt 0.06250 1.00000
vt 0.46875 1.00000
vt 0.87500 1.00000
vt 0.03125 1.00000
vt 0.43750 1.00000
vt 0.84375 1.00000
vt 0.00000 1.00000
vt 0.40625 1.00000
vt 0.81250 1.00000
vt 0.37500 1.00000
vt 0.78125 1.00000
vt 0.34375 1.00000
vt 0.75000 1.00000
vt 0.31250 1.00000
vt 0.71875 1.00000
vt 0.28125 1.00000
vt 0.68750 1.00000
vt 0.25000 1.00000
vt 0.65625 1.00000
vt 0.21875 1.00000
vt 0.62500 1.00000
vt 0.29682 0.48539
vt 0.25000 0.49000
vt 0.20318 0.48539
vt 0.15816 0.47173
vt 0.11666 0.44955
vt 0.08030 0.41971
vt 0.05045 0.38334
vt 0.02827 0.34184
vt 0.01461 0.29682
vt 0.01000 0.25000
vt 0.01461 0.20318
vt 0.02827 0.15816
vt 0.05045 0.11666
vt 0.08029 0.08029
vt 0.11666 0.05045
vt 0.15816 0.02827
vt 0.20318 0.01461
vt 0.25000 0.01000
vt 0.29682 0.01461
vt 0.34184 0.02827
vt 0.38334 0.05045
vt 0.41971 0.08029
vt 0.44955 0.11666
vt 0.47173 0.15816
vt 0.48539 0.20318
vt 0.49000 0.25000
vt 0.48539 0.29682
vt 0.47173 0.34184
vt 0.44955 0.38334
vt 0.41971 0.41971
vt 0.38334 0.44955
vt 0.34184 0.47173
vt 0.09375 1.00000
vt 0.06250 1.00000
vt 0.50000 1.00000
vt 0.46875 1.00000
vt 0.87500 1.00000
vt 0.03125 1.00000
vt 0.43750 1.00000
vt 0.84375 1.00000
vt 0.00000 1.00000
vt 0.40625 1.00000
vt 0.81250 1.00000
vt 0.37500 1.00000
vt 0.78125 1.00000
vt 0.34375 1.00000
vt 0.75000 1.00000
vt 0.31250 1.00000
vt 0.71875 1.00000
vt 0.28125 1.00000
vt 0.68750 1.00000
vt 0.25000 1.00000
vt 0.65625 1.00000
vt 0.21875 1.00000
vt 0.62500 1.00000
vt 0.18750 1.00000
vt 0.59375 1.00000
vt 0.15625 1.00000
vt 0.56250 1.00000
vt 1.00000 1.00000
vt 0.96875 1.00000
vt 0.12500 1.00000
vt 0.53125 1.00000
vt 1.00000 0.50000
vt 1.00000 1.00000
vt 0.96875 1.00000
vt 0.96875 0.50000
vt 0.93750 1.00000
vt 0.93750 0.50000
vt 0.90625 1.00000
vt 0.90625 0.50000
vt 0.87500 1.00000
vt 0.87500 0.50000
vt 0.84375 1.00000
vt 0.84375 0.50000
vt 0.81250 1.00000
vt 0.81250 0.50000
vt 0.78125 1.00000
vt 0.78125 0.50000
vt 0.75000 1.00000
vt 0.75000 0.50000
vt 0.71875 1.00000
vt 0.71875 0.50000
vt 0.68750 1.00000
vt 0.68750 0.50000
vt 0.65625 1.00000
vt 0.65625 0.50000
vt 0.62500 1.00000
vt 0.62500 0.50000
vt 0.59375 1.00000
vt 0.59375 0.50000
vt 0.56250 1.00000
vt 0.56250 0.50000
vt 0.53125 1.00000
vt 0.53125 0.50000
vt 0.50000 1.00000
vt 0.50000 0.50000
vt 0.46875 1.00000
vt 0.46875 0.50000
vt 0.43750 1.00000
vt 0.43750 0.50000
vt 0.40625 1.00000
vt 0.40625 0.50000
vt 0.37500 1.00000
vt 0.37500 0.50000
vt 0.34375 1.00000
vt 0.34375 0.50000
vt 0.31250 1.00000
vt 0.31250 0.50000
vt 0.28125 1.00000
vt 0.28125 0.50000
vt 0.25000 1.00000
vt 0.25000 0.50000
vt 0.21875 1.00000
vt 0.21875 0.50000
vt 0.18750 1.00000
vt 0.18750 0.50000
vt 0.15625 1.00000
vt 0.15625 0.50000
vt 0.12500 1.00000
vt 0.12500 0.50000
vt 0.09375 1.00000
vt 0.09375 0.50000
vt 0.06250 1.00000
vt 0.06250 0.50000
vt 0.29682 0.48539
vt 0.25000 0.49000
vt 0.20318 0.48539
vt 0.15816 0.47173
vt 0.11666 0.44955
vt 0.08030 0.41971
vt 0.05045 0.38334
vt 0.02827 0.34184
vt 0.01461 0.29682
vt 0.01000 0.25000
vt 0.01461 0.20318
vt 0.02827 0.15816
vt 0.05045 0.11666
vt 0.08029 0.08029
vt 0.11666 0.05045
vt 0.15816 0.02827
vt 0.20318 0.01461
vt 0.25000 0.01000
vt 0.29682 0.01461
vt 0.34184 0.02827
vt 0.38334 0.05045
vt 0.41971 0.08029
vt 0.44955 0.11666
vt 0.47173 0.15816
vt 0.48539 0.20318
vt 0.49000 0.25000
vt 0.48539 0.29682
vt 0.47173 0.34184
vt 0.44955 0.38334
vt 0.41971 0.41971
vt 0.38334 0.44955
vt 0.34184 0.47173
vt 0.03125 1.00000
vt 0.03125 0.50000
vt 0.00000 1.00000
vt 0.00000 0.50000
vt 0.75000 0.49000
vt 0.79682 0.48539
vt 0.84184 0.47173
vt 0.88334 0.44955
vt 0.91971 0.41971
vt 0.94955 0.38334
vt 0.97173 0.34184
vt 0.98539 0.29682
vt 0.99000 0.25000
vt 0.98539 0.20318
vt 0.97173 0.15816
vt 0.94955 0.11666
vt 0.91971 0.08029
vt 0.88334 0.05045
vt 0.84184 0.02827
vt 0.79682 0.01461
vt 0.75000 0.01000
vt 0.70318 0.01461
vt 0.65816 0.02827
vt 0.61666 0.05045
vt 0.58029 0.08029
vt 0.55045 0.11666
vt 0.52827 0.15816
vt 0.51461 0.20318
vt 0.51000 0.25000
vt 0.51461 0.29682
vt 0.52827 0.34184
vt 0.55045 0.38334
vt 0.58030 0.41971
vt 0.61666 0.44955
vt 0.65816 0.47173
vt 0.70318 0.48539
vt 0.37500 0.00000
vt 0.62500 0.00000
vt 0.62500 0.25000
vt 0.37500 0.25000
vt 0.62500 0.50000
vt 0.37500 0.50000
vt 0.62500 0.75000
vt 0.37500 0.75000
vt 0.62500 1.00000
vt 0.37500 1.00000
vt 0.12500 0.50000
vt 0.12500 0.75000
vt 0.87500 0.50000
vt 0.87500 0.75000
vt 0.37500 0.00000
vt 0.62500 0.00000
vt 0.62500 0.25000
vt 0.37500 0.25000
vt 0.62500 0.50000
vt 0.37500 0.50000
vt 0.62500 0.75000
vt 0.37500 0.75000
vt 0.62500 1.00000
vt 0.37500 1.00000
vt 0.12500 0.50000
vt 0.12500 0.75000
vt 0.87500 0.50000
vt 0.87500 0.75000
vt 0.37500 0.00000
vt 0.62500 0.00000
vt 0.62500 0.25000
vt 0.37500 0.25000
vt 0.62500 0.50000
vt 0.37500 0.50000
vt 0.62500 0.75000
vt 0.37500 0.75000
vt 0.62500 1.00000
vt 0.37500 1.00000
vt 0.12500 0.50000
vt 0.12500 0.75000
vt 0.87500 0.50000
vt 0.87500 0.75000
vt 0.59091 0.00000
vt 0.62500 0.00000
vt 0.62500 0.25000
vt 0.59091 0.25000
vt 0.62500 0.50000
vt 0.59091 0.50000
vt 0.62500 0.75000
vt 0.59091 0.75000
vt 0.62500 1.00000
vt 0.59091 1.00000
vt 0.12500 0.50000
vt 0.37500 0.50000
vt 0.37500 0.75000
vt 0.12500 0.75000
vt 0.87500 0.50000
vt 0.87500 0.75000
vt 0.57722 0.75000
vt 0.57722 1.00000
vt 0.57722 0.50000
vt 0.57722 0.25000
vt 0.57722 0.00000
vt 0.55195 0.00000
vt 0.55195 0.25000
vt 0.55195 0.50000
vt 0.55195 0.75000
vt 0.55195 1.00000
vt 0.45083 0.75000
vt 0.47611 0.75000
vt 0.47611 1.00000
vt 0.45083 1.00000
vt 0.45083 0.50000
vt 0.47611 0.50000
vt 0.45083 0.25000
vt 0.47611 0.25000
vt 0.45083 0.00000
vt 0.47611 0.00000
vt 0.50139 0.75000
vt 0.52667 0.75000
vt 0.52667 1.00000
vt 0.50139 1.00000
vt 0.50139 0.50000
vt 0.52667 0.50000
vt 0.50139 0.25000
vt 0.52667 0.25000
vt 0.50139 0.00000
vt 0.52667 0.00000
vt 0.40028 0.00000
vt 0.42556 0.00000
vt 0.42556 0.25000
vt 0.40028 0.25000
vt 0.42556 0.50000
vt 0.40028 0.50000
vt 0.42556 0.75000
vt 0.40028 0.75000
vt 0.42556 1.00000
vt 0.40028 1.00000
vt 0.37500 1.00000
vt 0.37500 0.25000
vt 0.37500 0.00000
vn -1.0000 0.0000 0.0000
vn -0.0000 0.0000 -1.0000
vn 0.9989 -0.0476 0.0000
vn 0.0000 0.0000 1.0000
vn 0.0000 -1.0000 0.0000
vn -0.0545 0.9985 -0.0000
vn -0.0611 0.9981 -0.0000
vn 0.2856 -0.9584 0.0000
vn -0.1251 0.9921 -0.0000
vn 0.1004 0.9950 -0.0000
vn 0.0336 0.9994 -0.0000
vn 0.0001 0.0000 1.0000
vn 0.9512 -0.3086 0.0000
vn -0.9417 -0.3365 0.0000
vn -0.0001 0.0000 -1.0000
vn 0.0514 -0.9987 0.0000
vn -0.0097 -1.0000 0.0000
vn -0.1102 0.9939 -0.0000
vn 0.0075 -1.0000 0.0000
vn -0.9901 -0.1402 0.0000
vn 0.0000 1.0000 -0.0000
vn -0.9999 -0.0141 0.0000
vn 1.0000 0.0000 0.0000
vn -0.8524 -0.5229 0.0000
vn -0.8144 -0.5803 0.0000
vn -0.9967 -0.0807 0.0000
vn -0.9096 0.4154 -0.0000
vn -0.0015 -1.0000 0.0000
vn 0.0079 1.0000 0.0000
vn 0.3699 0.9291 0.0000
vn -0.0207 -0.9998 0.0000
vn -0.0350 0.9994 -0.0000
vn 0.5758 -0.8176 0.0000
vn 0.0014 1.0000 -0.0000
vn 0.6216 -0.7833 0.0000
vn 0.0242 0.9997 -0.0000
vn -0.8896 0.4568 -0.0000
vn 0.0250 0.9997 0.0000
vn 0.9101 0.4144 0.0000
vn -0.6574 -0.7536 0.0000
vn 0.9286 -0.3711 0.0000
vn -0.1820 -0.9833 0.0000
vn 0.9876 -0.1569 0.0000
vn -0.9975 0.0711 0.0000
vn 0.8616 -0.5075 0.0000
vn -0.8023 0.5969 0.0000
vn 0.9198 -0.3924 0.0000
vn -0.9939 0.1106 0.0000
vn -0.3603 -0.9328 0.0000
vn -0.6950 -0.7190 0.0000
vn -0.1606 -0.9870 0.0000
vn 0.0031 -1.0000 0.0000
vn 0.0061 -1.0000 0.0000
vn 0.6818 0.7315 0.0000
vn -0.0402 0.9992 0.0000
vn -0.9008 0.4343 0.0000
vn 0.8399 -0.4346 0.3250
vn 0.8399 -0.4347 -0.3250
vn -0.7438 -0.6684 0.0000
vn 0.8955 -0.3522 0.2719
vn 0.8955 -0.3522 -0.2719
vn 0.0000 -0.0980 -0.9952
vn 0.0000 -0.2903 -0.9569
vn -0.0000 -0.4714 -0.8819
vn -0.0000 -0.6344 -0.7730
vn 0.0000 -0.7730 -0.6344
vn 0.0000 -0.8819 -0.4714
vn -0.0000 -0.9569 -0.2903
vn 0.0000 -0.9952 -0.0980
vn 0.0000 -0.9952 0.0980
vn 0.0000 -0.9569 0.2903
vn 0.0000 -0.8819 0.4714
vn -0.0000 -0.7730 0.6344
vn -0.0000 -0.6344 0.7730
vn -0.0000 -0.4714 0.8819
vn -0.0000 -0.2903 0.9569
vn -0.0000 -0.0980 0.9952
vn -0.0000 0.0980 0.9952
vn 0.0000 0.2903 0.9569
vn 0.0000 0.4714 0.8819
vn 0.0000 0.6344 0.7730
vn 0.0000 0.7730 0.6344
vn 0.0000 0.8819 0.4714
vn -0.0000 0.9569 0.2903
vn -0.0000 0.9952 0.0980
vn -0.0000 0.9952 -0.0980
vn -0.0000 0.9569 -0.2903
vn 0.0000 0.8819 -0.4714
vn 0.0000 0.7730 -0.6344
vn -0.0000 0.6344 -0.7730
vn 0.0000 0.4714 -0.8819
vn 0.0000 0.2903 -0.9569
vn 0.0000 0.0980 -0.9952
vn 0.0361 0.9993 -0.0000
vn -0.0361 -0.9993 0.0000
vn -0.0442 0.9990 0.0000
vn 0.0012 1.0000 0.0000
vn 0.0023 -1.0000 0.0000
vn 0.0023 1.0000 0.0000
vn 0.9267 -0.3758 0.0000
vn -0.4376 0.8992 0.0000
vn 0.4614 -0.8872 0.0000
vn -0.7782 0.6280 0.0000
vn -1.0000 0.0007 0.0000
vn 1.0000 0.0007 0.0000
vn 0.5664 0.8241 0.0000
vn -0.9623 -0.2719 0.0000
vn 0.9386 0.3450 0.0000
vn -0.6519 -0.7583 0.0000
vn -0.1448 -0.9895 0.0000
vn 0.1178 0.9930 0.0000
vn -0.0000 -0.0981 -0.9952
vn 0.0000 -0.2902 -0.9570
vn -0.0000 -0.4715 -0.8819
vn -0.0000 0.4715 -0.8819
vn -0.0000 0.2902 -0.9570
vn 0.0000 0.0981 -0.9952
vn -0.0000 -0.4713 0.8820
vn 0.0000 0.4713 0.8820
vn -0.0000 0.7730 -0.6343
vn -0.9939 -0.1104 0.0000
vn 0.9939 0.1104 0.0000
vn 0.9991 0.0428 -0.0000
vn -0.9991 -0.0428 0.0000
vn -0.9352 0.3542 0.0000
vn 0.9352 -0.3542 0.0000
vn 1.0000 0.0054 0.0000
vn 1.0000 0.0047 0.0000
vn -1.0000 -0.0054 0.0000
vn -1.0000 -0.0047 0.0000
vn 1.0000 0.0041 0.0000
vn -1.0000 -0.0041 0.0000
vn -0.0000 -0.2904 -0.9569
vn 0.0000 -0.0981 0.9952
vn 0.0000 0.0981 0.9952
vn 1.0000 -0.0000 -0.0001
vn 1.0000 0.0001 -0.0000
vn 1.0000 -0.0003 -0.0002
vn -0.0000 0.2904 -0.9569
vn 0.0000 0.7729 -0.6345
vn -1.0000 -0.0001 0.0002
vn -1.0000 -0.0001 0.0001
vn -1.0000 -0.0001 0.0000
vn 1.0000 -0.0001 0.0001
vn 1.0000 -0.0000 0.0002
vn -1.0000 -0.0001 -0.0002
vn -1.0000 -0.0001 -0.0001
vn -0.8228 0.1109 -0.5574
vn -0.8228 0.2175 -0.5251
vn 0.0000 -0.2902 0.9570
vn 0.0000 -0.2905 -0.9569
vn 0.0000 0.6345 -0.7729
vn 0.0000 -0.4712 -0.8821
vn -0.0000 0.4712 -0.8820
vn 0.0000 -0.6345 -0.7729
vn 0.0000 0.2905 -0.9569
vn 0.0000 0.2902 0.9570
vn 0.0000 -0.7729 -0.6345
vn 0.0000 -0.8820 -0.4713
vn 0.0000 0.6345 0.7729
vn 0.0000 0.7729 0.6345
vn 0.0000 0.8820 0.4713
vn -0.0000 0.9569 0.2904
vn 0.0000 -0.9569 0.2904
vn 0.0000 -0.8820 0.4713
vn 0.0000 -0.7729 0.6345
vn 0.0000 -0.6345 0.7729
vn -0.0000 0.8820 -0.4713
vn -0.8228 0.2175 0.5251
vn -0.8228 0.1109 0.5574
vn -0.8228 -0.4726 -0.3158
vn -0.8228 -0.4019 -0.4019
vn -0.8228 0.0000 -0.5683
vn -0.8228 0.3158 0.4726
vn -0.8228 -0.5251 -0.2175
vn -0.8228 0.4019 0.4019
vn -0.8228 -0.5574 -0.1109
vn -0.8228 0.4725 0.3157
vn -0.8228 -0.5683 -0.0000
vn -0.8228 0.5251 0.2175
vn -0.8228 -0.5574 0.1109
vn -0.8228 0.5574 0.1109
vn -0.8228 -0.5251 0.2175
vn -0.8228 0.5683 -0.0000
vn -0.8228 -0.4725 0.3157
vn -0.8228 0.5574 -0.1109
vn -0.8228 -0.4019 0.4019
vn -0.8228 0.5251 -0.2175
vn -0.8228 -0.3158 0.4726
vn -0.8228 0.4725 -0.3157
vn -0.8228 -0.2175 0.5251
vn -0.8228 -0.1109 -0.5574
vn -0.8228 0.4019 -0.4019
vn -0.8228 -0.1109 0.5574
vn -0.8228 -0.2175 -0.5251
vn -0.8228 0.3158 -0.4726
vn -0.8228 0.0000 0.5683
vn -0.8228 -0.3157 -0.4726
vn 0.7344 0.6787 -0.0000
vn 0.7344 0.6657 0.1324
vn 0.7344 -0.5643 0.3771
vn 0.7344 -0.6271 0.2597
vn 0.7344 0.6657 -0.1324
vn 0.7344 -0.4799 0.4799
vn 0.7344 0.6271 -0.2597
vn 0.7344 -0.3771 0.5644
vn 0.7344 0.5643 -0.3771
vn 0.7344 -0.2598 0.6271
vn 0.7344 -0.1324 -0.6657
vn 0.7344 -0.0000 -0.6787
vn 0.7344 0.4799 -0.4799
vn 0.7344 -0.1324 0.6657
vn 0.7344 -0.2597 -0.6271
vn 0.7344 0.3771 -0.5643
vn 0.7344 -0.0000 0.6787
vn 0.7344 -0.3771 -0.5644
vn 0.7344 0.2597 -0.6271
vn 0.7344 0.1324 0.6657
vn 0.7344 -0.4799 -0.4799
vn 0.7344 0.1324 -0.6657
vn 0.7344 0.2597 0.6271
vn 0.7344 -0.5643 -0.3771
vn 0.7344 0.3771 0.5644
vn 0.7344 -0.6271 -0.2597
vn 0.7344 0.4799 0.4799
vn 0.7344 -0.6657 -0.1324
vn 0.7344 0.5643 0.3771
vn 0.7344 -0.6787 -0.0000
vn 0.7344 0.6271 0.2597
vn 0.7344 -0.6657 0.1324
vn 0.0000 0.0979 -0.9952
vn 0.0000 0.6345 0.7730
vn 0.0000 0.8819 0.4715
vn 0.0000 -0.8819 0.4715
vn 0.0000 -0.6345 0.7730
vn 0.0000 -0.0979 -0.9952
vn -0.0980 0.0000 -0.9952
vn -0.2904 0.0000 -0.9569
vn -0.4715 0.0000 -0.8819
vn -0.6344 0.0000 -0.7730
vn -0.7730 0.0000 -0.6344
vn -0.8819 0.0000 -0.4714
vn -0.9569 0.0000 -0.2903
vn -0.9952 0.0000 -0.0980
vn -0.9952 0.0000 0.0980
vn -0.9569 0.0000 0.2903
vn -0.8819 0.0000 0.4714
vn -0.7730 0.0000 0.6344
vn -0.6344 0.0000 0.7730
vn -0.4715 0.0000 0.8819
vn -0.2902 0.0000 0.9570
vn -0.0982 0.0000 0.9952
vn 0.0982 0.0000 0.9952
vn 0.2902 0.0000 0.9570
vn 0.4716 0.0000 0.8818
vn 0.6344 0.0000 0.7730
vn 0.7730 0.0000 0.6344
vn 0.8819 0.0000 0.4714
vn 0.9570 0.0000 0.2902
vn 0.9952 0.0000 0.0980
vn 0.9952 0.0000 -0.0980
vn 0.9569 0.0000 -0.2903
vn 0.8819 0.0000 -0.4714
vn 0.7730 0.0000 -0.6344
vn 0.6344 0.0000 -0.7730
vn 0.4713 0.0000 -0.8820
vn 0.2904 0.0000 -0.9569
vn 0.0980 0.0000 -0.9952
vn 0.0388 -0.9992 0.0000
vn 0.0934 -0.9956 0.0000
vn 0.8927 -0.4506 0.0000
vn 0.6217 0.7833 0.0000
vn -0.7333 -0.6799 0.0000
vn 0.9488 0.3157 0.0000
vn -0.9929 -0.1188 0.0000
vn -0.5264 -0.8502 0.0000
vn 0.4623 0.8867 0.0000
vn 0.9665 -0.2566 0.0000
vn -0.9581 -0.2866 0.0000
vn 0.9212 0.3892 0.0000
vn -0.6050 -0.7962 0.0000
vn 0.6039 0.7970 0.0000
vn 0.5504 0.8349 0.0000
vn -0.4930 -0.8700 0.0000
usemtl Material.001
s 1
f 1/1/1 2/2/1 4/3/1 3/4/1
f 19/5/2 17/6/2 8/7/2 7/8/2
f 7/8/3 8/7/3 6/9/3 5/10/3
f 28/11/4 26/12/4 2/13/4 1/14/4
f 19/15/5 7/8/5 5/10/5 18/16/5
f 27/17/6 4/18/6 2/19/6 26/20/6
f 23/21/7 10/22/7 12/23/7 22/24/7
f 51/25/5 9/26/5 11/27/5 50/28/5
f 24/29/4 22/30/4 12/31/4 11/32/4
f 51/33/2 49/34/2 10/35/2 9/36/2
f 43/37/2 41/38/2 15/39/2 13/40/2
f 43/41/8 13/42/8 16/43/8 42/44/8
f 45/45/9 15/46/9 14/47/9 48/48/9
f 46/49/4 48/50/4 14/51/4 16/52/4
f 5/10/4 6/9/4 20/53/4 18/54/4
f 8/7/10 17/55/10 20/56/10 6/9/10
f 21/57/5 19/15/5 18/16/5 24/58/5
f 21/59/2 23/60/2 17/6/2 19/5/2
f 9/36/2 10/35/2 23/60/2 21/59/2
f 9/26/5 21/57/5 24/58/5 11/27/5
f 18/54/4 20/53/4 22/30/4 24/29/4
f 17/55/11 23/21/11 22/24/11 20/56/11
f 3/61/5 25/62/5 28/63/5 1/64/5
f 3/4/2 4/3/2 27/65/2 25/66/2
f 29/67/6 27/17/6 26/20/6 32/68/6
f 30/69/12 32/70/12 26/12/4 28/11/4
f 40/71/12 38/72/12 32/70/12 30/69/12
f 39/73/6 29/67/6 32/68/6 38/74/6
f 25/62/13 31/75/13 30/76/13 28/63/13
f 25/66/2 27/65/2 29/77/2 31/78/2
f 41/79/6 33/80/6 36/81/6 44/82/6
f 42/83/4 44/84/4 36/85/12 34/86/4
f 37/87/14 35/88/14 34/89/14 40/90/14
f 37/91/15 39/92/15 33/93/15 35/94/2
f 31/78/2 29/77/2 39/92/15 37/91/15
f 31/75/16 37/87/16 40/90/16 30/76/16
f 33/80/6 39/73/6 38/74/6 36/81/6
f 34/86/4 36/85/12 38/72/12 40/71/12
f 16/52/4 14/51/4 44/84/4 42/83/4
f 15/46/6 41/79/6 44/82/6 14/47/6
f 35/88/17 43/41/17 42/44/17 34/89/17
f 35/94/2 33/93/15 41/38/2 43/37/2
f 50/95/4 52/96/4 48/50/4 46/49/4
f 49/97/18 45/45/18 48/48/18 52/98/18
f 13/40/2 15/39/2 45/99/2 47/100/2
f 13/42/19 47/101/19 46/102/19 16/43/19
f 10/22/18 49/97/18 52/98/18 12/23/18
f 11/32/4 12/31/4 52/96/4 50/95/4
f 47/100/2 45/99/2 49/34/2 51/33/2
f 47/101/20 51/25/20 50/28/20 46/102/20
f 53/103/21 57/104/21 59/105/21 55/106/21
f 75/107/4 55/108/4 59/109/4 73/110/4
f 73/110/22 59/109/22 57/111/22 76/112/22
f 58/113/5 54/114/5 56/115/5 60/116/5
f 74/117/23 53/118/23 55/119/23 75/120/23
f 76/121/2 57/122/2 53/123/2 74/124/2
f 58/125/2 64/126/2 61/127/2 54/114/2
f 54/128/23 61/129/23 63/130/23 56/131/23
f 60/132/24 62/133/24 64/134/24 58/113/24
f 56/135/4 63/136/4 62/133/4 60/132/4
f 64/126/2 68/137/2 66/138/2 61/127/2
f 61/129/23 66/139/23 67/140/23 63/130/23
f 62/133/25 65/141/25 68/142/25 64/134/25
f 63/136/4 67/143/4 65/141/4 62/133/4
f 68/137/2 72/144/2 70/145/2 66/138/2
f 66/139/23 70/146/23 71/147/23 67/140/23
f 65/141/26 69/148/26 72/149/26 68/142/26
f 67/143/4 71/150/4 69/148/4 65/141/4
f 72/144/2 76/121/2 74/124/2 70/145/2
f 70/146/23 74/117/23 75/120/23 71/147/23
f 69/148/27 73/110/27 76/112/27 72/149/27
f 71/150/4 75/107/4 73/110/4 69/148/4
f 77/151/1 78/152/1 80/153/1 79/154/1
f 95/155/2 93/156/2 84/157/2 83/158/2
f 83/158/23 84/157/23 82/159/23 81/160/23
f 87/161/4 88/162/4 78/163/4 77/164/4
f 95/165/28 83/158/28 81/160/28 94/166/28
f 86/167/29 80/168/29 78/169/29 88/170/29
f 111/171/30 86/167/30 88/170/30 110/172/30
f 79/173/31 85/174/31 87/175/31 77/176/31
f 112/177/4 110/178/4 88/162/4 87/161/4
f 79/154/2 80/153/2 86/179/2 85/180/2
f 94/181/4 96/182/4 92/183/4 90/184/4
f 93/185/32 89/186/32 92/187/32 96/188/32
f 107/189/33 91/190/33 90/191/33 106/192/33
f 107/193/2 105/194/2 89/195/2 91/196/2
f 84/157/34 93/185/34 96/188/34 82/159/34
f 81/160/4 82/159/4 96/182/4 94/181/4
f 91/190/35 95/165/35 94/166/35 90/191/35
f 91/196/2 89/195/2 93/156/2 95/155/2
f 109/197/2 111/198/2 99/199/15 97/200/15
f 109/201/33 97/202/33 100/203/33 112/204/33
f 102/205/4 104/206/4 98/207/4 100/208/4
f 101/209/36 99/210/36 98/211/36 104/212/36
f 105/213/37 101/209/37 104/212/37 108/214/37
f 106/215/4 108/216/4 104/206/4 102/205/4
f 97/200/15 99/199/15 101/217/2 103/218/2
f 97/202/33 103/219/33 102/220/33 100/203/33
f 90/184/4 92/183/4 108/216/4 106/215/4
f 89/186/38 105/213/38 108/214/38 92/187/38
f 103/218/2 101/217/2 105/194/2 107/193/2
f 103/219/33 107/189/33 106/192/33 102/220/33
f 85/174/33 109/201/33 112/204/33 87/175/33
f 85/180/2 86/179/2 111/198/2 109/197/2
f 100/208/4 98/207/4 110/178/4 112/177/4
f 99/210/39 111/171/39 110/172/39 98/211/39
f 163/221/40 114/222/40 116/223/40 164/224/40
f 172/225/2 153/226/2 120/227/2 165/228/2
f 165/228/41 120/227/41 118/229/41 166/230/41
f 170/231/4 144/232/4 114/233/4 163/234/4
f 158/235/42 119/236/42 117/237/42 154/238/42
f 148/239/21 116/240/21 114/241/21 144/242/21
f 149/243/4 145/244/4 121/245/4 113/246/4
f 119/236/43 123/247/43 124/248/43 117/237/43
f 158/249/2 155/250/2 123/247/2 119/236/2
f 113/251/44 121/252/44 122/253/44 115/254/44
f 145/244/4 146/255/4 125/256/4 121/245/4
f 123/247/45 127/257/45 128/258/45 124/248/45
f 155/250/2 156/259/2 127/257/2 123/247/2
f 121/252/46 125/260/46 126/261/46 122/253/46
f 146/255/4 147/262/4 129/263/4 125/256/4
f 127/257/47 131/264/47 132/265/47 128/258/47
f 156/259/2 157/266/2 131/264/2 127/257/2
f 125/260/48 129/267/48 130/268/48 126/261/48
f 151/269/2 152/270/2 142/271/2 140/272/2
f 161/273/4 162/274/4 141/275/4 139/276/4
f 150/277/2 151/269/2 140/272/2 138/278/2
f 160/279/4 161/273/4 139/276/4 137/280/4
f 143/281/2 150/277/2 138/278/2 133/282/2
f 154/283/4 160/279/4 137/280/4 135/284/4
f 153/285/21 134/286/21 136/287/21 159/288/21
f 143/289/49 133/290/49 135/291/49 149/292/49
f 171/293/4 159/294/4 136/295/4 167/296/4
f 169/297/2 148/298/2 134/299/2 168/300/2
f 164/224/2 116/223/2 148/298/2 169/297/2
f 115/301/50 143/289/50 149/292/50 113/302/50
f 115/254/2 122/253/2 150/277/2 143/281/2
f 122/253/2 126/261/2 151/269/2 150/277/2
f 126/261/2 130/268/2 152/270/2 151/269/2
f 139/276/4 141/275/4 147/262/4 146/255/4
f 137/280/4 139/276/4 146/255/4 145/244/4
f 135/284/4 137/280/4 145/244/4 149/243/4
f 134/286/21 148/239/21 144/242/21 136/287/21
f 167/296/4 136/295/4 144/232/4 170/231/4
f 166/230/4 118/229/4 159/294/4 171/293/4
f 120/227/21 153/285/21 159/288/21 118/229/21
f 117/237/4 124/248/4 160/279/4 154/283/4
f 124/248/4 128/258/4 161/273/4 160/279/4
f 128/258/4 132/265/4 162/274/4 161/273/4
f 140/272/2 142/271/2 157/266/2 156/259/2
f 138/278/2 140/272/2 156/259/2 155/250/2
f 133/282/2 138/278/2 155/250/2 158/249/2
f 133/290/51 158/235/51 154/238/51 135/291/51
f 168/300/2 134/299/2 153/226/2 172/225/2
f 142/271/2 168/300/2 172/225/2 157/266/2
f 132/265/4 166/230/4 171/293/4 162/274/4
f 141/275/4 167/296/4 170/231/4 147/262/4
f 130/268/2 164/224/2 169/297/2 152/270/2
f 152/270/2 169/297/2 168/300/2 142/271/2
f 162/274/4 171/293/4 167/296/4 141/275/4
f 147/262/4 170/231/4 163/234/4 129/263/4
f 178/303/4 177/304/4 176/305/4 175/306/4
f 157/266/2 172/225/2 165/228/2 131/264/2
f 129/267/40 163/221/40 164/224/40 130/268/40
f 174/307/23 173/308/23 175/306/23 176/305/23
f 179/309/21 178/303/21 175/306/21 173/308/21
f 180/310/2 179/309/2 173/308/2 174/307/2
f 186/311/4 185/312/4 183/313/4 182/314/4
f 204/315/5 203/316/5 180/310/5 177/304/5
f 203/316/2 202/317/2 179/309/2 180/310/2
f 202/317/21 201/318/21 178/303/21 179/309/21
f 201/318/4 204/315/4 177/304/4 178/303/4
f 183/313/52 184/319/52 181/320/5 182/314/5
f 187/321/23 186/311/23 182/314/23 181/320/23
f 188/322/2 187/321/2 181/320/2 184/319/2
f 184/319/52 183/313/52 190/323/53 189/324/53
f 177/304/1 180/310/1 188/322/1 185/312/1
f 180/310/2 174/307/2 187/321/2 188/322/2
f 174/307/23 176/305/23 186/311/23 187/321/23
f 176/305/4 177/304/4 185/312/4 186/311/4
f 198/325/54 197/326/54 196/327/54 195/328/54
f 185/312/55 188/322/55 192/329/55 191/330/55
f 183/313/4 185/312/4 191/330/4 190/323/4
f 188/322/2 184/319/2 189/324/2 192/329/2
f 195/328/56 196/327/56 193/331/56 194/332/56
f 199/333/57 198/325/57 195/328/57 194/332/57
f 197/326/58 200/334/58 193/331/58 196/327/58
f 200/334/59 199/333/59 194/332/59 193/331/59
f 189/324/59 190/323/59 199/333/59 200/334/59
f 192/329/2 189/324/2 200/334/2 197/326/2
f 190/323/4 191/330/4 198/325/4 199/333/4
f 191/330/54 192/329/54 197/326/54 198/325/54
f 166/230/60 132/265/60 204/315/60 201/318/60
f 165/228/21 166/230/21 201/318/21 202/317/21
f 131/264/61 165/228/61 202/317/61 203/316/61
f 132/265/5 131/264/5 203/316/5 204/315/5
f 205/335/62 206/336/62 208/337/62 207/338/62
f 207/338/63 208/337/63 210/339/63 209/340/63
f 209/340/64 210/339/64 212/341/64 211/342/64
f 211/342/65 212/341/65 214/343/65 213/344/65
f 213/344/66 214/343/66 216/345/66 215/346/66
f 215/346/67 216/345/67 218/347/67 217/348/67
f 217/348/68 218/347/68 220/349/68 219/350/68
f 219/350/69 220/349/69 222/351/69 221/352/69
f 221/352/70 222/351/70 224/353/70 223/354/70
f 223/354/71 224/353/71 226/355/71 225/356/71
f 225/356/72 226/355/72 228/357/72 227/358/72
f 227/358/73 228/357/73 230/359/73 229/360/73
f 229/360/74 230/359/74 232/361/74 231/362/74
f 231/362/75 232/361/75 234/363/75 233/364/75
f 233/364/76 234/363/76 236/365/76 235/366/76
f 235/366/77 236/365/77 238/367/77 237/368/77
f 237/368/78 238/367/78 240/369/78 239/370/78
f 239/370/79 240/369/79 242/371/79 241/372/79
f 241/372/80 242/371/80 244/373/80 243/374/80
f 243/374/81 244/373/81 246/375/81 245/376/81
f 245/376/82 246/375/82 248/377/82 247/378/82
f 247/378/83 248/377/83 250/379/83 249/380/83
f 249/380/84 250/379/84 252/381/84 251/382/84
f 251/382/85 252/381/85 254/383/85 253/384/85
f 253/384/86 254/383/86 256/385/86 255/386/86
f 255/386/87 256/385/87 258/387/87 257/388/87
f 257/388/88 258/387/88 260/389/88 259/390/88
f 259/390/89 260/389/89 262/391/89 261/392/89
f 261/392/90 262/391/90 264/393/90 263/394/90
f 263/394/91 264/393/91 266/395/91 265/396/91
f 208/397/23 206/398/23 268/399/23 266/400/23 264/401/23 262/402/23 260/403/23 258/404/23 256/405/23 254/406/23 252/407/23 250/408/23 248/409/23 246/410/23 244/411/23 242/412/23 240/413/23 238/414/23 236/415/23 234/416/23 232/417/23 230/418/23 228/419/23 226/420/23 224/421/23 222/422/23 220/423/23 218/424/23 216/425/23 214/426/23 212/427/23 210/428/23
f 265/396/92 266/395/92 268/429/92 267/430/92
f 267/430/93 268/429/93 206/431/93 205/432/93
f 205/433/1 207/434/1 209/435/1 211/436/1 213/437/1 215/438/1 217/439/1 219/440/1 221/441/1 223/442/1 225/443/1 227/444/1 229/445/1 231/446/1 233/447/1 235/448/1 237/449/1 239/450/1 241/451/1 243/452/1 245/453/1 247/454/1 249/455/1 251/456/1 253/457/1 255/458/1 257/459/1 259/460/1 261/461/1 263/462/1 265/463/1 267/464/1
f 269/465/62 270/466/62 272/467/62 271/468/62
f 271/468/63 272/467/63 274/469/63 273/470/63
f 273/470/64 274/469/64 276/471/64 275/472/64
f 275/472/65 276/471/65 278/473/65 277/474/65
f 277/474/66 278/473/66 280/475/66 279/476/66
f 279/476/67 280/475/67 282/477/67 281/478/67
f 281/478/68 282/477/68 284/479/68 283/480/68
f 283/480/69 284/479/69 286/481/69 285/482/69
f 285/482/70 286/481/70 288/483/70 287/484/70
f 287/484/71 288/483/71 290/485/71 289/486/71
f 289/486/72 290/485/72 292/487/72 291/488/72
f 291/488/73 292/487/73 294/489/73 293/490/73
f 293/490/74 294/489/74 296/491/74 295/492/74
f 295/492/75 296/491/75 298/493/75 297/494/75
f 297/494/76 298/493/76 300/495/76 299/496/76
f 299/496/77 300/495/77 302/497/77 301/498/77
f 301/498/78 302/497/78 304/499/78 303/500/78
f 303/500/79 304/499/79 306/501/79 305/502/79
f 305/502/80 306/501/80 308/503/80 307/504/80
f 307/504/81 308/503/81 310/505/81 309/506/81
f 309/506/82 310/505/82 312/507/82 311/508/82
f 311/508/83 312/507/83 314/509/83 313/510/83
f 313/510/84 314/509/84 316/511/84 315/512/84
f 315/512/85 316/511/85 318/513/85 317/514/85
f 317/514/86 318/513/86 320/515/86 319/516/86
f 319/516/87 320/515/87 322/517/87 321/518/87
f 321/518/88 322/517/88 324/519/88 323/520/88
f 323/520/89 324/519/89 326/521/89 325/522/89
f 325/522/90 326/521/90 328/523/90 327/524/90
f 327/524/91 328/523/91 330/525/91 329/526/91
f 272/527/23 270/528/23 332/529/23 330/530/23 328/531/23 326/532/23 324/533/23 322/534/23 320/535/23 318/536/23 316/537/23 314/538/23 312/539/23 310/540/23 308/541/23 306/542/23 304/543/23 302/544/23 300/545/23 298/546/23 296/547/23 294/548/23 292/549/23 290/550/23 288/551/23 286/552/23 284/553/23 282/554/23 280/555/23 278/556/23 276/557/23 274/558/23
f 329/526/92 330/525/92 332/559/92 331/560/92
f 331/560/93 332/559/93 270/561/93 269/562/93
f 269/563/1 271/564/1 273/565/1 275/566/1 277/567/1 279/568/1 281/569/1 283/570/1 285/571/1 287/572/1 289/573/1 291/574/1 293/575/1 295/576/1 297/577/1 299/578/1 301/579/1 303/580/1 305/581/1 307/582/1 309/583/1 311/584/1 313/585/1 315/586/1 317/587/1 319/588/1 321/589/1 323/590/1 325/591/1 327/592/1 329/593/1 331/594/1
f 333/595/1 334/596/1 336/597/1 335/598/1
f 341/599/2 342/600/2 340/601/2 339/602/2
f 339/602/23 340/601/23 338/603/23 337/604/23
f 343/605/4 344/606/4 334/607/4 333/608/4
f 350/609/2 349/610/2 346/611/2 348/612/2
f 342/613/21 336/614/21 334/615/21 344/616/21
f 340/601/21 342/613/21 344/616/21 338/603/21
f 335/617/5 341/618/5 343/619/5 333/620/5
f 337/604/4 338/603/4 344/606/4 343/605/4
f 335/598/2 336/597/2 342/600/2 341/599/2
f 348/621/5 346/611/5 345/622/5 347/623/5
f 352/624/4 351/625/4 347/626/4 345/622/4
f 358/627/5 357/628/5 354/629/5 353/630/5
f 349/610/23 352/624/23 345/622/23 346/611/23
f 339/602/23 337/604/23 352/624/23 349/610/23
f 343/619/1 341/618/1 350/631/1 351/632/1
f 337/604/4 343/605/4 351/625/4 352/624/4
f 341/599/2 339/602/2 349/610/2 350/609/2
f 362/633/94 361/634/94 369/635/94 370/636/94
f 357/637/4 359/638/4 355/639/4 354/640/4
f 360/641/2 356/642/2 361/643/2 364/644/2
f 360/641/2 358/645/2 353/646/2 356/642/2
f 350/609/2 348/612/2 358/645/2 360/641/2
f 351/632/21 350/631/21 360/647/21 359/648/21
f 347/626/4 351/625/4 359/638/4 357/637/4
f 348/621/5 347/623/5 357/628/5 358/627/5
f 363/649/21 364/650/21 361/634/21 362/633/21
f 361/643/2 356/642/2 368/651/2 369/652/2
f 355/639/4 359/638/4 363/653/4 362/654/4
f 359/648/23 360/647/23 364/650/23 363/649/23
f 367/655/1 368/656/1 365/657/1 366/658/1
f 368/656/1 367/655/1 370/636/1 369/635/1
f 354/640/4 355/639/4 367/659/4 366/660/4
f 356/642/2 353/646/2 365/661/2 368/651/2
f 355/639/4 362/654/4 370/662/4 367/659/4
f 353/630/95 354/629/95 366/658/95 365/657/95
f 379/663/1 372/664/1 374/665/1 380/666/1
f 395/667/2 393/668/2 378/669/2 381/670/2
f 381/670/23 378/669/23 376/671/23 382/672/23
f 391/673/4 390/674/4 372/675/4 379/676/4
f 396/677/5 377/678/5 375/679/5 394/680/5
f 388/681/96 374/682/96 372/683/96 390/684/96
f 389/685/4 391/673/4 379/676/4 371/686/4
f 377/678/2 381/670/2 383/687/2 384/688/2
f 396/689/2 395/667/2 381/670/2 377/678/2
f 371/690/1 379/663/1 380/666/1 373/691/1
f 384/688/23 383/687/23 386/692/23 385/693/23
f 381/670/21 382/672/21 386/692/21 383/687/21
f 382/672/4 375/679/4 385/693/4 386/692/4
f 375/679/5 377/678/5 384/688/5 385/693/5
f 373/691/2 380/666/2 392/694/2 387/695/2
f 394/696/4 398/697/4 391/673/4 389/685/4
f 404/698/4 403/699/4 399/700/4 400/701/4
f 373/702/5 387/703/5 389/704/5 371/705/5
f 398/697/4 397/706/4 390/674/4 391/673/4
f 380/666/2 374/665/2 388/707/2 392/694/2
f 382/672/4 376/671/4 397/706/4 398/697/4
f 378/669/21 393/708/21 397/709/21 376/671/21
f 375/679/4 382/672/4 398/697/4 394/696/4
f 387/695/2 392/694/2 395/667/2 396/689/2
f 387/703/5 396/677/5 394/680/5 389/704/5
f 392/694/2 388/707/2 393/668/2 395/667/2
f 402/710/21 401/711/21 400/712/21 399/713/21
f 406/714/2 405/715/2 401/716/2 402/717/2
f 405/718/1 404/719/1 400/712/1 401/711/1
f 399/700/4 403/699/4 409/720/4 408/721/4
f 397/709/23 393/708/23 406/722/23 403/723/23
f 388/681/1 390/684/1 404/719/1 405/718/1
f 393/668/2 388/707/2 405/715/2 406/714/2
f 390/674/4 397/706/4 403/699/4 404/698/4
f 409/724/23 410/725/23 407/726/23 408/727/23
f 406/714/2 402/717/2 407/728/2 410/729/2
f 402/710/21 399/713/21 408/727/21 407/726/21
f 403/723/5 406/722/5 410/725/5 409/724/5
f 419/730/1 412/731/1 414/732/1 420/733/1
f 420/733/2 414/732/2 418/734/2 421/735/2
f 436/736/4 435/737/4 432/738/4 433/739/4
f 422/740/4 416/741/4 412/742/4 419/743/4
f 413/744/5 417/745/5 415/746/5 411/747/5
f 418/734/21 414/748/21 412/749/21 416/741/21
f 415/746/4 422/740/4 419/743/4 411/750/4
f 417/745/23 421/735/23 422/740/23 415/746/23
f 413/751/2 420/733/2 421/735/2 417/745/2
f 411/752/1 419/730/1 420/733/1 413/751/1
f 425/753/23 423/754/23 424/755/23 426/756/23
f 430/757/5 429/758/5 425/753/5 426/756/5
f 427/759/4 430/757/4 426/756/4 424/755/4
f 429/758/2 428/760/2 423/754/2 425/753/2
f 421/735/2 418/734/2 428/760/2 429/758/2
f 416/741/4 422/740/4 430/757/4 427/759/4
f 422/740/5 421/735/5 429/758/5 430/757/5
f 418/734/21 416/741/21 427/759/21 428/760/21
f 434/761/21 433/739/21 432/738/97 431/762/97
f 437/763/1 436/736/1 433/739/1 434/761/1
f 438/764/2 431/762/2 439/765/2 442/766/2
f 438/764/2 437/763/2 434/761/2 431/762/2
f 423/754/2 428/760/2 437/763/2 438/764/2
f 424/755/23 423/754/23 438/764/23 435/737/23
f 428/760/1 427/759/1 436/736/1 437/763/1
f 427/759/4 424/755/4 435/737/4 436/736/4
f 442/766/2 439/765/2 443/767/2 446/768/2
f 432/738/4 435/737/4 441/769/4 440/770/4
f 435/737/98 438/764/98 442/766/98 441/769/98
f 431/762/97 432/738/97 440/770/99 439/765/99
f 445/771/100 446/768/100 450/772/100 449/773/100
f 439/765/101 440/770/101 444/774/101 443/767/101
f 441/769/102 442/766/102 446/768/102 445/771/102
f 440/770/4 441/769/4 445/771/4 444/774/4
f 450/772/2 447/775/2 451/776/2 454/777/2
f 444/774/4 445/771/4 449/773/4 448/778/4
f 446/768/2 443/767/2 447/775/2 450/772/2
f 443/767/103 444/774/103 448/778/103 447/775/103
f 454/777/2 451/776/2 455/779/2 458/780/2
f 447/775/104 448/778/104 452/781/104 451/776/104
f 449/773/105 450/772/105 454/777/105 453/782/105
f 448/778/4 449/773/4 453/782/4 452/781/4
f 457/783/106 458/780/106 462/784/106 461/785/106
f 451/776/107 452/781/107 456/786/107 455/779/107
f 453/782/108 454/777/108 458/780/108 457/783/108
f 452/781/4 453/782/4 457/783/4 456/786/4
f 462/784/2 459/787/2 463/788/2 466/789/2
f 456/786/4 457/783/4 461/785/4 460/790/4
f 458/780/2 455/779/2 459/787/2 462/784/2
f 455/779/109 456/786/109 460/790/109 459/787/109
f 463/788/5 464/791/5 468/792/5 467/793/5
f 459/787/110 460/790/110 464/791/110 463/788/110
f 461/785/111 462/784/111 466/789/111 465/794/111
f 460/790/4 461/785/4 465/794/4 464/791/4
f 469/795/23 470/796/23 474/797/23 473/798/23
f 465/794/21 466/789/21 470/796/21 469/795/21
f 464/791/4 465/794/4 469/795/4 468/792/4
f 466/789/2 463/788/2 467/793/2 470/796/2
f 474/797/2 471/799/2 475/800/2 478/801/2
f 468/792/23 469/795/23 473/798/23 472/802/23
f 470/796/23 467/793/23 471/799/23 474/797/23
f 467/793/23 468/792/23 472/802/23 471/799/23
f 477/803/1 478/801/1 475/800/1 476/804/1
f 471/799/5 472/802/5 476/804/5 475/800/5
f 473/798/21 474/797/21 478/801/21 477/803/21
f 472/802/4 473/798/4 477/803/4 476/804/4
f 479/805/112 480/806/112 482/807/112 481/808/112
f 481/808/113 482/807/113 484/809/113 483/810/113
f 483/810/114 484/809/114 486/811/114 485/812/114
f 485/812/65 486/811/65 488/813/65 487/814/65
f 487/814/66 488/813/66 490/815/66 489/816/66
f 489/816/67 490/815/67 492/817/67 491/818/67
f 491/818/68 492/817/68 494/819/68 493/820/68
f 493/820/69 494/819/69 496/821/69 495/822/69
f 495/822/70 496/821/70 498/823/70 497/824/70
f 497/824/71 498/823/71 500/825/71 499/826/71
f 499/826/72 500/825/72 502/827/72 501/828/72
f 501/828/73 502/827/73 504/829/73 503/830/73
f 503/830/74 504/829/74 506/831/74 505/832/74
f 505/832/75 506/831/75 508/833/75 507/834/75
f 507/834/76 508/833/76 510/835/76 509/836/76
f 509/836/77 510/835/77 512/837/77 511/838/77
f 511/838/78 512/837/78 514/839/78 513/840/78
f 513/840/79 514/839/79 516/841/79 515/842/79
f 515/842/80 516/841/80 518/843/80 517/844/80
f 517/844/81 518/843/81 520/845/81 519/846/81
f 519/846/82 520/845/82 522/847/82 521/848/82
f 521/848/83 522/847/83 524/849/83 523/850/83
f 523/850/84 524/849/84 526/851/84 525/852/84
f 525/852/85 526/851/85 528/853/85 527/854/85
f 527/854/86 528/853/86 530/855/86 529/856/86
f 529/856/87 530/855/87 532/857/87 531/858/87
f 531/858/88 532/857/88 534/859/88 533/860/88
f 533/860/89 534/859/89 536/861/89 535/862/89
f 535/862/90 536/861/90 538/863/90 537/864/90
f 537/864/115 538/863/115 540/865/115 539/866/115
f 482/867/23 480/868/23 542/869/23 540/870/23 538/871/23 536/872/23 534/873/23 532/874/23 530/875/23 528/876/23 526/877/23 524/878/23 522/879/23 520/880/23 518/881/23 516/882/23 514/883/23 512/884/23 510/885/23 508/886/23 506/887/23 504/888/23 502/889/23 500/890/23 498/891/23 496/892/23 494/893/23 492/894/23 490/895/23 488/896/23 486/897/23 484/898/23
f 539/866/116 540/865/116 542/899/116 541/900/116
f 541/900/117 542/899/117 480/901/117 479/902/117
f 479/903/1 481/904/1 483/905/1 485/906/1 487/907/1 489/908/1 491/909/1 493/910/1 495/911/1 497/912/1 499/913/1 501/914/1 503/915/1 505/916/1 507/917/1 509/918/1 511/919/1 513/920/1 515/921/1 517/922/1 519/923/1 521/924/1 523/925/1 525/926/1 527/927/1 529/928/1 531/929/1 533/930/1 535/931/1 537/932/1 539/933/1 541/934/1
f 543/935/62 544/936/62 546/937/62 545/938/62
f 545/938/63 546/937/63 548/939/63 547/940/63
f 547/940/64 548/939/64 550/941/64 549/942/64
f 549/942/65 550/941/65 552/943/65 551/944/65
f 551/944/66 552/943/66 554/945/66 553/946/66
f 553/946/67 554/945/67 556/947/67 555/948/67
f 555/948/68 556/947/68 558/949/68 557/950/68
f 557/950/69 558/949/69 560/951/69 559/952/69
f 559/952/70 560/951/70 562/953/70 561/954/70
f 561/954/71 562/953/71 564/955/71 563/956/71
f 563/956/72 564/955/72 566/957/72 565/958/72
f 565/958/73 566/957/73 568/959/73 567/960/73
f 567/960/74 568/959/74 570/961/74 569/962/74
f 569/962/118 570/961/118 572/963/118 571/964/118
f 571/964/76 572/963/76 574/965/76 573/966/76
f 573/966/77 574/965/77 576/967/77 575/968/77
f 575/968/78 576/967/78 578/969/78 577/970/78
f 577/970/79 578/969/79 580/971/79 579/972/79
f 579/972/119 580/971/119 582/973/119 581/974/119
f 581/974/81 582/973/81 584/975/81 583/976/81
f 583/976/82 584/975/82 586/977/82 585/978/82
f 585/978/83 586/977/83 588/979/83 587/980/83
f 587/980/84 588/979/84 590/981/84 589/982/84
f 589/982/85 590/981/85 592/983/85 591/984/85
f 591/984/86 592/983/86 594/985/86 593/986/86
f 593/986/87 594/985/87 596/987/87 595/988/87
f 595/988/88 596/987/88 598/989/88 597/990/88
f 597/990/120 598/989/120 600/991/120 599/992/120
f 599/992/90 600/991/90 602/993/90 601/994/90
f 601/994/91 602/993/91 604/995/91 603/996/91
f 546/997/23 544/998/23 606/999/23 604/1000/23 602/1001/23 600/1002/23 598/1003/23 596/1004/23 594/1005/23 592/1006/23 590/1007/23 588/1008/23 586/1009/23 584/1010/23 582/1011/23 580/1012/23 578/1013/23 576/1014/23 574/1015/23 572/1016/23 570/1017/23 568/1018/23 566/1019/23 564/1020/23 562/1021/23 560/1022/23 558/1023/23 556/1024/23 554/1025/23 552/1026/23 550/1027/23 548/1028/23
f 603/996/92 604/995/92 606/1029/92 605/1030/92
f 605/1030/93 606/1029/93 544/1031/93 543/1032/93
f 543/1033/1 545/1034/1 547/1035/1 549/1036/1 551/1037/1 553/1038/1 555/1039/1 557/1040/1 559/1041/1 561/1042/1 563/1043/1 565/1044/1 567/1045/1 569/1046/1 571/1047/1 573/1048/1 575/1049/1 577/1050/1 579/1051/1 581/1052/1 583/1053/1 585/1054/1 587/1055/1 589/1056/1 591/1057/1 593/1058/1 595/1059/1 597/1060/1 599/1061/1 601/1062/1 603/1063/1 605/1064/1
f 635/1065/121 608/1066/121 610/1067/121 636/1068/121
f 636/1068/2 610/1067/2 614/1069/2 637/1070/2
f 637/1070/122 614/1069/122 612/1071/122 638/1072/122
f 638/1072/4 612/1071/4 608/1073/4 635/1074/4
f 609/1075/5 613/1076/5 611/1077/5 607/1078/5
f 614/1069/21 610/1079/21 608/1080/21 612/1071/21
f 611/1077/4 618/1081/4 615/1082/4 607/1083/4
f 613/1076/123 617/1084/123 618/1081/123 611/1077/123
f 609/1085/2 616/1086/2 617/1084/2 613/1076/2
f 624/1087/4 623/1088/4 622/1089/4 620/1090/4
f 620/1091/124 622/1092/124 621/1093/124 619/1094/124
f 621/1093/125 622/1092/125 627/1095/125 628/1096/125
f 626/1097/5 624/1098/5 620/1099/5 619/1100/5
f 625/1101/2 626/1102/2 619/1094/2 621/1093/2
f 616/1086/2 609/1085/2 626/1102/2 625/1101/2
f 609/1075/5 607/1078/5 624/1098/5 626/1097/5
f 615/1103/21 616/1086/21 625/1101/21 623/1104/21
f 607/1083/4 615/1082/4 623/1088/4 624/1087/4
f 629/1105/21 630/1106/21 628/1096/21 627/1095/21
f 623/1104/126 625/1101/126 630/1106/126 629/1105/126
f 625/1101/2 621/1093/2 628/1096/2 630/1106/2
f 622/1089/4 623/1088/4 629/1107/4 627/1108/4
f 618/1081/4 634/1109/4 631/1110/4 615/1082/4
f 617/1084/127 633/1111/128 634/1109/128 618/1081/127
f 616/1086/2 632/1112/2 633/1111/2 617/1084/2
f 615/1103/129 631/1113/130 632/1112/130 616/1086/129
f 634/1109/4 638/1072/4 635/1074/4 631/1110/4
f 633/1111/128 637/1070/131 638/1072/131 634/1109/128
f 632/1112/2 636/1068/2 637/1070/2 633/1111/2
f 631/1113/130 635/1065/132 636/1068/132 632/1112/130
f 639/1114/62 640/1115/62 642/1116/62 641/1117/62
f 641/1117/113 642/1116/113 644/1118/113 643/1119/113
f 643/1119/64 644/1118/64 646/1120/64 645/1121/64
f 645/1121/65 646/1120/65 648/1122/65 647/1123/65
f 647/1123/66 648/1122/66 650/1124/66 649/1125/66
f 649/1125/67 650/1124/67 652/1126/67 651/1127/67
f 651/1127/68 652/1126/68 654/1128/68 653/1129/68
f 653/1129/69 654/1128/69 656/1130/69 655/1131/69
f 655/1131/70 656/1130/70 658/1132/70 657/1133/70
f 657/1133/71 658/1132/71 660/1134/71 659/1135/71
f 659/1135/72 660/1134/72 662/1136/72 661/1137/72
f 661/1137/73 662/1136/73 664/1138/73 663/1139/73
f 663/1139/74 664/1138/74 666/1140/74 665/1141/74
f 665/1141/75 666/1140/75 668/1142/75 667/1143/75
f 667/1143/76 668/1142/76 670/1144/76 669/1145/76
f 669/1145/77 670/1144/77 672/1146/77 671/1147/77
f 671/1147/78 672/1146/78 674/1148/78 673/1149/78
f 673/1149/79 674/1148/79 676/1150/79 675/1151/79
f 675/1151/80 676/1150/80 678/1152/80 677/1153/80
f 677/1153/81 678/1152/81 680/1154/81 679/1155/81
f 679/1155/82 680/1154/82 682/1156/82 681/1157/82
f 681/1157/83 682/1156/83 684/1158/83 683/1159/83
f 683/1159/84 684/1158/84 686/1160/84 685/1161/84
f 685/1161/85 686/1160/85 688/1162/85 687/1163/85
f 687/1163/86 688/1162/86 690/1164/86 689/1165/86
f 689/1165/87 690/1164/87 692/1166/87 691/1167/87
f 691/1167/88 692/1166/88 694/1168/88 693/1169/88
f 693/1169/89 694/1168/89 696/1170/89 695/1171/89
f 695/1171/90 696/1170/90 698/1172/90 697/1173/90
f 697/1173/91 698/1172/91 700/1174/91 699/1175/91
f 642/1176/23 640/1177/23 702/1178/23 700/1179/23 698/1180/23 696/1181/23 694/1182/23 692/1183/23 690/1184/23 688/1185/23 686/1186/23 684/1187/23 682/1188/23 680/1189/23 678/1190/23 676/1191/23 674/1192/23 672/1193/23 670/1194/23 668/1195/23 666/1196/23 664/1197/23 662/1198/23 660/1199/23 658/1200/23 656/1201/23 654/1202/23 652/1203/23 650/1204/23 648/1205/23 646/1206/23 644/1207/23
f 699/1175/116 700/1174/116 702/1208/116 701/1209/116
f 701/1209/93 702/1208/93 640/1210/93 639/1211/93
f 639/1212/1 641/1213/1 643/1214/1 645/1215/1 647/1216/1 649/1217/1 651/1218/1 653/1219/1 655/1220/1 657/1221/1 659/1222/1 661/1223/1 663/1224/1 665/1225/1 667/1226/1 669/1227/1 671/1228/1 673/1229/1 675/1230/1 677/1231/1 679/1232/1 681/1233/1 683/1234/1 685/1235/1 687/1236/1 689/1237/1 691/1238/1 693/1239/1 695/1240/1 697/1241/1 699/1242/1 701/1243/1
f 703/1244/62 704/1245/62 706/1246/62 705/1247/62
f 705/1247/133 706/1246/133 708/1248/133 707/1249/133
f 707/1249/64 708/1248/64 710/1250/64 709/1251/64
f 709/1251/65 710/1250/65 712/1252/65 711/1253/65
f 711/1253/66 712/1252/66 714/1254/66 713/1255/66
f 713/1255/67 714/1254/67 716/1256/67 715/1257/67
f 715/1257/68 716/1256/68 718/1258/68 717/1259/68
f 717/1259/69 718/1258/69 720/1260/69 719/1261/69
f 719/1261/70 720/1260/70 722/1262/70 721/1263/70
f 721/1263/71 722/1262/71 724/1264/71 723/1265/71
f 723/1265/72 724/1264/72 726/1266/72 725/1267/72
f 725/1267/73 726/1266/73 728/1268/73 727/1269/73
f 727/1269/74 728/1268/74 730/1270/74 729/1271/74
f 729/1271/75 730/1270/75 732/1272/75 731/1273/75
f 731/1273/76 732/1272/76 734/1274/76 733/1275/76
f 733/1275/134 734/1274/134 736/1276/134 735/1277/134
f 735/1277/135 736/1276/135 738/1278/135 737/1279/135
f 737/1279/79 738/1278/79 740/1280/79 739/1281/79
f 739/1281/80 740/1280/80 742/1282/80 741/1283/80
f 741/1283/81 742/1282/81 744/1284/81 743/1285/81
f 743/1285/82 744/1284/82 746/1286/82 745/1287/82
f 745/1287/83 746/1286/83 748/1288/83 747/1289/83
f 747/1289/84 748/1288/84 750/1290/84 749/1291/84
f 749/1291/85 750/1290/85 752/1292/85 751/1293/85
f 751/1293/86 752/1292/86 754/1294/86 753/1295/86
f 753/1295/87 754/1294/87 756/1296/87 755/1297/87
f 755/1297/88 756/1296/88 758/1298/88 757/1299/88
f 757/1299/89 758/1298/89 760/1300/89 759/1301/89
f 759/1301/90 760/1300/90 762/1302/90 761/1303/90
f 761/1303/91 762/1302/91 764/1304/91 763/1305/91
f 742/1282/136 740/1280/137 785/1306/136 786/1307/138
f 763/1305/139 764/1304/139 766/1308/139 765/1309/139
f 765/1309/93 766/1308/93 704/1310/93 703/1311/93
f 703/1312/1 705/1313/1 707/1314/1 709/1315/1 711/1316/1 713/1317/1 715/1318/1 717/1319/1 719/1320/1 721/1321/1 723/1322/1 725/1323/1 727/1324/1 729/1325/1 731/1326/1 733/1327/1 735/1328/1 737/1329/1 739/1330/1 741/1331/1 743/1332/1 745/1333/1 747/1334/1 749/1335/1 751/1336/1 753/1337/1 755/1338/1 757/1339/1 759/1340/1 761/1341/1 763/1342/1 765/1343/1
f 795/1344/140 794/1345/140 826/1346/140 827/1347/140
f 760/1300/141 758/1298/141 794/1345/142 795/1344/141
f 716/1256/23 714/1254/23 772/1348/23 773/1349/23
f 734/1274/23 732/1272/23 781/1350/23 782/1351/23
f 752/1292/143 750/1290/1 790/1352/1 791/1353/143
f 708/1248/23 706/1246/23 767/1354/23 769/1355/23
f 726/1266/23 724/1264/23 777/1356/23 778/1357/23
f 744/1284/138 742/1282/136 786/1307/138 787/1358/138
f 762/1302/144 760/1300/145 795/1344/145 796/1359/145
f 718/1258/23 716/1256/23 773/1349/23 774/1360/23
f 736/1276/23 734/1274/23 782/1351/23 783/1361/23
f 754/1294/143 752/1292/143 791/1353/143 792/1362/143
f 710/1250/23 708/1248/23 769/1355/23 770/1363/23
f 728/1268/23 726/1266/23 778/1357/23 779/1364/23
f 746/1286/146 744/1284/146 787/1358/146 788/1365/147
f 764/1304/23 762/1302/144 796/1359/145 797/1366/144
f 720/1260/23 718/1258/23 774/1360/23 775/1367/23
f 738/1278/23 736/1276/23 783/1361/23 784/1368/137
f 756/1296/143 754/1294/143 792/1362/143 793/1369/143
f 712/1252/23 710/1250/23 770/1363/23 771/1370/23
f 730/1270/23 728/1268/23 779/1364/23 780/1371/23
f 748/1288/143 746/1286/146 788/1365/147 789/1372/1
f 766/1308/23 764/1304/23 797/1366/144 798/1373/23
f 722/1262/23 720/1260/23 775/1367/23 776/1374/23
f 740/1280/137 738/1278/23 784/1368/137 785/1306/136
f 758/1298/141 756/1296/143 793/1369/143 794/1345/142
f 714/1254/23 712/1252/23 771/1370/23 772/1348/23
f 732/1272/23 730/1270/23 780/1371/23 781/1350/23
f 750/1290/1 748/1288/143 789/1372/1 790/1352/1
f 706/1246/23 704/1245/23 768/1375/23 767/1354/23
f 704/1310/23 766/1308/23 798/1373/23 768/1376/23
f 724/1264/23 722/1262/23 776/1374/23 777/1356/23
f 830/1377/148 829/1378/149 861/1379/149 862/1380/148
f 782/1351/150 781/1350/150 813/1381/150 814/1382/150
f 769/1355/151 767/1354/151 799/1383/151 801/1384/151
f 796/1359/152 795/1344/152 827/1347/152 828/1385/152
f 783/1361/134 782/1351/134 814/1382/134 815/1386/134
f 770/1363/153 769/1355/153 801/1384/153 802/1387/153
f 797/1366/154 796/1359/154 828/1385/154 829/1378/154
f 784/1368/135 783/1361/135 815/1386/135 816/1388/135
f 771/1370/155 770/1363/155 802/1387/155 803/1389/155
f 798/1373/156 797/1366/156 829/1378/156 830/1377/156
f 785/1306/157 784/1368/157 816/1388/157 817/1390/157
f 772/1348/158 771/1370/158 803/1389/158 804/1391/158
f 768/1376/117 798/1373/117 830/1377/117 800/1392/117
f 786/1307/80 785/1306/80 817/1390/80 818/1393/80
f 773/1349/159 772/1348/159 804/1391/159 805/1394/159
f 787/1358/160 786/1307/160 818/1393/160 819/1395/160
f 774/1360/68 773/1349/68 805/1394/68 806/1396/68
f 788/1365/161 787/1358/161 819/1395/161 820/1397/161
f 775/1367/69 774/1360/69 806/1396/69 807/1398/69
f 789/1372/162 788/1365/162 820/1397/162 821/1399/162
f 776/1374/70 775/1367/70 807/1398/70 808/1400/70
f 790/1352/163 789/1372/163 821/1399/163 822/1401/163
f 777/1356/164 776/1374/164 808/1400/164 809/1402/164
f 791/1353/85 790/1352/85 822/1401/85 823/1403/85
f 778/1357/165 777/1356/165 809/1402/165 810/1404/165
f 792/1362/86 791/1353/86 823/1403/86 824/1405/86
f 779/1364/166 778/1357/166 810/1404/166 811/1406/166
f 793/1369/87 792/1362/87 824/1405/87 825/1407/87
f 780/1371/167 779/1364/167 811/1406/167 812/1408/167
f 794/1345/168 793/1369/168 825/1407/168 826/1346/168
f 781/1350/75 780/1371/75 812/1408/75 813/1381/75
f 767/1354/112 768/1375/112 800/1409/112 799/1383/112
f 852/1410/82 851/1411/82 883/1412/82 884/1413/82
f 817/1390/169 816/1388/170 848/1414/170 849/1415/169
f 804/1391/171 803/1389/172 835/1416/172 836/1417/171
f 800/1392/173 830/1377/148 862/1380/148 832/1418/173
f 818/1393/174 817/1390/169 849/1415/169 850/1419/174
f 805/1394/175 804/1391/171 836/1417/171 837/1420/175
f 819/1395/176 818/1393/174 850/1419/174 851/1411/176
f 806/1396/177 805/1394/175 837/1420/175 838/1421/177
f 820/1397/178 819/1395/176 851/1411/176 852/1410/178
f 807/1398/179 806/1396/177 838/1421/177 839/1422/179
f 821/1399/180 820/1397/178 852/1410/178 853/1423/180
f 808/1400/181 807/1398/179 839/1422/179 840/1424/181
f 822/1401/182 821/1399/180 853/1423/180 854/1425/182
f 809/1402/183 808/1400/181 840/1424/181 841/1426/183
f 823/1403/184 822/1401/182 854/1425/182 855/1427/184
f 810/1404/185 809/1402/183 841/1426/183 842/1428/185
f 824/1405/186 823/1403/184 855/1427/184 856/1429/186
f 811/1406/187 810/1404/185 842/1428/185 843/1430/187
f 825/1407/188 824/1405/186 856/1429/186 857/1431/188
f 812/1408/189 811/1406/187 843/1430/187 844/1432/189
f 826/1346/190 825/1407/188 857/1431/188 858/1433/190
f 813/1381/191 812/1408/189 844/1432/189 845/1434/191
f 799/1383/192 800/1409/173 832/1435/173 831/1436/192
f 827/1347/193 826/1346/190 858/1433/190 859/1437/193
f 814/1382/194 813/1381/191 845/1434/191 846/1438/194
f 801/1384/195 799/1383/192 831/1436/192 833/1439/195
f 828/1385/196 827/1347/193 859/1437/193 860/1440/196
f 815/1386/197 814/1382/194 846/1438/194 847/1441/197
f 802/1387/198 801/1384/195 833/1439/195 834/1442/198
f 829/1378/149 828/1385/196 860/1440/196 861/1379/149
f 816/1388/170 815/1386/197 847/1441/197 848/1414/170
f 803/1389/172 802/1387/198 834/1442/198 835/1416/172
f 887/1443/199 886/1444/200 918/1445/200 919/1446/199
f 839/1422/69 838/1421/69 870/1447/69 871/1448/69
f 853/1423/83 852/1410/83 884/1413/83 885/1449/83
f 840/1424/70 839/1422/70 871/1448/70 872/1450/70
f 854/1425/84 853/1423/84 885/1449/84 886/1444/84
f 841/1426/71 840/1424/71 872/1450/71 873/1451/71
f 855/1427/85 854/1425/85 886/1444/85 887/1443/85
f 842/1428/72 841/1426/72 873/1451/72 874/1452/72
f 856/1429/86 855/1427/86 887/1443/86 888/1453/86
f 843/1430/73 842/1428/73 874/1452/73 875/1454/73
f 857/1431/87 856/1429/87 888/1453/87 889/1455/87
f 844/1432/74 843/1430/74 875/1454/74 876/1456/74
f 858/1433/88 857/1431/88 889/1455/88 890/1457/88
f 845/1434/75 844/1432/75 876/1456/75 877/1458/75
f 831/1436/62 832/1435/62 864/1459/62 863/1460/62
f 859/1437/89 858/1433/89 890/1457/89 891/1461/89
f 846/1438/76 845/1434/76 877/1458/76 878/1462/76
f 833/1439/63 831/1436/63 863/1460/63 865/1463/63
f 860/1440/90 859/1437/90 891/1461/90 892/1464/90
f 847/1441/77 846/1438/77 878/1462/77 879/1465/77
f 834/1442/64 833/1439/64 865/1463/64 866/1466/64
f 861/1379/91 860/1440/91 892/1464/91 893/1467/91
f 848/1414/78 847/1441/78 879/1465/78 880/1468/78
f 835/1416/65 834/1442/65 866/1466/65 867/1469/65
f 862/1380/92 861/1379/92 893/1467/92 894/1470/92
f 849/1415/79 848/1414/79 880/1468/79 881/1471/79
f 836/1417/66 835/1416/66 867/1469/66 868/1472/66
f 832/1418/93 862/1380/93 894/1470/93 864/1473/93
f 850/1419/80 849/1415/80 881/1471/80 882/1474/80
f 837/1420/67 836/1417/67 868/1472/67 869/1475/67
f 851/1411/81 850/1419/81 882/1474/81 883/1412/81
f 838/1421/68 837/1420/68 869/1475/68 870/1447/68
f 922/1476/23 921/1477/23 953/1478/23 954/1479/23
f 874/1452/201 873/1451/202 905/1480/202 906/1481/201
f 888/1453/203 887/1443/199 919/1446/199 920/1482/203
f 875/1454/204 874/1452/201 906/1481/201 907/1483/204
f 889/1455/205 888/1453/203 920/1482/203 921/1477/205
f 876/1456/206 875/1454/204 907/1483/204 908/1484/206
f 890/1457/207 889/1455/205 921/1477/205 922/1476/207
f 877/1458/208 876/1456/206 908/1484/206 909/1485/208
f 863/1460/209 864/1459/210 896/1486/210 895/1487/209
f 891/1461/211 890/1457/207 922/1476/207 923/1488/211
f 878/1462/212 877/1458/208 909/1485/208 910/1489/212
f 865/1463/213 863/1460/209 895/1487/209 897/1490/213
f 892/1464/214 891/1461/211 923/1488/211 924/1491/214
f 879/1465/215 878/1462/212 910/1489/212 911/1492/215
f 866/1466/216 865/1463/213 897/1490/213 898/1493/216
f 893/1467/217 892/1464/214 924/1491/214 925/1494/217
f 880/1468/218 879/1465/215 911/1492/215 912/1495/218
f 867/1469/219 866/1466/216 898/1493/216 899/1496/219
f 894/1470/220 893/1467/217 925/1494/217 926/1497/220
f 881/1471/221 880/1468/218 912/1495/218 913/1498/221
f 868/1472/222 867/1469/219 899/1496/219 900/1499/222
f 864/1473/210 894/1470/220 926/1497/220 896/1500/210
f 882/1474/223 881/1471/221 913/1498/221 914/1501/223
f 869/1475/224 868/1472/222 900/1499/222 901/1502/224
f 883/1412/225 882/1474/223 914/1501/223 915/1503/225
f 870/1447/226 869/1475/224 901/1502/224 902/1504/226
f 884/1413/227 883/1412/225 915/1503/225 916/1505/227
f 871/1448/228 870/1447/226 902/1504/226 903/1506/228
f 885/1449/229 884/1413/227 916/1505/227 917/1507/229
f 872/1450/230 871/1448/228 903/1506/228 904/1508/230
f 886/1444/200 885/1449/229 917/1507/229 918/1445/200
f 873/1451/202 872/1450/230 904/1508/230 905/1480/202
f 930/1509/64 929/1510/64 961/1511/64 962/1512/64
f 909/1485/23 908/1484/23 940/1513/23 941/1514/23
f 895/1487/23 896/1486/23 928/1515/23 927/1516/23
f 923/1488/23 922/1476/23 954/1479/23 955/1517/23
f 910/1489/23 909/1485/23 941/1514/23 942/1518/23
f 897/1490/23 895/1487/23 927/1516/23 929/1510/23
f 924/1491/23 923/1488/23 955/1517/23 956/1519/23
f 911/1492/23 910/1489/23 942/1518/23 943/1520/23
f 898/1493/23 897/1490/23 929/1510/23 930/1509/23
f 925/1494/23 924/1491/23 956/1519/23 957/1521/23
f 912/1495/23 911/1492/23 943/1520/23 944/1522/23
f 899/1496/23 898/1493/23 930/1509/23 931/1523/23
f 926/1497/23 925/1494/23 957/1521/23 958/1524/23
f 913/1498/23 912/1495/23 944/1522/23 945/1525/23
f 900/1499/23 899/1496/23 931/1523/23 932/1526/23
f 896/1500/23 926/1497/23 958/1524/23 928/1527/23
f 914/1501/23 913/1498/23 945/1525/23 946/1528/23
f 901/1502/23 900/1499/23 932/1526/23 933/1529/23
f 915/1503/23 914/1501/23 946/1528/23 947/1530/23
f 902/1504/23 901/1502/23 933/1529/23 934/1531/23
f 916/1505/23 915/1503/23 947/1530/23 948/1532/23
f 903/1506/23 902/1504/23 934/1531/23 935/1533/23
f 917/1507/23 916/1505/23 948/1532/23 949/1534/23
f 904/1508/23 903/1506/23 935/1533/23 936/1535/23
f 918/1445/23 917/1507/23 949/1534/23 950/1536/23
f 905/1480/23 904/1508/23 936/1535/23 937/1537/23
f 919/1446/23 918/1445/23 950/1536/23 951/1538/23
f 906/1481/23 905/1480/23 937/1537/23 938/1539/23
f 920/1482/23 919/1446/23 951/1538/23 952/1540/23
f 907/1483/23 906/1481/23 938/1539/23 939/1541/23
f 921/1477/23 920/1482/23 952/1540/23 953/1478/23
f 908/1484/23 907/1483/23 939/1541/23 940/1513/23
f 959/1542/23 960/1543/23 990/1544/23 989/1545/23 988/1546/23 987/1547/23 986/1548/23 985/1549/23 984/1550/23 983/1551/23 982/1552/23 981/1553/23 980/1554/23 979/1555/23 978/1556/23 977/1557/23 976/1558/23 975/1559/23 974/1560/23 973/1561/23 972/1562/23 971/1563/23 970/1564/23 969/1565/23 968/1566/23 967/1567/23 966/1568/23 965/1569/23 964/1570/23 963/1571/23 962/1572/23 961/1573/23
f 957/1521/91 956/1519/91 988/1574/91 989/1575/91
f 944/1522/135 943/1520/135 975/1576/135 976/1577/135
f 931/1523/65 930/1509/65 962/1512/65 963/1578/65
f 958/1524/92 957/1521/92 989/1575/92 990/1579/92
f 945/1525/79 944/1522/79 976/1577/79 977/1580/79
f 932/1526/66 931/1523/66 963/1578/66 964/1581/66
f 928/1527/231 958/1524/231 990/1579/231 960/1582/231
f 946/1528/119 945/1525/119 977/1580/119 978/1583/119
f 933/1529/67 932/1526/67 964/1581/67 965/1584/67
f 947/1530/232 946/1528/232 978/1583/232 979/1585/232
f 934/1531/68 933/1529/68 965/1584/68 966/1586/68
f 948/1532/82 947/1530/82 979/1585/82 980/1587/82
f 935/1533/69 934/1531/69 966/1586/69 967/1588/69
f 949/1534/233 948/1532/233 980/1587/233 981/1589/233
f 936/1535/70 935/1533/70 967/1588/70 968/1590/70
f 950/1536/84 949/1534/84 981/1589/84 982/1591/84
f 937/1537/71 936/1535/71 968/1590/71 969/1592/71
f 951/1538/85 950/1536/85 982/1591/85 983/1593/85
f 938/1539/234 937/1537/234 969/1592/234 970/1594/234
f 952/1540/86 951/1538/86 983/1593/86 984/1595/86
f 939/1541/73 938/1539/73 970/1594/73 971/1596/73
f 953/1478/87 952/1540/87 984/1595/87 985/1597/87
f 940/1513/235 939/1541/235 971/1596/235 972/1598/235
f 954/1479/88 953/1478/88 985/1597/88 986/1599/88
f 941/1514/118 940/1513/118 972/1598/118 973/1600/118
f 927/1516/236 928/1515/236 960/1601/236 959/1602/236
f 955/1517/89 954/1479/89 986/1599/89 987/1603/89
f 942/1518/76 941/1514/76 973/1600/76 974/1604/76
f 929/1510/63 927/1516/63 959/1602/63 961/1511/63
f 956/1519/90 955/1517/90 987/1603/90 988/1574/90
f 943/1520/134 942/1518/134 974/1604/134 975/1576/134
f 991/1605/237 992/1606/237 994/1607/237 993/1608/237
f 993/1608/238 994/1607/238 996/1609/238 995/1610/238
f 995/1610/239 996/1609/239 998/1611/239 997/1612/239
f 997/1612/240 998/1611/240 1000/1613/240 999/1614/240
f 999/1614/241 1000/1613/241 1002/1615/241 1001/1616/241
f 1001/1616/242 1002/1615/242 1004/1617/242 1003/1618/242
f 1003/1618/243 1004/1617/243 1006/1619/243 1005/1620/243
f 1005/1620/244 1006/1619/244 1008/1621/244 1007/1622/244
f 1007/1622/245 1008/1621/245 1010/1623/245 1009/1624/245
f 1009/1624/246 1010/1623/246 1012/1625/246 1011/1626/246
f 1011/1626/247 1012/1625/247 1014/1627/247 1013/1628/247
f 1013/1628/248 1014/1627/248 1016/1629/248 1015/1630/248
f 1015/1630/249 1016/1629/249 1018/1631/249 1017/1632/249
f 1017/1632/250 1018/1631/250 1020/1633/250 1019/1634/250
f 1019/1634/251 1020/1633/251 1022/1635/251 1021/1636/251
f 1021/1636/252 1022/1635/252 1024/1637/252 1023/1638/252
f 1023/1638/253 1024/1637/253 1026/1639/253 1025/1640/253
f 1025/1640/254 1026/1639/254 1028/1641/254 1027/1642/254
f 1027/1642/255 1028/1641/255 1030/1643/255 1029/1644/255
f 1029/1644/256 1030/1643/256 1032/1645/256 1031/1646/256
f 1031/1646/257 1032/1645/257 1034/1647/257 1033/1648/257
f 1033/1648/258 1034/1647/258 1036/1649/258 1035/1650/258
f 1035/1650/259 1036/1649/259 1038/1651/259 1037/1652/259
f 1037/1652/260 1038/1651/260 1040/1653/260 1039/1654/260
f 1039/1654/261 1040/1653/261 1042/1655/261 1041/1656/261
f 1041/1656/262 1042/1655/262 1044/1657/262 1043/1658/262
f 1043/1658/263 1044/1657/263 1046/1659/263 1045/1660/263
f 1045/1660/264 1046/1659/264 1048/1661/264 1047/1662/264
f 1047/1662/265 1048/1661/265 1050/1663/265 1049/1664/265
f 1049/1664/266 1050/1663/266 1052/1665/266 1051/1666/266
f 994/1667/5 992/1668/5 1054/1669/5 1052/1670/5 1050/1671/5 1048/1672/5 1046/1673/5 1044/1674/5 1042/1675/5 1040/1676/5 1038/1677/5 1036/1678/5 1034/1679/5 1032/1680/5 1030/1681/5 1028/1682/5 1026/1683/5 1024/1684/5 1022/1685/5 1020/1686/5 1018/1687/5 1016/1688/5 1014/1689/5 1012/1690/5 1010/1691/5 1008/1692/5 1006/1693/5 1004/1694/5 1002/1695/5 1000/1696/5 998/1697/5 996/1698/5
f 1051/1666/267 1052/1665/267 1054/1699/267 1053/1700/267
f 1053/1700/268 1054/1699/268 992/1701/268 991/1702/268
f 991/1703/21 993/1704/21 995/1705/21 997/1706/21 999/1707/21 1001/1708/21 1003/1709/21 1005/1710/21 1007/1711/21 1009/1712/21 1011/1713/21 1013/1714/21 1015/1715/21 1017/1716/21 1019/1717/21 1021/1718/21 1023/1719/21 1025/1720/21 1027/1721/21 1029/1722/21 1031/1723/21 1033/1724/21 1035/1725/21 1037/1726/21 1039/1727/21 1041/1728/21 1043/1729/21 1045/1730/21 1047/1731/21 1049/1732/21 1051/1733/21 1053/1734/21
f 1055/1735/1 1056/1736/1 1058/1737/1 1057/1738/1
f 1057/1738/2 1058/1737/2 1062/1739/2 1061/1740/2
f 1061/1740/23 1062/1739/23 1060/1741/23 1059/1742/23
f 1059/1742/4 1060/1741/4 1056/1743/4 1055/1744/4
f 1057/1745/5 1061/1740/5 1059/1742/5 1055/1746/5
f 1062/1739/21 1058/1747/21 1056/1748/21 1060/1741/21
f 1063/1749/1 1064/1750/1 1066/1751/1 1065/1752/1
f 1065/1752/2 1066/1751/2 1070/1753/2 1069/1754/2
f 1069/1754/23 1070/1753/23 1068/1755/23 1067/1756/23
f 1067/1756/4 1068/1755/4 1064/1757/4 1063/1758/4
f 1065/1759/5 1069/1754/5 1067/1756/5 1063/1760/5
f 1070/1753/21 1066/1761/21 1064/1762/21 1068/1755/21
f 1071/1763/1 1072/1764/1 1074/1765/1 1073/1766/1
f 1073/1766/2 1074/1765/2 1078/1767/2 1077/1768/2
f 1077/1768/23 1078/1767/23 1076/1769/23 1075/1770/23
f 1075/1770/4 1076/1769/4 1072/1771/4 1071/1772/4
f 1073/1773/5 1077/1768/5 1075/1770/5 1071/1774/5
f 1078/1767/21 1074/1775/21 1072/1776/21 1076/1769/21
f 1087/1777/1 1080/1778/1 1082/1779/1 1088/1780/1
f 1088/1780/2 1082/1779/2 1086/1781/2 1089/1782/2
f 1089/1782/23 1086/1781/23 1084/1783/23 1090/1784/23
f 1090/1784/4 1084/1783/4 1080/1785/4 1087/1786/4
f 1081/1787/269 1085/1788/269 1083/1789/269 1079/1790/269
f 1086/1781/21 1082/1791/21 1080/1792/21 1084/1783/21
f 1093/1793/4 1090/1784/4 1087/1786/4 1094/1794/4
f 1092/1795/270 1089/1782/270 1090/1784/270 1093/1793/270
f 1091/1796/2 1088/1780/2 1089/1782/2 1092/1795/2
f 1094/1797/1 1087/1777/1 1088/1780/1 1091/1796/1
f 1107/1798/1 1094/1797/1 1091/1796/1 1108/1799/1
f 1108/1799/2 1091/1796/2 1092/1795/2 1109/1800/2
f 1109/1800/271 1092/1795/271 1093/1793/271 1110/1801/271
f 1110/1801/4 1093/1793/4 1094/1794/4 1107/1802/4
f 1118/1803/4 1097/1804/4 1098/1805/4 1115/1806/4
f 1117/1807/272 1096/1808/272 1097/1804/272 1118/1803/272
f 1116/1809/2 1095/1810/2 1096/1808/2 1117/1807/2
f 1115/1811/273 1098/1812/273 1095/1810/273 1116/1809/273
f 1113/1813/4 1102/1814/4 1099/1815/4 1114/1816/4
f 1112/1817/274 1101/1818/274 1102/1814/274 1113/1813/274
f 1111/1819/2 1100/1820/2 1101/1818/2 1112/1817/2
f 1114/1821/275 1099/1822/275 1100/1820/275 1111/1819/275
f 1122/1823/276 1106/1824/276 1103/1825/276 1119/1826/276
f 1119/1826/2 1103/1825/2 1104/1827/2 1120/1828/2
f 1120/1828/277 1104/1827/277 1105/1829/277 1121/1830/277
f 1121/1830/4 1105/1829/4 1106/1831/4 1122/1832/4
f 1102/1814/4 1110/1801/4 1107/1802/4 1099/1815/4
f 1101/1818/278 1109/1800/278 1110/1801/278 1102/1814/278
f 1100/1820/2 1108/1799/2 1109/1800/2 1101/1818/2
f 1099/1822/1 1107/1798/1 1108/1799/1 1100/1820/1
f 1098/1812/279 1114/1821/279 1111/1819/279 1095/1810/279
f 1095/1810/2 1111/1819/2 1112/1817/2 1096/1808/2
f 1096/1808/280 1112/1817/280 1113/1813/280 1097/1804/280
f 1097/1804/4 1113/1813/4 1114/1816/4 1098/1805/4
f 1106/1824/281 1115/1811/281 1116/1809/281 1103/1825/281
f 1103/1825/2 1116/1809/2 1117/1807/2 1104/1827/2
f 1104/1827/282 1117/1807/282 1118/1803/282 1105/1829/282
f 1105/1829/4 1118/1803/4 1115/1806/4 1106/1831/4
f 1083/1789/4 1121/1830/4 1122/1832/4 1079/1833/4
f 1085/1788/283 1120/1828/283 1121/1830/283 1083/1789/283
f 1081/1834/2 1119/1826/2 1120/1828/2 1085/1788/2
f 1079/1835/284 1122/1823/284 1119/1826/284 1081/1834/284
