# Blender v2.80 (sub 75) OBJ File: 'all weapons.blend'
# www.blender.org
v -1.68750 0.76230 -60.55137
v 4.83474 0.73403 -60.37696
v -1.68750 0.65474 -60.54077
v 4.83474 0.66049 -60.36972
v -1.68750 0.55131 -60.50940
v 4.83474 0.58978 -60.34827
v -1.68750 0.45599 -60.45845
v 4.83474 0.52461 -60.31344
v -1.68750 0.37244 -60.38988
v 4.83474 0.46749 -60.26656
v -1.68750 0.30387 -60.30633
v 4.83474 0.42062 -60.20944
v -1.68750 0.25292 -60.21101
v 4.83474 0.38578 -60.14427
v -1.68750 0.22155 -60.10759
v 4.83474 0.36433 -60.07356
v -1.68750 0.21095 -60.00002
v 4.83474 0.35709 -60.00002
v -1.68750 0.22155 -59.89246
v 4.83474 0.36433 -59.92649
v -1.68750 0.25292 -59.78903
v 4.83474 0.38578 -59.85577
v -1.68750 0.30387 -59.69371
v 4.83474 0.42062 -59.79061
v -1.68750 0.37244 -59.61017
v 4.83474 0.46749 -59.73349
v -1.68750 0.45599 -59.54160
v 4.83474 0.52461 -59.68661
v -1.68750 0.55131 -59.49065
v 4.83474 0.58978 -59.65178
v -1.68750 0.65474 -59.45927
v 4.83474 0.66049 -59.63032
v -1.68750 0.76230 -59.44868
v 4.83474 0.73403 -59.62308
v -1.68750 0.86986 -59.45927
v 4.83474 0.80757 -59.63032
v -1.68750 0.97329 -59.49065
v 4.83474 0.87828 -59.65178
v -1.68750 1.06861 -59.54160
v 4.83474 0.94345 -59.68661
v -1.68750 1.15216 -59.61017
v 4.83474 1.00057 -59.73349
v -1.68750 1.22072 -59.69371
v 4.83474 1.04744 -59.79061
v -1.68750 1.27167 -59.78903
v 4.83474 1.08228 -59.85577
v -1.68750 1.30305 -59.89246
v 4.83474 1.10373 -59.92649
v -1.68750 1.31364 -60.00002
v 4.83474 1.11097 -60.00002
v -1.68750 1.30305 -60.10759
v 4.83474 1.10373 -60.07356
v -1.68750 1.27167 -60.21101
v 4.83474 1.08228 -60.14427
v -1.68750 1.22072 -60.30633
v 4.83474 1.04744 -60.20944
v -1.68750 1.15216 -60.38988
v 4.83474 1.00057 -60.26656
v -1.68750 1.06861 -60.45845
v 4.83474 0.94345 -60.31344
v -1.68750 0.97329 -60.50940
v 4.83474 0.87828 -60.34827
v -1.68750 0.86986 -60.54077
v 4.83474 0.80757 -60.36972
v -1.32543 0.76073 -60.48972
v -1.32543 0.66519 -60.48032
v -1.32543 0.57333 -60.45245
v -1.32543 0.48867 -60.40720
v -1.32543 0.41446 -60.34629
v -1.32543 0.35356 -60.27209
v -1.32543 0.30830 -60.18742
v -1.32543 0.28044 -60.09556
v -1.32543 0.27103 -60.00002
v -1.32543 0.28044 -59.90449
v -1.32543 0.30830 -59.81262
v -1.32543 0.35356 -59.72796
v -1.32543 0.41446 -59.65375
v -1.32543 0.48867 -59.59285
v -1.32543 0.57333 -59.54760
v -1.32543 0.66519 -59.51973
v -1.32543 0.76073 -59.51032
v -1.32543 0.85627 -59.51973
v -1.32543 0.94813 -59.54760
v -1.32543 1.03279 -59.59285
v -1.32543 1.10700 -59.65375
v -1.32543 1.16790 -59.72796
v -1.32543 1.21315 -59.81262
v -1.32543 1.24102 -59.90449
v -1.32543 1.25043 -60.00002
v -1.32543 1.24102 -60.09556
v -1.32543 1.21315 -60.18742
v -1.32543 1.16790 -60.27209
v -1.32543 1.10700 -60.34629
v -1.32543 1.03279 -60.40720
v -1.32543 0.94813 -60.45245
v -1.32543 0.85626 -60.48032
v 0.63201 0.75225 -60.45390
v 0.63200 0.66370 -60.44517
v 0.63200 0.57856 -60.41935
v 0.63200 0.50009 -60.37740
v 0.63200 0.43131 -60.32096
v 0.63200 0.37487 -60.25218
v 0.63201 0.33292 -60.17371
v 0.63201 0.30710 -60.08857
v 0.63201 0.29837 -60.00002
v 0.63201 0.30710 -59.91148
v 0.63201 0.33292 -59.82634
v 0.63200 0.37487 -59.74786
v 0.63200 0.43131 -59.67909
v 0.63200 0.50009 -59.62264
v 0.63200 0.57856 -59.58070
v 0.63200 0.66370 -59.55487
v 0.63201 0.75225 -59.54615
v 0.63200 0.84079 -59.55487
v 0.63200 0.92593 -59.58070
v 0.63200 1.00440 -59.62264
v 0.63200 1.07318 -59.67909
v 0.63200 1.12963 -59.74787
v 0.63200 1.17157 -59.82634
v 0.63200 1.19739 -59.91148
v 0.63200 1.20612 -60.00002
v 0.63200 1.19739 -60.08857
v 0.63200 1.17157 -60.17371
v 0.63200 1.12963 -60.25218
v 0.63200 1.07318 -60.32096
v 0.63200 1.00440 -60.37740
v 0.63200 0.92593 -60.41935
v 0.63200 0.84079 -60.44517
v 0.73431 0.72408 -60.33102
v 0.73431 0.65950 -60.32467
v 0.73431 0.59741 -60.30583
v 0.73431 0.54018 -60.27524
v 0.73431 0.49002 -60.23408
v 0.73431 0.44886 -60.18392
v 0.73431 0.41827 -60.12669
v 0.73431 0.39944 -60.06460
v 0.73431 0.39308 -60.00002
v 0.73431 0.39944 -59.93545
v 0.73431 0.41827 -59.87335
v 0.73431 0.44886 -59.81613
v 0.73431 0.49002 -59.76597
v 0.73431 0.54018 -59.72480
v 0.73431 0.59741 -59.69422
v 0.73431 0.65950 -59.67538
v 0.73431 0.72408 -59.66902
v 0.73431 0.78865 -59.67538
v 0.73431 0.85075 -59.69422
v 0.73431 0.90797 -59.72480
v 0.73431 0.95813 -59.76597
v 0.73431 0.99930 -59.81613
v 0.73431 1.02988 -59.87336
v 0.73431 1.04872 -59.93545
v 0.73431 1.05508 -60.00002
v 0.73431 1.04872 -60.06460
v 0.73431 1.02988 -60.12669
v 0.73431 0.99930 -60.18392
v 0.73431 0.95813 -60.23408
v 0.73431 0.90797 -60.27524
v 0.73431 0.85075 -60.30583
v 0.73431 0.78865 -60.32467
v -0.36525 0.29156 -60.30000
v -0.58130 -1.24221 -60.30000
v -0.36525 0.29156 -59.70000
v -0.58130 -1.24221 -59.70000
v -1.33728 0.29156 -60.30000
v -1.09524 -1.24221 -60.30000
v -1.33728 0.29156 -59.70000
v -1.09524 -1.24221 -59.70000
v -0.57816 -0.21017 -60.30000
v -1.11587 -0.21017 -59.70000
v -0.57816 -0.21017 -59.70000
v -1.11587 -0.21017 -60.30000
v -1.30092 0.06113 -59.70000
v -0.39771 0.06113 -60.30000
v -0.39771 0.06113 -59.70000
v -1.30092 0.06113 -60.30000
v -0.53895 -0.07525 -60.30000
v -0.53895 -0.07525 -59.70000
v -1.15737 -0.07525 -60.30000
v -1.15737 -0.07525 -59.70000
v -0.36525 0.49156 -59.85000
v -1.33728 0.49156 -59.85000
v -0.36525 0.49156 -60.15000
v -1.33728 0.49156 -60.15000
v 1.13583 -1.69623 -59.70000
v 1.23373 -0.19286 -59.70000
v 1.13583 -1.69623 -60.30000
v 1.23373 -0.19286 -60.30000
v 1.78058 -1.69623 -59.70000
v 1.78058 -0.19286 -59.70000
v 1.78058 -1.69623 -60.30000
v 1.78058 -0.19286 -60.30000
v 1.13583 -1.44567 -59.70000
v 1.13583 -1.44567 -60.30000
v 1.78058 -1.44567 -60.30000
v 1.78058 -1.44567 -59.70000
v 1.23240 -1.40827 -59.70000
v 1.23240 -1.40827 -60.30000
v 1.78058 -1.40827 -60.30000
v 1.78058 -1.40827 -59.70000
v 1.17391 -0.74626 -59.65000
v 1.17285 0.42602 -59.65000
v 1.17391 -0.74626 -60.35000
v 1.17285 0.42602 -60.35000
v 1.83995 -0.74626 -59.65000
v 2.54752 0.42602 -59.65000
v 1.83995 -0.74626 -60.35000
v 2.54752 0.42602 -60.35000
v 1.16116 -0.54258 -59.65000
v 1.16116 -0.54258 -60.35000
v 1.96657 -0.54258 -60.35000
v 1.96657 -0.54258 -59.65000
v 1.17572 -0.39634 -59.65000
v 1.17572 -0.39634 -60.35000
v 1.96657 -0.39634 -60.35000
v 1.96657 -0.39634 -59.65000
v 0.99651 -0.43119 -60.35000
v 1.96657 -0.43119 -60.35000
v 1.96657 -0.43119 -59.65000
v 0.99651 -0.43119 -59.65000
v 1.01217 -0.51606 -60.35000
v 1.96831 -0.51606 -60.35000
v 1.96831 -0.51606 -59.65000
v 1.01217 -0.51606 -59.65000
v 1.17410 0.06723 -59.65000
v 1.17410 0.06723 -60.35000
v 2.54752 0.06723 -60.35000
v 2.54752 0.06723 -59.65000
v 1.17426 0.02259 -60.35000
v 2.00525 0.02259 -60.35000
v 2.00525 0.02259 -59.65000
v 1.17426 0.02259 -59.65000
v 2.58757 0.42602 -60.35000
v 2.58757 0.42602 -59.65000
v 2.58757 0.06723 -60.35000
v 2.58757 0.06723 -59.65000
v 2.55467 -0.29568 -60.03500
v 2.55467 -0.29568 -59.96500
v 2.58041 -0.32637 -60.03500
v 2.58041 -0.32637 -59.96500
v 2.35930 -0.46008 -60.03500
v 2.35930 -0.46008 -59.96500
v 2.37836 -0.49531 -60.03500
v 2.37836 -0.49531 -59.96500
v 1.96717 -0.46008 -60.35000
v 1.96717 -0.46008 -59.65000
v 1.96717 -0.49531 -60.35000
v 1.96717 -0.49531 -59.65000
v 1.17285 0.62603 -59.82500
v 1.17285 0.62603 -60.17500
v 2.54752 0.62603 -60.17500
v 2.54752 0.62603 -59.82500
v 2.54752 0.06723 -59.96500
v 2.58757 0.06723 -59.96500
v 2.54752 0.06723 -60.03500
v 2.58757 0.06723 -60.03500
v 1.96717 -0.46008 -59.96500
v 1.96717 -0.49531 -59.96500
v 1.96717 -0.49531 -60.03500
v 1.96717 -0.46008 -60.03500
v -10.46335 0.73494 -60.37100
v -7.41542 0.73494 -60.32297
v -10.46335 0.66256 -60.36386
v -7.41542 0.67192 -60.31677
v -10.46335 0.59296 -60.34275
v -7.41542 0.61133 -60.29839
v -10.46335 0.52881 -60.30847
v -7.41542 0.55549 -60.26854
v -10.46335 0.47258 -60.26232
v -7.41542 0.50654 -60.22837
v -10.46335 0.42644 -60.20610
v -7.41542 0.46637 -60.17942
v -10.46335 0.39216 -60.14196
v -7.41542 0.43652 -60.12358
v -10.46335 0.37104 -60.07235
v -7.41542 0.41814 -60.06298
v -10.46335 0.36391 -59.99997
v -7.41542 0.41193 -59.99997
v -10.46335 0.37104 -59.92759
v -7.41542 0.41814 -59.93695
v -10.46335 0.39216 -59.85798
v -7.41542 0.43652 -59.87636
v -10.46335 0.42644 -59.79384
v -7.41542 0.46637 -59.82052
v -10.46335 0.47258 -59.73761
v -7.41542 0.50654 -59.77157
v -10.46335 0.52881 -59.69147
v -7.41542 0.55549 -59.73140
v -10.46335 0.59296 -59.65718
v -7.41542 0.61133 -59.70155
v -10.46335 0.66256 -59.63607
v -7.41542 0.67192 -59.68317
v -10.46335 0.73494 -59.62894
v -7.41542 0.73494 -59.67696
v -10.46335 0.80732 -59.63607
v -7.41542 0.79796 -59.68317
v -10.46335 0.87693 -59.65719
v -7.41542 0.85855 -59.70155
v -10.46335 0.94107 -59.69147
v -7.41542 0.91439 -59.73140
v -10.46335 0.99730 -59.73761
v -7.41542 0.96334 -59.77157
v -10.46335 1.04344 -59.79384
v -7.41542 1.00351 -59.82052
v -10.46335 1.07772 -59.85799
v -7.41542 1.03336 -59.87636
v -10.46335 1.09884 -59.92759
v -7.41542 1.05174 -59.93695
v -10.46335 1.10597 -59.99997
v -7.41542 1.05795 -59.99997
v -10.46335 1.09884 -60.07235
v -7.41542 1.05174 -60.06298
v -10.46335 1.07772 -60.14196
v -7.41542 1.03336 -60.12358
v -10.46335 1.04344 -60.20610
v -7.41542 1.00351 -60.17942
v -10.46335 0.99729 -60.26232
v -7.41542 0.96334 -60.22837
v -10.46335 0.94107 -60.30847
v -7.41542 0.91439 -60.26854
v -10.46335 0.87692 -60.34275
v -7.41542 0.85855 -60.29839
v -10.46335 0.80732 -60.36386
v -7.41542 0.79795 -60.31677
v -9.66243 0.73494 -60.71723
v -9.66243 0.59501 -60.70345
v -9.66243 0.46046 -60.66263
v -9.66243 0.33645 -60.59635
v -9.66243 0.22776 -60.50715
v -9.66243 0.13856 -60.39846
v -9.66243 0.07228 -60.27445
v -9.66243 0.03146 -60.13990
v -9.66243 0.01768 -59.99997
v -9.66243 0.03146 -59.86004
v -9.66243 0.07228 -59.72549
v -9.66243 0.13856 -59.60148
v -9.66243 0.22776 -59.49279
v -9.66243 0.33645 -59.40359
v -9.66243 0.46046 -59.33731
v -9.66243 0.59501 -59.29649
v -9.66243 0.73494 -59.28271
v -9.66243 0.87487 -59.29649
v -9.66243 1.00943 -59.33731
v -9.66243 1.13343 -59.40359
v -9.66243 1.24212 -59.49279
v -9.66243 1.33132 -59.60148
v -9.66243 1.39760 -59.72549
v -9.66243 1.43842 -59.86004
v -9.66243 1.45220 -59.99997
v -9.66243 1.43842 -60.13990
v -9.66243 1.39760 -60.27446
v -9.66243 1.33132 -60.39846
v -9.66243 1.24212 -60.50715
v -9.66243 1.13343 -60.59635
v -9.66243 1.00942 -60.66263
v -9.66243 0.87487 -60.70345
v -10.38548 0.62098 -60.57289
v -10.38548 0.51140 -60.53965
v -10.38548 0.41041 -60.48567
v -10.38548 0.32189 -60.41302
v -10.38548 0.24924 -60.32450
v -10.38548 0.19526 -60.22351
v -10.38548 0.16202 -60.11393
v -10.38548 0.15080 -59.99997
v -10.38548 0.16202 -59.88601
v -10.38548 0.19526 -59.77643
v -10.38548 0.24924 -59.67544
v -10.38548 0.32189 -59.58692
v -10.38548 0.41041 -59.51427
v -10.38548 0.51140 -59.46029
v -10.38548 0.62098 -59.42705
v -10.38548 0.73494 -59.41582
v -10.38548 0.84890 -59.42705
v -10.38548 0.95848 -59.46029
v -10.38548 1.05947 -59.51427
v -10.38548 1.14799 -59.58692
v -10.38548 1.22064 -59.67544
v -10.38548 1.27462 -59.77643
v -10.38548 1.30786 -59.88601
v -10.38548 1.31908 -59.99997
v -10.38548 1.30786 -60.11393
v -10.38548 1.27462 -60.22351
v -10.38548 1.22064 -60.32451
v -10.38548 1.14799 -60.41302
v -10.38548 1.05947 -60.48567
v -10.38548 0.95848 -60.53965
v -10.38548 0.84890 -60.57289
v -10.38548 0.73494 -60.58411
v -10.26037 0.73494 -60.84137
v -10.26037 0.57079 -60.82520
v -10.26037 0.41295 -60.77732
v -10.26037 0.26749 -60.69956
v -10.26037 0.13998 -60.59493
v -10.26037 0.03535 -60.46742
v -10.26037 -0.04241 -60.32196
v -10.26037 -0.09029 -60.16412
v -10.26037 -0.10645 -59.99997
v -10.26037 -0.09029 -59.83582
v -10.26037 -0.04241 -59.67798
v -10.26037 0.03535 -59.53252
v -10.26037 0.13998 -59.40501
v -10.26037 0.26749 -59.30038
v -10.26037 0.41295 -59.22262
v -10.26037 0.57079 -59.17474
v -10.26037 0.73494 -59.15857
v -10.26037 0.89909 -59.17474
v -10.26037 1.05693 -59.22262
v -10.26037 1.20239 -59.30038
v -10.26037 1.32990 -59.40501
v -10.26037 1.43453 -59.53252
v -10.26037 1.51229 -59.67798
v -10.26037 1.56017 -59.83582
v -10.26037 1.57634 -59.99997
v -10.26037 1.56017 -60.16412
v -10.26037 1.51229 -60.32196
v -10.26037 1.43453 -60.46742
v -10.26037 1.32990 -60.59493
v -10.26037 1.20239 -60.69957
v -10.26037 1.05693 -60.77732
v -10.26037 0.89909 -60.82520
v -9.96140 0.73494 -60.85353
v -9.96140 0.56842 -60.83712
v -9.96140 0.40830 -60.78855
v -9.96140 0.26073 -60.70967
v -9.96140 0.13139 -60.60352
v -9.96140 0.02523 -60.47418
v -9.96140 -0.05364 -60.32661
v -9.96140 -0.10222 -60.16649
v -9.96140 -0.11862 -59.99997
v -9.96140 -0.10222 -59.83345
v -9.96140 -0.05364 -59.67333
v -9.96140 0.02523 -59.52576
v -9.96140 0.13139 -59.39642
v -9.96140 0.26073 -59.29026
v -9.96140 0.40830 -59.21139
v -9.96140 0.56842 -59.16282
v -9.96140 0.73494 -59.14641
v -9.96140 0.90146 -59.16282
v -9.96140 1.06158 -59.21139
v -9.96140 1.20915 -59.29026
v -9.96140 1.33850 -59.39642
v -9.96140 1.44465 -59.52576
v -9.96140 1.52352 -59.67333
v -9.96140 1.57210 -59.83345
v -9.96140 1.58850 -59.99997
v -9.96140 1.57210 -60.16649
v -9.96140 1.52352 -60.32661
v -9.96140 1.44464 -60.47418
v -9.96140 1.33849 -60.60353
v -9.96140 1.20915 -60.70967
v -9.96140 1.06158 -60.78855
v -9.96140 0.90146 -60.83712
v -9.56843 0.73494 -60.50670
v -9.56843 0.63608 -60.49697
v -9.56843 0.54102 -60.46813
v -9.56843 0.45341 -60.42130
v -9.56843 0.37662 -60.35828
v -9.56843 0.31361 -60.28149
v -9.56843 0.26678 -60.19389
v -9.56843 0.23794 -60.09883
v -9.56843 0.22821 -59.99997
v -9.56843 0.23794 -59.90111
v -9.56843 0.26678 -59.80605
v -9.56843 0.31361 -59.71845
v -9.56843 0.37662 -59.64166
v -9.56843 0.45341 -59.57864
v -9.56843 0.54102 -59.53181
v -9.56843 0.63608 -59.50297
v -9.56843 0.73494 -59.49324
v -9.56843 0.83380 -59.50297
v -9.56843 0.92886 -59.53181
v -9.56843 1.01647 -59.57864
v -9.56843 1.09326 -59.64166
v -9.56843 1.15627 -59.71845
v -9.56843 1.20310 -59.80605
v -9.56843 1.23194 -59.90111
v -9.56843 1.24167 -59.99997
v -9.56843 1.23194 -60.09883
v -9.56843 1.20310 -60.19389
v -9.56843 1.15627 -60.28150
v -9.56843 1.09326 -60.35828
v -9.56843 1.01647 -60.42130
v -9.56843 0.92886 -60.46813
v -9.56843 0.83380 -60.49697
v -7.42161 0.73208 -60.34120
v -1.63983 0.76402 -60.56334
v -7.42161 0.66551 -60.33464
v -1.63983 0.65411 -60.55251
v -7.42161 0.60150 -60.31523
v -1.63983 0.54843 -60.52045
v -7.42161 0.54250 -60.28370
v -1.63983 0.45103 -60.46839
v -7.42161 0.49079 -60.24126
v -1.63983 0.36566 -60.39833
v -7.42161 0.44836 -60.18955
v -1.63983 0.29560 -60.31296
v -7.42161 0.41682 -60.13055
v -1.63983 0.24354 -60.21556
v -7.42161 0.39741 -60.06654
v -1.63983 0.21148 -60.10988
v -7.42161 0.39085 -59.99997
v -1.63983 0.20065 -59.99997
v -7.42161 0.39741 -59.93340
v -1.63983 0.21148 -59.89006
v -7.42161 0.41682 -59.86939
v -1.63983 0.24354 -59.78438
v -7.42161 0.44836 -59.81039
v -1.63983 0.29560 -59.68698
v -7.42161 0.49079 -59.75868
v -1.63983 0.36566 -59.60161
v -7.42161 0.54250 -59.71624
v -1.63983 0.45103 -59.53155
v -7.42161 0.60150 -59.68471
v -1.63983 0.54843 -59.47949
v -7.42161 0.66551 -59.66530
v -1.63983 0.65411 -59.44743
v -7.42161 0.73208 -59.65874
v -1.63983 0.76402 -59.43660
v -7.42161 0.79865 -59.66530
v -1.63983 0.87393 -59.44743
v -7.42161 0.86267 -59.68471
v -1.63983 0.97961 -59.47949
v -7.42161 0.92166 -59.71624
v -1.63983 1.07701 -59.53155
v -7.42161 0.97337 -59.75868
v -1.63983 1.16238 -59.60161
v -7.42161 1.01581 -59.81039
v -1.63983 1.23244 -59.68698
v -7.42161 1.04734 -59.86939
v -1.63983 1.28450 -59.78438
v -7.42161 1.06676 -59.93340
v -1.63983 1.31656 -59.89006
v -7.42161 1.07332 -59.99997
v -1.63983 1.32739 -59.99997
v -7.42161 1.06676 -60.06654
v -1.63983 1.31656 -60.10988
v -7.42161 1.04734 -60.13055
v -1.63983 1.28450 -60.21556
v -7.42161 1.01581 -60.18955
v -1.63983 1.23244 -60.31296
v -7.42161 0.97337 -60.24126
v -1.63983 1.16238 -60.39833
v -7.42161 0.92166 -60.28370
v -1.63983 1.07701 -60.46839
v -7.42161 0.86267 -60.31523
v -1.63983 0.97961 -60.52045
v -7.42161 0.79865 -60.33464
v -1.63983 0.87392 -60.55251
v -5.53948 0.73208 -60.35160
v -5.53948 0.66348 -60.34484
v -5.53948 0.59752 -60.32484
v -5.53948 0.53673 -60.29234
v -5.53948 0.48344 -60.24861
v -5.53948 0.43971 -60.19533
v -5.53948 0.40721 -60.13453
v -5.53948 0.38721 -60.06857
v -5.53948 0.38045 -59.99997
v -5.53948 0.38721 -59.93137
v -5.53948 0.40721 -59.86541
v -5.53948 0.43971 -59.80461
v -5.53948 0.48344 -59.75133
v -5.53948 0.53673 -59.70760
v -5.53948 0.59752 -59.67510
v -5.53948 0.66348 -59.65509
v -5.53948 0.73208 -59.64834
v -5.53948 0.80068 -59.65509
v -5.53948 0.86665 -59.67510
v -5.53948 0.92744 -59.70760
v -5.53948 0.98072 -59.75133
v -5.53948 1.02445 -59.80461
v -5.53948 1.05695 -59.86541
v -5.53948 1.07696 -59.93137
v -5.53948 1.08371 -59.99997
v -5.53948 1.07696 -60.06857
v -5.53948 1.05695 -60.13453
v -5.53948 1.02445 -60.19533
v -5.53948 0.98072 -60.24861
v -5.53948 0.92744 -60.29234
v -5.53948 0.86665 -60.32484
v -5.53948 0.80068 -60.34484
v -3.99750 0.73208 -60.48566
v -3.99750 0.63733 -60.47633
v -3.99750 0.54622 -60.44869
v -3.99750 0.46224 -60.40381
v -3.99750 0.38864 -60.34341
v -3.99750 0.32824 -60.26981
v -3.99750 0.28336 -60.18584
v -3.99750 0.25572 -60.09472
v -3.99750 0.24639 -59.99997
v -3.99750 0.25572 -59.90522
v -3.99750 0.28336 -59.81410
v -3.99750 0.32824 -59.73013
v -3.99750 0.38864 -59.65653
v -3.99750 0.46225 -59.59613
v -3.99750 0.54622 -59.55125
v -3.99750 0.63733 -59.52361
v -3.99750 0.73208 -59.51427
v -3.99750 0.82684 -59.52361
v -3.99750 0.91795 -59.55125
v -3.99750 1.00192 -59.59613
v -3.99750 1.07552 -59.65653
v -3.99750 1.13592 -59.73013
v -3.99750 1.18081 -59.81410
v -3.99750 1.20844 -59.90522
v -3.99750 1.21778 -59.99997
v -3.99750 1.20844 -60.09472
v -3.99750 1.18081 -60.18584
v -3.99750 1.13592 -60.26981
v -3.99750 1.07552 -60.34341
v -3.99750 1.00192 -60.40381
v -3.99750 0.91795 -60.44869
v -3.99750 0.82683 -60.47633
v 2.37707 0.74160 -60.30790
v 10.52819 0.78817 -60.14691
v 2.37707 0.68153 -60.30199
v 10.52819 0.75951 -60.14408
v 2.37707 0.62377 -60.28447
v 10.52819 0.73195 -60.13573
v 2.37707 0.57054 -60.25602
v 10.52819 0.70656 -60.12215
v 2.37707 0.52388 -60.21772
v 10.52819 0.68429 -60.10388
v 2.37707 0.48559 -60.17107
v 10.52819 0.66602 -60.08162
v 2.37707 0.45713 -60.11783
v 10.52819 0.65245 -60.05622
v 2.37707 0.43961 -60.06007
v 10.52819 0.64409 -60.02866
v 2.37707 0.43370 -60.00000
v 10.52819 0.64127 -60.00000
v 2.37707 0.43961 -59.93993
v 10.52819 0.64409 -59.97134
v 2.37707 0.45713 -59.88217
v 10.52819 0.65245 -59.94379
v 2.37707 0.48559 -59.82894
v 10.52819 0.66602 -59.91839
v 2.37707 0.52388 -59.78228
v 10.52819 0.68429 -59.89613
v 2.37707 0.57054 -59.74399
v 10.52819 0.70656 -59.87786
v 2.37707 0.62377 -59.71554
v 10.52819 0.73195 -59.86428
v 2.37707 0.68153 -59.69802
v 10.52819 0.75951 -59.85592
v 2.37707 0.74160 -59.69210
v 10.52819 0.78817 -59.85310
v 2.37707 0.80167 -59.69802
v 10.52819 0.81683 -59.85592
v 2.37707 0.85943 -59.71554
v 10.52819 0.84439 -59.86428
v 2.37707 0.91266 -59.74400
v 10.52819 0.86979 -59.87786
v 2.37707 0.95932 -59.78228
v 10.52819 0.89205 -59.89613
v 2.37707 0.99761 -59.82894
v 10.52819 0.91032 -59.91839
v 2.37707 1.02606 -59.88217
v 10.52819 0.92389 -59.94379
v 2.37707 1.04358 -59.93994
v 10.52819 0.93225 -59.97134
v 2.37707 1.04950 -60.00000
v 10.52819 0.93508 -60.00000
v 2.37707 1.04358 -60.06007
v 10.52819 0.93225 -60.02866
v 2.37707 1.02606 -60.11783
v 10.52819 0.92389 -60.05622
v 2.37707 0.99761 -60.17107
v 10.52819 0.91032 -60.08162
v 2.37707 0.95932 -60.21772
v 10.52819 0.89205 -60.10388
v 2.37707 0.91266 -60.25602
v 10.52819 0.86979 -60.12215
v 2.37707 0.85942 -60.28447
v 10.52819 0.84439 -60.13573
v 2.37707 0.80166 -60.30199
v 10.52819 0.81683 -60.14408
v 10.16770 0.78817 -60.15548
v 10.16770 0.75784 -60.15249
v 10.16770 0.72867 -60.14364
v 10.16770 0.70180 -60.12928
v 10.16770 0.67824 -60.10994
v 10.16770 0.65890 -60.08638
v 10.16770 0.64453 -60.05950
v 10.16770 0.63569 -60.03033
v 10.16770 0.63270 -60.00000
v 10.16770 0.63569 -59.96967
v 10.16770 0.64453 -59.94051
v 10.16770 0.65890 -59.91363
v 10.16770 0.67824 -59.89007
v 10.16770 0.70180 -59.87074
v 10.16770 0.72867 -59.85636
v 10.16770 0.75784 -59.84752
v 10.16770 0.78817 -59.84453
v 10.16770 0.81850 -59.84752
v 10.16770 0.84767 -59.85636
v 10.16770 0.87455 -59.87074
v 10.16770 0.89811 -59.89007
v 10.16770 0.91744 -59.91363
v 10.16770 0.93181 -59.94051
v 10.16770 0.94066 -59.96967
v 10.16770 0.94364 -60.00000
v 10.16770 0.94066 -60.03033
v 10.16770 0.93181 -60.05950
v 10.16770 0.91744 -60.08638
v 10.16770 0.89811 -60.10994
v 10.16770 0.87455 -60.12928
v 10.16770 0.84767 -60.14364
v 10.16770 0.81850 -60.15249
v 7.82259 0.66515 -60.57202
v 7.82259 0.55574 -60.53883
v 7.82259 0.45491 -60.48493
v 7.82259 0.36653 -60.41240
v 7.82259 0.29400 -60.32402
v 7.82259 0.24011 -60.22319
v 7.82259 0.20692 -60.11379
v 7.82259 0.19571 -60.00000
v 7.82259 0.20692 -59.88622
v 7.82259 0.24011 -59.77682
v 7.82259 0.29400 -59.67598
v 7.82259 0.36653 -59.58761
v 7.82259 0.45491 -59.51508
v 7.82259 0.55574 -59.46118
v 7.82259 0.66515 -59.42799
v 7.82259 0.77893 -59.41679
v 7.82259 0.89271 -59.42799
v 7.82259 1.00212 -59.46118
v 7.82259 1.10295 -59.51508
v 7.82259 1.19133 -59.58761
v 7.82259 1.26386 -59.67599
v 7.82259 1.31776 -59.77682
v 7.82259 1.35094 -59.88622
v 7.82259 1.36215 -60.00000
v 7.82259 1.35094 -60.11379
v 7.82259 1.31775 -60.22319
v 7.82259 1.26386 -60.32402
v 7.82259 1.19133 -60.41240
v 7.82259 1.10295 -60.48493
v 7.82259 1.00212 -60.53883
v 7.82259 0.89271 -60.57202
v 7.82259 0.77893 -60.58322
v 9.50373 0.78556 -60.20820
v 9.50373 0.74494 -60.20421
v 9.50373 0.70588 -60.19236
v 9.50373 0.66988 -60.17312
v 9.50373 0.63834 -60.14722
v 9.50373 0.61244 -60.11567
v 9.50373 0.59320 -60.07968
v 9.50373 0.58136 -60.04062
v 9.50373 0.57735 -60.00000
v 9.50373 0.58136 -59.95938
v 9.50373 0.59320 -59.92033
v 9.50373 0.61244 -59.88434
v 9.50373 0.63834 -59.85278
v 9.50373 0.66989 -59.82689
v 9.50373 0.70588 -59.80765
v 9.50373 0.74494 -59.79580
v 9.50373 0.78556 -59.79180
v 9.50373 0.82617 -59.79580
v 9.50373 0.86523 -59.80765
v 9.50373 0.90123 -59.82689
v 9.50373 0.93278 -59.85278
v 9.50373 0.95867 -59.88434
v 9.50373 0.97791 -59.92033
v 9.50373 0.98976 -59.95938
v 9.50373 0.99376 -60.00000
v 9.50373 0.98976 -60.04062
v 9.50373 0.97791 -60.07968
v 9.50373 0.95867 -60.11567
v 9.50373 0.93278 -60.14722
v 9.50373 0.90123 -60.17312
v 9.50373 0.86523 -60.19236
v 9.50373 0.82617 -60.20421
v 5.41469 0.69438 -60.27327
v 5.41469 0.64211 -60.25742
v 5.41469 0.59394 -60.23167
v 5.41469 0.55172 -60.19702
v 5.41469 0.51707 -60.15480
v 5.41469 0.49132 -60.10663
v 5.41469 0.47547 -60.05436
v 5.41469 0.47011 -60.00000
v 5.41469 0.47547 -59.94565
v 5.41469 0.49132 -59.89338
v 5.41469 0.51707 -59.84521
v 5.41469 0.55172 -59.80299
v 5.41469 0.59394 -59.76834
v 5.41469 0.64211 -59.74259
v 5.41469 0.69438 -59.72673
v 5.41469 0.74874 -59.72138
v 5.41469 0.80309 -59.72673
v 5.41469 0.85536 -59.74259
v 5.41469 0.90353 -59.76834
v 5.41469 0.94575 -59.80299
v 5.41469 0.98040 -59.84521
v 5.41469 1.00615 -59.89338
v 5.41469 1.02200 -59.94565
v 5.41469 1.02736 -60.00000
v 5.41469 1.02200 -60.05436
v 5.41469 1.00615 -60.10663
v 5.41469 0.98040 -60.15480
v 5.41469 0.94575 -60.19702
v 5.41469 0.90353 -60.23167
v 5.41469 0.85536 -60.25742
v 5.41469 0.80309 -60.27327
v 5.41469 0.74874 -60.27862
v 2.25803 -0.33899 -59.94998
v 1.90633 0.05137 -59.94998
v 2.25803 -0.33899 -60.04998
v 1.90633 0.05137 -60.04998
v 2.25691 -0.31371 -59.94998
v 2.05489 0.05137 -59.94998
v 2.25691 -0.31371 -60.04998
v 2.05489 0.05137 -60.04998
v 2.14927 -0.31402 -59.94998
v 2.06092 -0.26757 -59.94998
v 2.05209 -0.18458 -59.94998
v 1.90633 -0.11986 -59.94998
v 1.90633 -0.05513 -59.94998
v 1.90633 -0.05513 -60.04998
v 1.90633 -0.11986 -60.04998
v 2.05209 -0.18458 -60.04998
v 2.06092 -0.26757 -60.04998
v 2.14927 -0.31402 -60.04998
v 2.07925 -0.05199 -60.04998
v 2.07782 -0.11358 -60.04998
v 2.09572 -0.17516 -60.04998
v 2.10934 -0.25716 -60.04998
v 2.17668 -0.29833 -60.04998
v 2.07925 -0.05199 -59.94998
v 2.07782 -0.11358 -59.94998
v 2.09572 -0.17516 -59.94998
v 2.10934 -0.25716 -59.94998
v 2.17668 -0.29833 -59.94998
v 2.04341 -0.13739 -59.94998
v 2.04341 -0.13739 -60.04998
v 2.08267 -0.13026 -60.04998
v 2.08267 -0.13026 -59.94998
vt 1.00000 0.68566
vt 1.00000 1.00000
vt 0.96875 1.00000
vt 0.96875 0.68566
vt 0.93750 1.00000
vt 0.93750 0.68566
vt 0.90625 1.00000
vt 0.90625 0.68566
vt 0.87500 1.00000
vt 0.87500 0.68566
vt 0.84375 1.00000
vt 0.84375 0.68566
vt 0.81250 1.00000
vt 0.81250 0.68566
vt 0.78125 1.00000
vt 0.78125 0.68566
vt 0.75000 1.00000
vt 0.75000 0.68566
vt 0.71875 1.00000
vt 0.71875 0.68566
vt 0.68750 1.00000
vt 0.68750 0.68566
vt 0.65625 1.00000
vt 0.65625 0.68566
vt 0.62500 1.00000
vt 0.62500 0.68566
vt 0.59375 1.00000
vt 0.59375 0.68566
vt 0.56250 1.00000
vt 0.56250 0.68566
vt 0.53125 1.00000
vt 0.53125 0.68566
vt 0.50000 1.00000
vt 0.50000 0.68566
vt 0.46875 1.00000
vt 0.46875 0.68566
vt 0.43750 1.00000
vt 0.43750 0.68566
vt 0.40625 1.00000
vt 0.40625 0.68566
vt 0.37500 1.00000
vt 0.37500 0.68566
vt 0.34375 1.00000
vt 0.34375 0.68566
vt 0.31250 1.00000
vt 0.31250 0.68566
vt 0.28125 1.00000
vt 0.28125 0.68566
vt 0.25000 1.00000
vt 0.25000 0.68566
vt 0.21875 1.00000
vt 0.21875 0.68566
vt 0.18750 1.00000
vt 0.18750 0.68566
vt 0.15625 1.00000
vt 0.15625 0.68566
vt 0.12500 1.00000
vt 0.12500 0.68566
vt 0.09375 1.00000
vt 0.09375 0.68566
vt 0.06250 1.00000
vt 0.06250 0.68566
vt 0.29682 0.48539
vt 0.25000 0.49000
vt 0.20318 0.48539
vt 0.15816 0.47173
vt 0.11666 0.44955
vt 0.08030 0.41971
vt 0.05045 0.38334
vt 0.02827 0.34184
vt 0.01461 0.29682
vt 0.01000 0.25000
vt 0.01461 0.20318
vt 0.02827 0.15816
vt 0.05045 0.11666
vt 0.08029 0.08029
vt 0.11666 0.05045
vt 0.15816 0.02827
vt 0.20318 0.01461
vt 0.25000 0.01000
vt 0.29682 0.01461
vt 0.34184 0.02827
vt 0.38334 0.05045
vt 0.41971 0.08029
vt 0.44955 0.11666
vt 0.47173 0.15816
vt 0.48539 0.20318
vt 0.49000 0.25000
vt 0.48539 0.29682
vt 0.47173 0.34184
vt 0.44955 0.38334
vt 0.41971 0.41971
vt 0.38334 0.44955
vt 0.34184 0.47173
vt 0.03125 1.00000
vt 0.03125 0.68566
vt 0.00000 1.00000
vt 0.00000 0.68566
vt 0.75000 0.49000
vt 0.79682 0.48539
vt 0.84184 0.47173
vt 0.88334 0.44955
vt 0.91971 0.41971
vt 0.94955 0.38334
vt 0.97173 0.34184
vt 0.98539 0.29682
vt 0.99000 0.25000
vt 0.98539 0.20318
vt 0.97173 0.15816
vt 0.94955 0.11666
vt 0.91971 0.08029
vt 0.88334 0.05045
vt 0.84184 0.02827
vt 0.79682 0.01461
vt 0.75000 0.01000
vt 0.70318 0.01461
vt 0.65816 0.02827
vt 0.61666 0.05045
vt 0.58029 0.08029
vt 0.55045 0.11666
vt 0.52827 0.15816
vt 0.51461 0.20318
vt 0.51000 0.25000
vt 0.51461 0.29682
vt 0.52827 0.34184
vt 0.55045 0.38334
vt 0.58030 0.41971
vt 0.61666 0.44955
vt 0.65816 0.47173
vt 0.70318 0.48539
vt 0.03125 0.50000
vt 0.03125 0.52776
vt 0.00000 0.52776
vt 0.00000 0.50000
vt 0.06250 0.50000
vt 0.06250 0.52776
vt 0.09375 0.50000
vt 0.09375 0.52776
vt 0.12500 0.50000
vt 0.12500 0.52776
vt 0.15625 0.50000
vt 0.15625 0.52776
vt 0.18750 0.50000
vt 0.18750 0.52776
vt 0.21875 0.50000
vt 0.21875 0.52776
vt 0.25000 0.50000
vt 0.25000 0.52776
vt 0.28125 0.50000
vt 0.28125 0.52776
vt 0.31250 0.50000
vt 0.31250 0.52776
vt 0.34375 0.50000
vt 0.34375 0.52776
vt 0.37500 0.50000
vt 0.37500 0.52776
vt 0.40625 0.50000
vt 0.40625 0.52776
vt 0.43750 0.50000
vt 0.43750 0.52776
vt 0.46875 0.50000
vt 0.46875 0.52776
vt 0.50000 0.50000
vt 0.50000 0.52776
vt 0.53125 0.50000
vt 0.53125 0.52776
vt 0.56250 0.50000
vt 0.56250 0.52776
vt 0.59375 0.50000
vt 0.59375 0.52776
vt 0.62500 0.50000
vt 0.62500 0.52776
vt 0.65625 0.50000
vt 0.65625 0.52776
vt 0.68750 0.50000
vt 0.68750 0.52776
vt 0.71875 0.50000
vt 0.71875 0.52776
vt 0.75000 0.50000
vt 0.75000 0.52776
vt 0.78125 0.50000
vt 0.78125 0.52776
vt 0.81250 0.50000
vt 0.81250 0.52776
vt 0.84375 0.50000
vt 0.84375 0.52776
vt 0.87500 0.50000
vt 0.87500 0.52776
vt 0.90625 0.50000
vt 0.90625 0.52776
vt 0.93750 0.50000
vt 0.93750 0.52776
vt 0.96875 0.50000
vt 0.96875 0.52776
vt 1.00000 0.50000
vt 1.00000 0.52776
vt 0.03125 0.67781
vt 0.00000 0.67781
vt 0.06250 0.67781
vt 0.09375 0.67781
vt 0.12500 0.67781
vt 0.15625 0.67781
vt 0.18750 0.67781
vt 0.21875 0.67781
vt 0.25000 0.67781
vt 0.28125 0.67781
vt 0.31250 0.67781
vt 0.34375 0.67781
vt 0.37500 0.67781
vt 0.40625 0.67781
vt 0.43750 0.67781
vt 0.46875 0.67781
vt 0.50000 0.67781
vt 0.53125 0.67781
vt 0.56250 0.67781
vt 0.59375 0.67781
vt 0.62500 0.67781
vt 0.65625 0.67781
vt 0.68750 0.67781
vt 0.71875 0.67781
vt 0.75000 0.67781
vt 0.78125 0.67781
vt 0.81250 0.67781
vt 0.84375 0.67781
vt 0.87500 0.67781
vt 0.90625 0.67781
vt 0.93750 0.67781
vt 0.96875 0.67781
vt 1.00000 0.67781
vt 0.87500 0.75000
vt 0.87500 0.50000
vt 0.87500 0.50000
vt 0.87500 0.75000
vt 0.58744 0.25000
vt 0.62500 0.25000
vt 0.62500 0.50000
vt 0.58744 0.50000
vt 0.62500 0.75000
vt 0.58744 0.75000
vt 0.37500 0.75000
vt 0.62500 0.75000
vt 0.62500 1.00000
vt 0.37500 1.00000
vt 0.33744 0.50000
vt 0.37500 0.50000
vt 0.37500 0.75000
vt 0.33744 0.75000
vt 0.83744 0.50000
vt 0.83744 0.75000
vt 0.62500 0.50000
vt 0.79322 0.50000
vt 0.79322 0.75000
vt 0.12500 0.50000
vt 0.29322 0.50000
vt 0.29322 0.75000
vt 0.12500 0.75000
vt 0.37500 0.50000
vt 0.54322 0.50000
vt 0.54322 0.75000
vt 0.37500 0.25000
vt 0.54322 0.25000
vt 0.81521 0.50000
vt 0.81521 0.75000
vt 0.31521 0.50000
vt 0.31521 0.75000
vt 0.56521 0.50000
vt 0.56521 0.75000
vt 0.56521 0.25000
vt 0.37500 0.00000
vt 0.62500 0.00000
vt 0.62500 0.25000
vt 0.37500 0.25000
vt 0.62500 0.25000
vt 0.62500 0.50000
vt 0.62500 0.75000
vt 0.37500 0.50000
vt 0.37500 0.75000
vt 0.42289 0.00000
vt 0.62500 0.00000
vt 0.62500 0.25000
vt 0.42289 0.25000
vt 0.62500 0.50000
vt 0.42289 0.50000
vt 0.62500 0.75000
vt 0.42289 0.75000
vt 0.62500 1.00000
vt 0.42289 1.00000
vt 0.12500 0.50000
vt 0.37500 0.50000
vt 0.37500 0.75000
vt 0.12500 0.75000
vt 0.87500 0.50000
vt 0.87500 0.75000
vt 0.41667 0.75000
vt 0.41667 1.00000
vt 0.37500 1.00000
vt 0.41667 0.50000
vt 0.37500 0.25000
vt 0.41667 0.25000
vt 0.37500 0.00000
vt 0.41667 0.00000
vt 0.54776 0.00000
vt 0.62500 0.00000
vt 0.62500 0.25000
vt 0.54776 0.25000
vt 0.62500 0.50000
vt 0.54776 0.50000
vt 0.62500 0.50000
vt 0.54776 0.50000
vt 0.54776 0.75000
vt 0.62500 0.75000
vt 0.62500 1.00000
vt 0.54776 1.00000
vt 0.12500 0.50000
vt 0.37500 0.50000
vt 0.37500 0.75000
vt 0.12500 0.75000
vt 0.62500 0.50000
vt 0.62500 0.75000
vt 0.41747 0.75000
vt 0.41747 1.00000
vt 0.37500 1.00000
vt 0.41747 0.50000
vt 0.37500 0.25000
vt 0.41747 0.25000
vt 0.37500 0.00000
vt 0.41747 0.00000
vt 0.44069 0.75000
vt 0.44796 0.75000
vt 0.44796 1.00000
vt 0.44069 1.00000
vt 0.44069 0.50000
vt 0.44796 0.50000
vt 0.44069 0.25000
vt 0.44796 0.25000
vt 0.44069 0.00000
vt 0.44796 0.00000
vt 0.42039 0.00000
vt 0.42039 0.25000
vt 0.42039 0.50000
vt 0.42039 0.75000
vt 0.42039 1.00000
vt 0.53815 0.75000
vt 0.53815 1.00000
vt 0.53815 0.50000
vt 0.53815 0.25000
vt 0.53815 0.00000
vt 0.62500 0.75000
vt 0.54776 0.75000
vt 0.54776 0.75000
vt 0.54776 0.75000
vt 0.54776 0.75000
vt 0.54776 0.75000
vt 0.54776 0.50000
vt 0.54776 0.50000
vt 0.54776 0.50000
vt 0.54776 0.50000
vt 0.54776 0.50000
vt 0.54776 0.50000
vt 0.54776 0.75000
vt 0.54776 0.75000
vt 0.54776 0.75000
vt 0.54776 0.75000
vt 0.54776 0.75000
vt 0.54776 0.75000
vt 0.54776 0.50000
vt 0.54776 0.50000
vt 0.54776 0.50000
vt 0.54776 0.50000
vt 0.87500 0.50000
vt 0.87500 0.75000
vt 0.62500 0.00000
vt 0.62500 0.25000
vt 0.62500 1.00000
vt 1.00000 0.64681
vt 1.00000 1.00000
vt 0.96875 1.00000
vt 0.96875 0.64681
vt 0.93750 1.00000
vt 0.93750 0.64681
vt 0.90625 1.00000
vt 0.90625 0.64681
vt 0.87500 1.00000
vt 0.87500 0.64681
vt 0.84375 1.00000
vt 0.84375 0.64681
vt 0.81250 1.00000
vt 0.81250 0.64681
vt 0.78125 1.00000
vt 0.78125 0.64681
vt 0.75000 1.00000
vt 0.75000 0.64681
vt 0.71875 1.00000
vt 0.71875 0.64681
vt 0.68750 1.00000
vt 0.68750 0.64681
vt 0.65625 1.00000
vt 0.65625 0.64681
vt 0.62500 1.00000
vt 0.62500 0.64681
vt 0.59375 1.00000
vt 0.59375 0.64681
vt 0.56250 1.00000
vt 0.56250 0.64681
vt 0.53125 1.00000
vt 0.53125 0.64681
vt 0.50000 1.00000
vt 0.50000 0.64681
vt 0.46875 1.00000
vt 0.46875 0.64681
vt 0.43750 1.00000
vt 0.43750 0.64681
vt 0.40625 1.00000
vt 0.40625 0.64681
vt 0.37500 1.00000
vt 0.37500 0.64681
vt 0.34375 1.00000
vt 0.34375 0.64681
vt 0.31250 1.00000
vt 0.31250 0.64681
vt 0.28125 1.00000
vt 0.28125 0.64681
vt 0.25000 1.00000
vt 0.25000 0.64681
vt 0.21875 1.00000
vt 0.21875 0.64681
vt 0.18750 1.00000
vt 0.18750 0.64681
vt 0.15625 1.00000
vt 0.15625 0.64681
vt 0.12500 1.00000
vt 0.12500 0.64681
vt 0.09375 1.00000
vt 0.09375 0.64681
vt 0.06250 1.00000
vt 0.06250 0.64681
vt 0.29682 0.48539
vt 0.25000 0.49000
vt 0.20318 0.48539
vt 0.15816 0.47173
vt 0.11666 0.44955
vt 0.08030 0.41971
vt 0.05045 0.38334
vt 0.02827 0.34184
vt 0.01461 0.29682
vt 0.01000 0.25000
vt 0.01461 0.20318
vt 0.02827 0.15816
vt 0.05045 0.11666
vt 0.08029 0.08029
vt 0.11666 0.05045
vt 0.15816 0.02827
vt 0.20318 0.01461
vt 0.25000 0.01000
vt 0.29682 0.01461
vt 0.34184 0.02827
vt 0.38334 0.05045
vt 0.41971 0.08029
vt 0.44955 0.11666
vt 0.47173 0.15816
vt 0.48539 0.20318
vt 0.49000 0.25000
vt 0.48539 0.29682
vt 0.47173 0.34184
vt 0.44955 0.38334
vt 0.41971 0.41971
vt 0.38334 0.44955
vt 0.34184 0.47173
vt 0.03125 1.00000
vt 0.03125 0.64681
vt 0.00000 1.00000
vt 0.00000 0.64681
vt 0.75000 0.49000
vt 0.79682 0.48539
vt 0.84184 0.47173
vt 0.88334 0.44955
vt 0.91971 0.41971
vt 0.94955 0.38334
vt 0.97173 0.34184
vt 0.98539 0.29682
vt 0.99000 0.25000
vt 0.98539 0.20318
vt 0.97173 0.15816
vt 0.94955 0.11666
vt 0.91971 0.08029
vt 0.88334 0.05045
vt 0.84184 0.02827
vt 0.79682 0.01461
vt 0.75000 0.01000
vt 0.70318 0.01461
vt 0.65816 0.02827
vt 0.61666 0.05045
vt 0.58029 0.08029
vt 0.55045 0.11666
vt 0.52827 0.15816
vt 0.51461 0.20318
vt 0.51000 0.25000
vt 0.51461 0.29682
vt 0.52827 0.34184
vt 0.55045 0.38334
vt 0.58030 0.41971
vt 0.61666 0.44955
vt 0.65816 0.47173
vt 0.70318 0.48539
vt 0.03125 0.58234
vt 0.03125 0.63139
vt 0.00000 0.63139
vt 0.00000 0.58234
vt 0.06250 0.58234
vt 0.06250 0.63139
vt 0.09375 0.58234
vt 0.09375 0.63139
vt 0.12500 0.58234
vt 0.12500 0.63139
vt 0.15625 0.58234
vt 0.15625 0.63139
vt 0.18750 0.58234
vt 0.18750 0.63139
vt 0.21875 0.58234
vt 0.21875 0.63139
vt 0.25000 0.58234
vt 0.25000 0.63139
vt 0.28125 0.58234
vt 0.28125 0.63139
vt 0.31250 0.58234
vt 0.31250 0.63139
vt 0.34375 0.58234
vt 0.34375 0.63139
vt 0.37500 0.58234
vt 0.37500 0.63139
vt 0.40625 0.58234
vt 0.40625 0.63139
vt 0.43750 0.58234
vt 0.43750 0.63139
vt 0.46875 0.58234
vt 0.46875 0.63139
vt 0.50000 0.58234
vt 0.50000 0.63139
vt 0.53125 0.58234
vt 0.53125 0.63139
vt 0.56250 0.58234
vt 0.56250 0.63139
vt 0.59375 0.58234
vt 0.59375 0.63139
vt 0.62500 0.58234
vt 0.62500 0.63139
vt 0.65625 0.58234
vt 0.65625 0.63139
vt 0.68750 0.58234
vt 0.68750 0.63139
vt 0.71875 0.58234
vt 0.71875 0.63139
vt 0.75000 0.58234
vt 0.75000 0.63139
vt 0.78125 0.58234
vt 0.78125 0.63139
vt 0.81250 0.58234
vt 0.81250 0.63139
vt 0.84375 0.58234
vt 0.84375 0.63139
vt 0.87500 0.58234
vt 0.87500 0.63139
vt 0.90625 0.58234
vt 0.90625 0.63139
vt 0.93750 0.58234
vt 0.93750 0.63139
vt 0.96875 0.58234
vt 0.96875 0.63139
vt 1.00000 0.58234
vt 1.00000 0.63139
vt 1.00000 0.50000
vt 1.00000 0.51277
vt 0.96875 0.51277
vt 0.96875 0.50000
vt 0.93750 0.51277
vt 0.93750 0.50000
vt 0.90625 0.51277
vt 0.90625 0.50000
vt 0.87500 0.51277
vt 0.87500 0.50000
vt 0.84375 0.51277
vt 0.84375 0.50000
vt 0.81250 0.51277
vt 0.81250 0.50000
vt 0.78125 0.51277
vt 0.78125 0.50000
vt 0.75000 0.51277
vt 0.75000 0.50000
vt 0.71875 0.51277
vt 0.71875 0.50000
vt 0.68750 0.51277
vt 0.68750 0.50000
vt 0.65625 0.51277
vt 0.65625 0.50000
vt 0.62500 0.51277
vt 0.62500 0.50000
vt 0.59375 0.51277
vt 0.59375 0.50000
vt 0.56250 0.51277
vt 0.56250 0.50000
vt 0.53125 0.51277
vt 0.53125 0.50000
vt 0.50000 0.51277
vt 0.50000 0.50000
vt 0.46875 0.51277
vt 0.46875 0.50000
vt 0.43750 0.51277
vt 0.43750 0.50000
vt 0.40625 0.51277
vt 0.40625 0.50000
vt 0.37500 0.51277
vt 0.37500 0.50000
vt 0.34375 0.51277
vt 0.34375 0.50000
vt 0.31250 0.51277
vt 0.31250 0.50000
vt 0.28125 0.51277
vt 0.28125 0.50000
vt 0.25000 0.51277
vt 0.25000 0.50000
vt 0.21875 0.51277
vt 0.21875 0.50000
vt 0.18750 0.51277
vt 0.18750 0.50000
vt 0.15625 0.51277
vt 0.15625 0.50000
vt 0.12500 0.51277
vt 0.12500 0.50000
vt 0.09375 0.51277
vt 0.09375 0.50000
vt 0.06250 0.51277
vt 0.06250 0.50000
vt 0.03125 0.51277
vt 0.03125 0.50000
vt 0.00000 0.51277
vt 0.00000 0.50000
vt 1.00000 0.53330
vt 0.96875 0.53330
vt 0.93750 0.53330
vt 0.90625 0.53330
vt 0.87500 0.53330
vt 0.84375 0.53330
vt 0.81250 0.53330
vt 0.78125 0.53330
vt 0.75000 0.53330
vt 0.71875 0.53330
vt 0.68750 0.53330
vt 0.65625 0.53330
vt 0.62500 0.53330
vt 0.59375 0.53330
vt 0.56250 0.53330
vt 0.53125 0.53330
vt 0.50000 0.53330
vt 0.46875 0.53330
vt 0.43750 0.53330
vt 0.40625 0.53330
vt 0.37500 0.53330
vt 0.34375 0.53330
vt 0.31250 0.53330
vt 0.28125 0.53330
vt 0.25000 0.53330
vt 0.21875 0.53330
vt 0.18750 0.53330
vt 0.15625 0.53330
vt 0.12500 0.53330
vt 0.09375 0.53330
vt 0.06250 0.53330
vt 0.03125 0.53330
vt 0.00000 0.53330
vt 1.00000 0.79508
vt 1.00000 1.00000
vt 0.96875 1.00000
vt 0.96875 0.79508
vt 0.93750 1.00000
vt 0.93750 0.79508
vt 0.90625 1.00000
vt 0.90625 0.79508
vt 0.87500 1.00000
vt 0.87500 0.79508
vt 0.84375 1.00000
vt 0.84375 0.79508
vt 0.81250 1.00000
vt 0.81250 0.79508
vt 0.78125 1.00000
vt 0.78125 0.79508
vt 0.75000 1.00000
vt 0.75000 0.79508
vt 0.71875 1.00000
vt 0.71875 0.79508
vt 0.68750 1.00000
vt 0.68750 0.79508
vt 0.65625 1.00000
vt 0.65625 0.79508
vt 0.62500 1.00000
vt 0.62500 0.79508
vt 0.59375 1.00000
vt 0.59375 0.79508
vt 0.56250 1.00000
vt 0.56250 0.79508
vt 0.53125 1.00000
vt 0.53125 0.79508
vt 0.50000 1.00000
vt 0.50000 0.79508
vt 0.46875 1.00000
vt 0.46875 0.79508
vt 0.43750 1.00000
vt 0.43750 0.79508
vt 0.40625 1.00000
vt 0.40625 0.79508
vt 0.37500 1.00000
vt 0.37500 0.79508
vt 0.34375 1.00000
vt 0.34375 0.79508
vt 0.31250 1.00000
vt 0.31250 0.79508
vt 0.28125 1.00000
vt 0.28125 0.79508
vt 0.25000 1.00000
vt 0.25000 0.79508
vt 0.21875 1.00000
vt 0.21875 0.79508
vt 0.18750 1.00000
vt 0.18750 0.79508
vt 0.15625 1.00000
vt 0.15625 0.79508
vt 0.12500 1.00000
vt 0.12500 0.79508
vt 0.09375 1.00000
vt 0.09375 0.79508
vt 0.06250 1.00000
vt 0.06250 0.79508
vt 0.29682 0.48539
vt 0.25000 0.49000
vt 0.20318 0.48539
vt 0.15816 0.47173
vt 0.11666 0.44955
vt 0.08030 0.41971
vt 0.05045 0.38334
vt 0.02827 0.34184
vt 0.01461 0.29682
vt 0.01000 0.25000
vt 0.01461 0.20318
vt 0.02827 0.15816
vt 0.05045 0.11666
vt 0.08029 0.08029
vt 0.11666 0.05045
vt 0.15816 0.02827
vt 0.20318 0.01461
vt 0.25000 0.01000
vt 0.29682 0.01461
vt 0.34184 0.02827
vt 0.38334 0.05045
vt 0.41971 0.08029
vt 0.44955 0.11666
vt 0.47173 0.15816
vt 0.48539 0.20318
vt 0.49000 0.25000
vt 0.48539 0.29682
vt 0.47173 0.34184
vt 0.44955 0.38334
vt 0.41971 0.41971
vt 0.38334 0.44955
vt 0.34184 0.47173
vt 0.03125 1.00000
vt 0.03125 0.79508
vt 0.00000 1.00000
vt 0.00000 0.79508
vt 0.75000 0.49000
vt 0.79682 0.48539
vt 0.84184 0.47173
vt 0.88334 0.44955
vt 0.91971 0.41971
vt 0.94955 0.38334
vt 0.97173 0.34184
vt 0.98539 0.29682
vt 0.99000 0.25000
vt 0.98539 0.20318
vt 0.97173 0.15816
vt 0.94955 0.11666
vt 0.91971 0.08029
vt 0.88334 0.05045
vt 0.84184 0.02827
vt 0.79682 0.01461
vt 0.75000 0.01000
vt 0.70318 0.01461
vt 0.65816 0.02827
vt 0.61666 0.05045
vt 0.58029 0.08029
vt 0.55045 0.11666
vt 0.52827 0.15816
vt 0.51461 0.20318
vt 0.51000 0.25000
vt 0.51461 0.29682
vt 0.52827 0.34184
vt 0.55045 0.38334
vt 0.58030 0.41971
vt 0.61666 0.44955
vt 0.65816 0.47173
vt 0.70318 0.48539
vt 0.03125 0.50000
vt 0.03125 0.66106
vt 0.00000 0.66106
vt 0.00000 0.50000
vt 0.06250 0.50000
vt 0.06250 0.66106
vt 0.09375 0.50000
vt 0.09375 0.66106
vt 0.12500 0.50000
vt 0.12500 0.66106
vt 0.15625 0.50000
vt 0.15625 0.66106
vt 0.18750 0.50000
vt 0.18750 0.66106
vt 0.21875 0.50000
vt 0.21875 0.66106
vt 0.25000 0.50000
vt 0.25000 0.66106
vt 0.28125 0.50000
vt 0.28125 0.66106
vt 0.31250 0.50000
vt 0.31250 0.66106
vt 0.34375 0.50000
vt 0.34375 0.66106
vt 0.37500 0.50000
vt 0.37500 0.66106
vt 0.40625 0.50000
vt 0.40625 0.66106
vt 0.43750 0.50000
vt 0.43750 0.66106
vt 0.46875 0.50000
vt 0.46875 0.66106
vt 0.50000 0.50000
vt 0.50000 0.66106
vt 0.53125 0.50000
vt 0.53125 0.66106
vt 0.56250 0.50000
vt 0.56250 0.66106
vt 0.59375 0.50000
vt 0.59375 0.66106
vt 0.62500 0.50000
vt 0.62500 0.66106
vt 0.65625 0.50000
vt 0.65625 0.66106
vt 0.68750 0.50000
vt 0.68750 0.66106
vt 0.71875 0.50000
vt 0.71875 0.66106
vt 0.75000 0.50000
vt 0.75000 0.66106
vt 0.78125 0.50000
vt 0.78125 0.66106
vt 0.81250 0.50000
vt 0.81250 0.66106
vt 0.84375 0.50000
vt 0.84375 0.66106
vt 0.87500 0.50000
vt 0.87500 0.66106
vt 0.90625 0.50000
vt 0.90625 0.66106
vt 0.93750 0.50000
vt 0.93750 0.66106
vt 0.96875 0.50000
vt 0.96875 0.66106
vt 1.00000 0.50000
vt 1.00000 0.66106
vt 1.00000 0.95425
vt 1.00000 1.00000
vt 0.96875 1.00000
vt 0.96875 0.95425
vt 0.93750 1.00000
vt 0.93750 0.95425
vt 0.90625 1.00000
vt 0.90625 0.95425
vt 0.87500 1.00000
vt 0.87500 0.95425
vt 0.84375 1.00000
vt 0.84375 0.95425
vt 0.81250 1.00000
vt 0.81250 0.95425
vt 0.78125 1.00000
vt 0.78125 0.95425
vt 0.75000 1.00000
vt 0.75000 0.95425
vt 0.71875 1.00000
vt 0.71875 0.95425
vt 0.68750 1.00000
vt 0.68750 0.95425
vt 0.65625 1.00000
vt 0.65625 0.95425
vt 0.62500 1.00000
vt 0.62500 0.95425
vt 0.59375 1.00000
vt 0.59375 0.95425
vt 0.56250 1.00000
vt 0.56250 0.95425
vt 0.53125 1.00000
vt 0.53125 0.95425
vt 0.50000 1.00000
vt 0.50000 0.95425
vt 0.46875 1.00000
vt 0.46875 0.95425
vt 0.43750 1.00000
vt 0.43750 0.95425
vt 0.40625 1.00000
vt 0.40625 0.95425
vt 0.37500 1.00000
vt 0.37500 0.95425
vt 0.34375 1.00000
vt 0.34375 0.95425
vt 0.31250 1.00000
vt 0.31250 0.95425
vt 0.28125 1.00000
vt 0.28125 0.95425
vt 0.25000 1.00000
vt 0.25000 0.95425
vt 0.21875 1.00000
vt 0.21875 0.95425
vt 0.18750 1.00000
vt 0.18750 0.95425
vt 0.15625 1.00000
vt 0.15625 0.95425
vt 0.12500 1.00000
vt 0.12500 0.95425
vt 0.09375 1.00000
vt 0.09375 0.95425
vt 0.06250 1.00000
vt 0.06250 0.95425
vt 0.29682 0.48539
vt 0.25000 0.49000
vt 0.20318 0.48539
vt 0.15816 0.47173
vt 0.11666 0.44955
vt 0.08030 0.41971
vt 0.05045 0.38334
vt 0.02827 0.34184
vt 0.01461 0.29682
vt 0.01000 0.25000
vt 0.01461 0.20318
vt 0.02827 0.15816
vt 0.05045 0.11666
vt 0.08029 0.08029
vt 0.11666 0.05045
vt 0.15816 0.02827
vt 0.20318 0.01461
vt 0.25000 0.01000
vt 0.29682 0.01461
vt 0.34184 0.02827
vt 0.38334 0.05045
vt 0.41971 0.08029
vt 0.44955 0.11666
vt 0.47173 0.15816
vt 0.48539 0.20318
vt 0.49000 0.25000
vt 0.48539 0.29682
vt 0.47173 0.34184
vt 0.44955 0.38334
vt 0.41971 0.41971
vt 0.38334 0.44955
vt 0.34184 0.47173
vt 0.03125 1.00000
vt 0.03125 0.95425
vt 0.00000 1.00000
vt 0.00000 0.95425
vt 0.75000 0.49000
vt 0.79682 0.48539
vt 0.84184 0.47173
vt 0.88334 0.44955
vt 0.91971 0.41971
vt 0.94955 0.38334
vt 0.97173 0.34184
vt 0.98539 0.29682
vt 0.99000 0.25000
vt 0.98539 0.20318
vt 0.97173 0.15816
vt 0.94955 0.11666
vt 0.91971 0.08029
vt 0.88334 0.05045
vt 0.84184 0.02827
vt 0.79682 0.01461
vt 0.75000 0.01000
vt 0.70318 0.01461
vt 0.65816 0.02827
vt 0.61666 0.05045
vt 0.58029 0.08029
vt 0.55045 0.11666
vt 0.52827 0.15816
vt 0.51461 0.20318
vt 0.51000 0.25000
vt 0.51461 0.29682
vt 0.52827 0.34184
vt 0.55045 0.38334
vt 0.58030 0.41971
vt 0.61666 0.44955
vt 0.65816 0.47173
vt 0.70318 0.48539
vt 0.03125 0.86998
vt 0.00000 0.86998
vt 0.06250 0.86998
vt 0.09375 0.86998
vt 0.12500 0.86998
vt 0.15625 0.86998
vt 0.18750 0.86998
vt 0.21875 0.86998
vt 0.25000 0.86998
vt 0.28125 0.86998
vt 0.31250 0.86998
vt 0.34375 0.86998
vt 0.37500 0.86998
vt 0.40625 0.86998
vt 0.43750 0.86998
vt 0.46875 0.86998
vt 0.50000 0.86998
vt 0.53125 0.86998
vt 0.56250 0.86998
vt 0.59375 0.86998
vt 0.62500 0.86998
vt 0.65625 0.86998
vt 0.68750 0.86998
vt 0.71875 0.86998
vt 0.75000 0.86998
vt 0.78125 0.86998
vt 0.81250 0.86998
vt 0.84375 0.86998
vt 0.87500 0.86998
vt 0.90625 0.86998
vt 0.93750 0.86998
vt 0.96875 0.86998
vt 1.00000 0.86998
vt 1.00000 0.52994
vt 1.00000 0.65660
vt 0.96875 0.65660
vt 0.96875 0.52994
vt 0.93750 0.65660
vt 0.93750 0.52994
vt 0.90625 0.65660
vt 0.90625 0.52994
vt 0.87500 0.65660
vt 0.87500 0.52994
vt 0.84375 0.65660
vt 0.84375 0.52994
vt 0.81250 0.65660
vt 0.81250 0.52994
vt 0.78125 0.65660
vt 0.78125 0.52994
vt 0.75000 0.65660
vt 0.75000 0.52994
vt 0.71875 0.65660
vt 0.71875 0.52994
vt 0.68750 0.65660
vt 0.68750 0.52994
vt 0.65625 0.65660
vt 0.65625 0.52994
vt 0.62500 0.65660
vt 0.62500 0.52994
vt 0.59375 0.65660
vt 0.59375 0.52994
vt 0.56250 0.65660
vt 0.56250 0.52994
vt 0.53125 0.65660
vt 0.53125 0.52994
vt 0.50000 0.65660
vt 0.50000 0.52994
vt 0.46875 0.65660
vt 0.46875 0.52994
vt 0.43750 0.65660
vt 0.43750 0.52994
vt 0.40625 0.65660
vt 0.40625 0.52994
vt 0.37500 0.65660
vt 0.37500 0.52994
vt 0.34375 0.65660
vt 0.34375 0.52994
vt 0.31250 0.65660
vt 0.31250 0.52994
vt 0.28125 0.65660
vt 0.28125 0.52994
vt 0.25000 0.65660
vt 0.25000 0.52994
vt 0.21875 0.65660
vt 0.21875 0.52994
vt 0.18750 0.65660
vt 0.18750 0.52994
vt 0.15625 0.65660
vt 0.15625 0.52994
vt 0.12500 0.65660
vt 0.12500 0.52994
vt 0.09375 0.65660
vt 0.09375 0.52994
vt 0.06250 0.65660
vt 0.06250 0.52994
vt 0.03125 0.65660
vt 0.03125 0.52994
vt 0.00000 0.65660
vt 0.00000 0.52994
vt 0.03125 0.50000
vt 0.00000 0.50000
vt 0.06250 0.50000
vt 0.09375 0.50000
vt 0.12500 0.50000
vt 0.15625 0.50000
vt 0.18750 0.50000
vt 0.21875 0.50000
vt 0.25000 0.50000
vt 0.28125 0.50000
vt 0.31250 0.50000
vt 0.34375 0.50000
vt 0.37500 0.50000
vt 0.40625 0.50000
vt 0.43750 0.50000
vt 0.46875 0.50000
vt 0.50000 0.50000
vt 0.53125 0.50000
vt 0.56250 0.50000
vt 0.59375 0.50000
vt 0.62500 0.50000
vt 0.65625 0.50000
vt 0.68750 0.50000
vt 0.71875 0.50000
vt 0.75000 0.50000
vt 0.78125 0.50000
vt 0.81250 0.50000
vt 0.84375 0.50000
vt 0.87500 0.50000
vt 0.90625 0.50000
vt 0.93750 0.50000
vt 0.96875 0.50000
vt 1.00000 0.50000
vt 0.58333 0.00000
vt 0.62500 0.00000
vt 0.62500 0.25000
vt 0.58333 0.25000
vt 0.62500 0.50000
vt 0.58333 0.50000
vt 0.62500 0.75000
vt 0.58333 0.75000
vt 0.62500 1.00000
vt 0.58333 1.00000
vt 0.12500 0.50000
vt 0.37500 0.50000
vt 0.37500 0.75000
vt 0.12500 0.75000
vt 0.87500 0.50000
vt 0.87500 0.75000
vt 0.41667 0.75000
vt 0.41667 1.00000
vt 0.37500 1.00000
vt 0.45833 0.75000
vt 0.45833 1.00000
vt 0.50000 0.75000
vt 0.50000 1.00000
vt 0.53038 0.75000
vt 0.54167 0.75000
vt 0.54167 1.00000
vt 0.53038 1.00000
vt 0.41667 0.50000
vt 0.45833 0.50000
vt 0.50000 0.50000
vt 0.53038 0.50000
vt 0.54167 0.50000
vt 0.37500 0.25000
vt 0.41667 0.25000
vt 0.45833 0.25000
vt 0.50000 0.25000
vt 0.53038 0.25000
vt 0.54167 0.25000
vt 0.37500 0.00000
vt 0.41667 0.00000
vt 0.45833 0.00000
vt 0.50000 0.00000
vt 0.53038 0.00000
vt 0.54167 0.00000
vn -0.0109 -0.0980 -0.9951
vn -0.0104 -0.2903 -0.9569
vn -0.0100 -0.4714 -0.8819
vn -0.0096 -0.6344 -0.7730
vn -0.0093 -0.7730 -0.6344
vn -0.0090 -0.8819 -0.4714
vn -0.0088 -0.9569 -0.2903
vn -0.0087 -0.9951 -0.0980
vn -0.0087 -0.9951 0.0980
vn -0.0088 -0.9569 0.2903
vn -0.0090 -0.8819 0.4714
vn -0.0093 -0.7730 0.6344
vn -0.0096 -0.6344 0.7730
vn -0.0100 -0.4714 0.8819
vn -0.0104 -0.2903 0.9569
vn -0.0109 -0.0980 0.9951
vn -0.0114 0.0980 0.9951
vn -0.0119 0.2903 0.9569
vn -0.0123 0.4713 0.8819
vn -0.0127 0.6343 0.7729
vn -0.0130 0.7729 0.6343
vn -0.0133 0.8818 0.4714
vn -0.0135 0.9569 0.2903
vn -0.0136 0.9951 0.0980
vn -0.0136 0.9951 -0.0980
vn -0.0135 0.9569 -0.2903
vn -0.0133 0.8818 -0.4714
vn -0.0130 0.7729 -0.6343
vn -0.0127 0.6343 -0.7729
vn -0.0123 0.4713 -0.8819
vn 1.0000 -0.0000 0.0000
vn -0.0119 0.2903 -0.9569
vn -0.0114 0.0980 -0.9951
vn -1.0000 -0.0000 0.0000
vn 0.1675 0.0966 -0.9811
vn 0.1682 0.2861 -0.9433
vn 0.1690 0.4646 -0.8692
vn 0.1697 0.6252 -0.7618
vn 0.1703 0.7617 -0.6251
vn 0.1707 0.8690 -0.4645
vn 0.1710 0.9428 -0.2860
vn 0.1712 0.9805 -0.0966
vn 0.1712 0.9805 0.0966
vn 0.1710 0.9428 0.2860
vn 0.1707 0.8690 0.4645
vn 0.1703 0.7617 0.6251
vn 0.1697 0.6252 0.7618
vn 0.1690 0.4646 0.8692
vn 0.1682 0.2861 0.9433
vn 0.1674 0.0966 0.9811
vn 0.1666 -0.0966 0.9813
vn 0.1658 -0.2863 0.9437
vn 0.1651 -0.4649 0.8698
vn 0.1644 -0.6258 0.7625
vn 0.1638 -0.7626 0.6258
vn 0.1634 -0.8701 0.4651
vn 0.1631 -0.9441 0.2864
vn 0.1629 -0.9819 0.0967
vn 0.1629 -0.9819 -0.0967
vn 0.1631 -0.9441 -0.2864
vn 0.1634 -0.8701 -0.4651
vn 0.1638 -0.7626 -0.6258
vn 0.1644 -0.6258 -0.7625
vn 0.1651 -0.4649 -0.8698
vn 0.1658 -0.2863 -0.9437
vn 0.1666 -0.0967 -0.9813
vn 0.0186 0.0980 -0.9950
vn 0.0195 0.2902 -0.9568
vn 0.0203 0.4713 -0.8817
vn 0.0210 0.6343 -0.7728
vn 0.0216 0.7728 -0.6343
vn 0.0220 0.8817 -0.4713
vn 0.0224 0.9567 -0.2902
vn 0.0225 0.9949 -0.0980
vn 0.0225 0.9949 0.0980
vn 0.0224 0.9567 0.2902
vn 0.0220 0.8817 0.4713
vn 0.0216 0.7728 0.6342
vn 0.0210 0.6343 0.7728
vn 0.0203 0.4713 0.8817
vn 0.0195 0.2902 0.9568
vn 0.0186 0.0980 0.9950
vn 0.0178 -0.0980 0.9950
vn 0.0170 -0.2902 0.9568
vn 0.0162 -0.4713 0.8818
vn 0.0155 -0.6343 0.7729
vn 0.0149 -0.7729 0.6343
vn 0.0144 -0.8818 0.4713
vn 0.0141 -0.9568 0.2903
vn 0.0139 -0.9951 0.0980
vn 0.0139 -0.9951 -0.0980
vn 0.0141 -0.9568 -0.2903
vn 0.0144 -0.8818 -0.4713
vn 0.0149 -0.7729 -0.6343
vn 0.0155 -0.6343 -0.7729
vn 0.0162 -0.4713 -0.8818
vn 0.0170 -0.2902 -0.9568
vn 0.0178 -0.0980 -0.9950
vn 0.7740 0.0621 -0.6302
vn 0.7869 0.1791 -0.5905
vn 0.7982 0.2840 -0.5313
vn 0.8077 0.3740 -0.4558
vn 0.8153 0.4476 -0.3673
vn 0.8210 0.5035 -0.2691
vn 0.8248 0.5411 -0.1641
vn 0.8267 0.5600 -0.0552
vn 0.8267 0.5599 0.0551
vn 0.8248 0.5411 0.1641
vn 0.8210 0.5035 0.2691
vn 0.8153 0.4476 0.3673
vn 0.8077 0.3740 0.4558
vn 0.7982 0.2840 0.5313
vn 0.7869 0.1791 0.5905
vn 0.7740 0.0621 0.6302
vn 0.7597 -0.0637 0.6471
vn 0.7446 -0.1938 0.6388
vn 0.7291 -0.3226 0.6036
vn 0.7143 -0.4440 0.5410
vn 0.7008 -0.5514 0.4525
vn 0.6897 -0.6386 0.3413
vn 0.6817 -0.7001 0.2124
vn 0.6775 -0.7319 0.0721
vn 0.6776 -0.7319 -0.0721
vn 0.6817 -0.7001 -0.2124
vn 0.6897 -0.6386 -0.3414
vn 0.7008 -0.5514 -0.4525
vn 0.7143 -0.4440 -0.5410
vn 0.7292 -0.3226 -0.6035
vn 0.7446 -0.1938 -0.6388
vn 0.7597 -0.0638 -0.6471
vn 0.0000 0.6000 -0.8000
vn 0.0000 0.0000 1.0000
vn -0.9878 -0.1559 0.0000
vn 0.0000 -1.0000 0.0000
vn 0.9902 -0.1395 0.0000
vn 0.0000 0.0000 -1.0000
vn 1.0000 -0.0030 0.0000
vn -0.9998 -0.0200 0.0000
vn 0.6946 -0.7194 0.0000
vn -0.6888 -0.7250 0.0000
vn -0.9558 -0.2940 0.0000
vn 0.9603 -0.2791 0.0000
vn 0.0000 1.0000 -0.0000
vn 0.0000 0.6000 0.8000
vn -1.0000 0.0011 0.0000
vn -0.3611 0.9325 0.0000
vn -1.0000 -0.0035 0.0000
vn -1.0000 -0.0005 -0.0000
vn 0.8493 -0.5280 0.0000
vn -0.9980 -0.0625 0.0000
vn -0.1909 0.9816 0.0000
vn -0.9834 -0.1814 0.0000
vn 0.9998 0.0205 0.0000
vn 0.9979 -0.0654 0.0000
vn -0.1752 -0.9845 0.0000
vn 0.0821 -0.9966 0.0000
vn 0.9958 -0.0919 0.0000
vn -0.9998 -0.0197 0.0000
vn 0.9998 -0.0182 0.0000
vn -0.6439 0.7652 0.0000
vn 0.6414 -0.7672 0.0000
vn 0.0000 0.6585 0.7526
vn 0.0000 0.6585 -0.7526
vn 0.0846 -0.0977 -0.9916
vn 0.0846 -0.2892 -0.9535
vn 0.0846 -0.4697 -0.8788
vn 0.0846 -0.6321 -0.7702
vn 0.0846 -0.7702 -0.6321
vn 0.0846 -0.8788 -0.4697
vn 0.0846 -0.9535 -0.2892
vn 0.0846 -0.9916 -0.0977
vn 0.0846 -0.9916 0.0977
vn 0.0846 -0.9535 0.2892
vn 0.0846 -0.8788 0.4697
vn 0.0846 -0.7702 0.6321
vn 0.0846 -0.6321 0.7702
vn 0.0846 -0.4697 0.8788
vn 0.0846 -0.2892 0.9535
vn 0.0846 -0.0977 0.9916
vn 0.0846 0.0977 0.9916
vn 0.0846 0.2892 0.9535
vn 0.0846 0.4697 0.8788
vn 0.0846 0.6321 0.7702
vn 0.0846 0.7702 0.6321
vn 0.0846 0.8788 0.4697
vn 0.0846 0.9535 0.2892
vn 0.0846 0.9916 0.0977
vn 0.0846 0.9916 -0.0977
vn 0.0846 0.9535 -0.2892
vn 0.0846 0.8788 -0.4697
vn 0.0846 0.7702 -0.6321
vn 0.0846 0.6321 -0.7702
vn 0.0846 0.4697 -0.8788
vn 0.0846 0.2892 -0.9535
vn 0.0846 0.0977 -0.9916
vn 0.4132 0.0893 -0.9063
vn 0.4131 0.2644 -0.8715
vn 0.4132 0.4293 -0.8031
vn 0.4132 0.5777 -0.7040
vn 0.4132 0.7039 -0.5777
vn 0.4132 0.8031 -0.4293
vn 0.4131 0.8715 -0.2644
vn 0.4132 0.9063 -0.0893
vn 0.4132 0.9063 0.0893
vn 0.4132 0.8714 0.2644
vn 0.4132 0.8031 0.4293
vn 0.4132 0.7040 0.5777
vn 0.4132 0.5777 0.7039
vn 0.4132 0.4293 0.8031
vn 0.4132 0.2644 0.8714
vn 0.4132 0.0893 0.9063
vn 0.4132 -0.0893 0.9063
vn 0.4131 -0.2644 0.8715
vn 0.4132 -0.4293 0.8031
vn 0.4132 -0.5777 0.7039
vn 0.4131 -0.7040 0.5777
vn 0.4132 -0.8031 0.4293
vn 0.4132 -0.8714 0.2644
vn 0.4132 -0.9063 0.0893
vn 0.4132 -0.9063 -0.0893
vn 0.4132 -0.8714 -0.2643
vn 0.4132 -0.8031 -0.4293
vn 0.4132 -0.7039 -0.5777
vn 0.4132 -0.5777 -0.7039
vn 0.4131 -0.4293 -0.8031
vn 0.4132 -0.2644 -0.8714
vn 0.4131 -0.0893 -0.9063
vn -0.9387 -0.0338 -0.3430
vn -0.9387 -0.1000 -0.3298
vn -0.9387 -0.1625 -0.3039
vn -0.9387 -0.2186 -0.2664
vn -0.9387 -0.2664 -0.2187
vn -0.9387 -0.3040 -0.1625
vn -0.9387 -0.3298 -0.1000
vn -0.9387 -0.3430 -0.0338
vn -0.9387 -0.3430 0.0338
vn -0.9387 -0.3298 0.1000
vn -0.9387 -0.3039 0.1625
vn -0.9387 -0.2664 0.2186
vn -0.9387 -0.2187 0.2664
vn -0.9387 -0.1625 0.3040
vn -0.9387 -0.1000 0.3298
vn -0.9387 -0.0338 0.3430
vn -0.9387 0.0338 0.3430
vn -0.9387 0.1000 0.3298
vn -0.9387 0.1625 0.3039
vn -0.9387 0.2186 0.2664
vn -0.9387 0.2664 0.2187
vn -0.9387 0.3039 0.1625
vn -0.9387 0.3298 0.1000
vn -0.9387 0.3430 0.0338
vn -0.9387 0.3430 -0.0338
vn -0.9387 0.3298 -0.1000
vn -0.9387 0.3039 -0.1625
vn -0.9387 0.2664 -0.2186
vn -0.9387 0.2186 -0.2664
vn -0.9387 0.1625 -0.3040
vn -0.9387 0.1000 -0.3298
vn -0.9387 0.0338 -0.3430
vn -0.8985 -0.0430 -0.4369
vn -0.8985 -0.1275 -0.4202
vn -0.8985 -0.2070 -0.3872
vn -0.8984 -0.2786 -0.3394
vn -0.8985 -0.3394 -0.2785
vn -0.8985 -0.3872 -0.2070
vn -0.8985 -0.4202 -0.1275
vn -0.8985 -0.4370 -0.0430
vn -0.8985 -0.4370 0.0430
vn -0.8985 -0.4202 0.1275
vn -0.8985 -0.3872 0.2070
vn -0.8985 -0.3394 0.2785
vn -0.8984 -0.2785 0.3394
vn -0.8985 -0.2070 0.3872
vn -0.8985 -0.1274 0.4202
vn -0.8985 -0.0430 0.4369
vn -0.8985 0.0430 0.4369
vn -0.8985 0.1275 0.4202
vn -0.8985 0.2070 0.3872
vn -0.8985 0.2785 0.3394
vn -0.8985 0.3394 0.2785
vn -0.8985 0.3872 0.2070
vn -0.8985 0.4202 0.1275
vn -0.8985 0.4370 0.0430
vn -0.8984 0.4370 -0.0430
vn -0.8985 0.4201 -0.1275
vn -0.8984 0.3872 -0.2070
vn -0.8984 0.3394 -0.2786
vn -0.8985 0.2785 -0.3394
vn -0.8985 0.2070 -0.3872
vn -0.8984 0.1275 -0.4202
vn -0.8985 0.0430 -0.4369
vn -0.0404 -0.0980 -0.9944
vn -0.0405 -0.2900 -0.9562
vn -0.0405 -0.4710 -0.8812
vn -0.0405 -0.6339 -0.7724
vn -0.0404 -0.7724 -0.6339
vn -0.0405 -0.8812 -0.4710
vn -0.0405 -0.9562 -0.2900
vn -0.0404 -0.9944 -0.0979
vn -0.0404 -0.9944 0.0979
vn -0.0405 -0.9562 0.2900
vn -0.0404 -0.8812 0.4710
vn -0.0404 -0.7724 0.6339
vn -0.0405 -0.6339 0.7724
vn -0.0404 -0.4710 0.8812
vn -0.0404 -0.2900 0.9562
vn -0.0405 -0.0980 0.9944
vn -0.0405 0.0980 0.9944
vn -0.0404 0.2900 0.9562
vn -0.0405 0.4710 0.8812
vn -0.0405 0.6339 0.7724
vn -0.0405 0.7724 0.6339
vn -0.0404 0.8812 0.4710
vn -0.0405 0.9562 0.2900
vn -0.0404 0.9944 0.0979
vn -0.0404 0.9944 -0.0979
vn -0.0404 0.9562 -0.2901
vn -0.0405 0.8812 -0.4710
vn -0.0405 0.7724 -0.6339
vn -0.0404 0.6339 -0.7724
vn -0.0405 0.4710 -0.8812
vn -0.0405 0.2900 -0.9562
vn -0.0404 0.0980 -0.9944
vn 0.9124 0.0401 -0.4074
vn 0.9124 0.1188 -0.3917
vn 0.9124 0.1930 -0.3610
vn 0.9124 0.2597 -0.3164
vn 0.9124 0.3164 -0.2597
vn 0.9124 0.3610 -0.1930
vn 0.9124 0.3917 -0.1188
vn 0.9124 0.4074 -0.0401
vn 0.9124 0.4074 0.0401
vn 0.9124 0.3917 0.1188
vn 0.9124 0.3610 0.1930
vn 0.9124 0.3164 0.2597
vn 0.9124 0.2597 0.3164
vn 0.9124 0.1930 0.3610
vn 0.9124 0.1188 0.3917
vn 0.9124 0.0401 0.4074
vn 0.9124 -0.0401 0.4074
vn 0.9124 -0.1188 0.3917
vn 0.9124 -0.1930 0.3610
vn 0.9124 -0.2597 0.3164
vn 0.9124 -0.3164 0.2597
vn 0.9124 -0.3610 0.1930
vn 0.9124 -0.3917 0.1188
vn 0.9124 -0.4074 0.0401
vn 0.9124 -0.4074 -0.0401
vn 0.9124 -0.3917 -0.1188
vn 0.9124 -0.3610 -0.1930
vn 0.9124 -0.3164 -0.2597
vn 0.9124 -0.2597 -0.3164
vn 0.9124 -0.1930 -0.3610
vn 0.9124 -0.1188 -0.3917
vn 0.9124 -0.0401 -0.4074
vn -0.0314 -0.0980 -0.9947
vn -0.0288 -0.2902 -0.9565
vn -0.0264 -0.4712 -0.8816
vn -0.0242 -0.6342 -0.7728
vn -0.0223 -0.7728 -0.6342
vn -0.0208 -0.8817 -0.4713
vn -0.0198 -0.9568 -0.2902
vn -0.0193 -0.9950 -0.0980
vn -0.0193 -0.9950 0.0980
vn -0.0198 -0.9568 0.2902
vn -0.0208 -0.8817 0.4713
vn -0.0223 -0.7728 0.6342
vn -0.0242 -0.6342 0.7728
vn -0.0264 -0.4712 0.8816
vn -0.0288 -0.2902 0.9565
vn -0.0314 -0.0980 0.9947
vn -0.0341 0.0980 0.9946
vn -0.0367 0.2901 0.9563
vn -0.0391 0.4710 0.8812
vn -0.0413 0.6338 0.7724
vn -0.0432 0.7723 0.6338
vn -0.0447 0.8810 0.4709
vn -0.0457 0.9559 0.2900
vn -0.0462 0.9941 0.0979
vn -0.0462 0.9941 -0.0979
vn -0.0457 0.9559 -0.2900
vn -0.0447 0.8810 -0.4709
vn -0.0432 0.7723 -0.6338
vn -0.0413 0.6338 -0.7724
vn -0.0391 0.4710 -0.8812
vn -0.0367 0.2901 -0.9563
vn -0.0341 0.0980 -0.9946
vn -0.0055 0.0980 -0.9952
vn -0.0055 0.2903 -0.9569
vn -0.0055 0.4714 -0.8819
vn -0.0055 0.6344 -0.7730
vn -0.0055 0.7730 -0.6344
vn -0.0055 0.8819 -0.4714
vn -0.0055 0.9569 -0.2903
vn -0.0055 0.9952 -0.0980
vn -0.0055 0.9952 0.0980
vn -0.0055 0.9569 0.2903
vn -0.0055 0.8819 0.4714
vn -0.0055 0.7730 0.6344
vn -0.0055 0.6344 0.7730
vn -0.0055 0.4714 0.8819
vn -0.0055 0.2903 0.9569
vn -0.0055 0.0980 0.9952
vn -0.0055 -0.0980 0.9952
vn -0.0055 -0.2903 0.9569
vn -0.0055 -0.4714 0.8819
vn -0.0055 -0.6344 0.7730
vn -0.0055 -0.7730 0.6344
vn -0.0055 -0.8819 0.4714
vn -0.0055 -0.9569 0.2903
vn -0.0055 -0.9952 0.0980
vn -0.0055 -0.9952 -0.0980
vn -0.0055 -0.9569 -0.2903
vn -0.0055 -0.8819 -0.4714
vn -0.0055 -0.7730 -0.6344
vn -0.0055 -0.6344 -0.7730
vn -0.0055 -0.4714 -0.8819
vn -0.0055 -0.2903 -0.9569
vn -0.0055 -0.0980 -0.9952
vn -0.0862 0.0977 -0.9915
vn -0.0862 0.2892 -0.9534
vn -0.0862 0.4696 -0.8786
vn -0.0862 0.6320 -0.7701
vn -0.0862 0.7701 -0.6320
vn -0.0862 0.8786 -0.4696
vn -0.0862 0.9534 -0.2892
vn -0.0862 0.9915 -0.0977
vn -0.0862 0.9915 0.0977
vn -0.0862 0.9534 0.2892
vn -0.0862 0.8786 0.4696
vn -0.0862 0.7701 0.6320
vn -0.0862 0.6320 0.7701
vn -0.0862 0.4696 0.8786
vn -0.0862 0.2892 0.9534
vn -0.0862 0.0977 0.9915
vn -0.0862 -0.0977 0.9915
vn -0.0862 -0.2892 0.9534
vn -0.0862 -0.4696 0.8786
vn -0.0862 -0.6320 0.7701
vn -0.0862 -0.7701 0.6320
vn -0.0862 -0.8786 0.4696
vn -0.0862 -0.9534 0.2892
vn -0.0862 -0.9915 0.0977
vn -0.0862 -0.9915 -0.0977
vn -0.0862 -0.9534 -0.2892
vn -0.0862 -0.8786 -0.4696
vn -0.0862 -0.7701 -0.6320
vn -0.0862 -0.6320 -0.7701
vn -0.0862 -0.4696 -0.8786
vn -0.0862 -0.2892 -0.9534
vn -0.0862 -0.0977 -0.9915
vn 0.0237 -0.0980 -0.9949
vn 0.0236 -0.2902 -0.9567
vn 0.0237 -0.4713 -0.8817
vn 0.0236 -0.6342 -0.7728
vn 0.0236 -0.7728 -0.6342
vn 0.0237 -0.8817 -0.4713
vn 0.0236 -0.9567 -0.2902
vn 0.0236 -0.9949 -0.0980
vn 0.0236 -0.9949 0.0980
vn 0.0236 -0.9567 0.2902
vn 0.0237 -0.8817 0.4713
vn 0.0237 -0.7728 0.6342
vn 0.0237 -0.6342 0.7728
vn 0.0237 -0.4713 0.8816
vn 0.0236 -0.2902 0.9567
vn 0.0236 -0.0980 0.9949
vn 0.0236 0.0980 0.9949
vn 0.0236 0.2902 0.9567
vn 0.0237 0.4713 0.8816
vn 0.0236 0.6342 0.7728
vn 0.0237 0.7728 0.6342
vn 0.0237 0.8817 0.4713
vn 0.0236 0.9567 0.2902
vn 0.0237 0.9949 0.0980
vn 0.0236 0.9949 -0.0980
vn 0.0236 0.9567 -0.2902
vn 0.0237 0.8817 -0.4713
vn 0.0237 0.7728 -0.6342
vn 0.0236 0.6342 -0.7728
vn 0.0237 0.4713 -0.8817
vn 0.0236 0.2902 -0.9567
vn 0.0237 0.0980 -0.9949
vn 0.0784 0.0977 -0.9921
vn 0.0777 0.2894 -0.9541
vn 0.0769 0.4700 -0.8793
vn 0.0763 0.6325 -0.7708
vn 0.0758 0.7708 -0.6326
vn 0.0753 0.8794 -0.4701
vn 0.0750 0.9542 -0.2895
vn 0.0749 0.9924 -0.0977
vn 0.0749 0.9924 0.0977
vn 0.0751 0.9542 0.2895
vn 0.0753 0.8794 0.4701
vn 0.0758 0.7708 0.6326
vn 0.0763 0.6325 0.7708
vn 0.0769 0.4700 0.8793
vn 0.0776 0.2894 0.9541
vn 0.0784 0.0977 0.9921
vn 0.0792 -0.0977 0.9921
vn 0.0799 -0.2894 0.9539
vn 0.0806 -0.4699 0.8790
vn 0.0813 -0.6323 0.7705
vn 0.0818 -0.7704 0.6323
vn 0.0822 -0.8789 0.4698
vn 0.0825 -0.9537 0.2893
vn 0.0827 -0.9918 0.0977
vn 0.0827 -0.9918 -0.0977
vn 0.0825 -0.9537 -0.2893
vn 0.0822 -0.8789 -0.4698
vn 0.0818 -0.7704 -0.6323
vn 0.0813 -0.6323 -0.7705
vn 0.0806 -0.4699 -0.8790
vn 0.0799 -0.2894 -0.9539
vn 0.0792 -0.0977 -0.9921
vn -0.1237 -0.0972 -0.9875
vn -0.1213 -0.2881 -0.9499
vn -0.1191 -0.4680 -0.8756
vn -0.1171 -0.6300 -0.7677
vn -0.1154 -0.7679 -0.6301
vn -0.1141 -0.8762 -0.4683
vn -0.1132 -0.9508 -0.2884
vn -0.1127 -0.9888 -0.0974
vn -0.1127 -0.9888 0.0974
vn -0.1132 -0.9508 0.2884
vn -0.1141 -0.8762 0.4683
vn -0.1154 -0.7679 0.6301
vn -0.1171 -0.6300 0.7677
vn -0.1191 -0.4680 0.8756
vn -0.1213 -0.2882 0.9499
vn -0.1237 -0.0972 0.9875
vn -0.1261 0.0972 0.9872
vn -0.1285 0.2879 0.9490
vn -0.1307 0.4673 0.8744
vn -0.1327 0.6288 0.7662
vn -0.1344 0.7660 0.6286
vn -0.1357 0.8738 0.4670
vn -0.1366 0.9480 0.2876
vn -0.1371 0.9858 0.0971
vn -0.1371 0.9858 -0.0971
vn -0.1366 0.9480 -0.2876
vn -0.1357 0.8738 -0.4670
vn -0.1343 0.7660 -0.6286
vn -0.1327 0.6288 -0.7662
vn -0.1307 0.4674 -0.8743
vn -0.1285 0.2879 -0.9490
vn -0.1261 0.0972 -0.9872
vn 0.2171 -0.0956 -0.9715
vn 0.2178 -0.2833 -0.9340
vn 0.2184 -0.4600 -0.8606
vn 0.2191 -0.6190 -0.7542
vn 0.2196 -0.7542 -0.6189
vn 0.2199 -0.8603 -0.4598
vn 0.2202 -0.9334 -0.2832
vn 0.2204 -0.9707 -0.0956
vn 0.2204 -0.9707 0.0956
vn 0.2202 -0.9334 0.2832
vn 0.2199 -0.8603 0.4598
vn 0.2196 -0.7542 0.6189
vn 0.2190 -0.6190 0.7542
vn 0.2184 -0.4600 0.8606
vn 0.2178 -0.2833 0.9340
vn 0.2171 -0.0956 0.9715
vn 0.2164 0.0957 0.9716
vn 0.2157 0.2835 0.9344
vn 0.2150 0.4604 0.8613
vn 0.2144 0.6196 0.7550
vn 0.2139 0.7551 0.6197
vn 0.2135 0.8616 0.4605
vn 0.2132 0.9349 0.2836
vn 0.2131 0.9723 0.0958
vn 0.2131 0.9723 -0.0958
vn 0.2132 0.9349 -0.2836
vn 0.2135 0.8616 -0.4605
vn 0.2139 0.7551 -0.6197
vn 0.2144 0.6196 -0.7550
vn 0.2150 0.4604 -0.8613
vn 0.2157 0.2835 -0.9344
vn 0.2164 0.0957 -0.9716
vn 0.0094 0.0980 -0.9951
vn 0.0089 0.2903 -0.9569
vn 0.0085 0.4714 -0.8819
vn 0.0081 0.6344 -0.7730
vn 0.0078 0.7730 -0.6344
vn 0.0075 0.8819 -0.4714
vn 0.0073 0.9569 -0.2903
vn 0.0073 0.9952 -0.0980
vn 0.0073 0.9952 0.0980
vn 0.0073 0.9569 0.2903
vn 0.0075 0.8819 0.4714
vn 0.0078 0.7730 0.6344
vn 0.0081 0.6344 0.7730
vn 0.0085 0.4714 0.8819
vn 0.0089 0.2903 0.9569
vn 0.0094 0.0980 0.9951
vn 0.0098 -0.0980 0.9951
vn 0.0103 -0.2903 0.9569
vn 0.0107 -0.4713 0.8819
vn 0.0111 -0.6343 0.7730
vn 0.0114 -0.7730 0.6343
vn 0.0117 -0.8819 0.4714
vn 0.0118 -0.9569 0.2903
vn 0.0119 -0.9951 0.0980
vn 0.0119 -0.9951 -0.0980
vn 0.0118 -0.9569 -0.2903
vn 0.0117 -0.8819 -0.4714
vn 0.0114 -0.7730 -0.6343
vn 0.0111 -0.6343 -0.7730
vn 0.0107 -0.4714 -0.8819
vn 0.0103 -0.2903 -0.9569
vn 0.0098 -0.0980 -0.9951
vn 0.9733 0.2294 0.0000
vn 0.9990 0.0443 0.0000
vn -0.0001 0.0000 1.0000
vn 0.1882 0.9821 0.0000
vn 0.5216 0.8532 0.0000
vn 0.9865 0.1638 0.0000
vn 0.9602 0.2792 0.0000
vn 0.9997 -0.0233 0.0000
vn -0.0001 0.0000 -1.0000
vn -0.2237 -0.9747 0.0000
vn -0.4654 -0.8851 0.0000
vn -0.9944 -0.1058 0.0000
vn -0.1268 -0.9919 0.0000
vn -0.9835 -0.1809 0.0000
usemtl Material.004
s 1
f 3793/5838/1253 3666/5839/1253 3668/5840/1253 3794/5841/1253
f 3794/5841/1254 3668/5840/1254 3670/5842/1254 3795/5843/1254
f 3795/5843/1255 3670/5842/1255 3672/5844/1255 3796/5845/1255
f 3796/5845/1256 3672/5844/1256 3674/5846/1256 3797/5847/1256
f 3797/5847/1257 3674/5846/1257 3676/5848/1257 3798/5849/1257
f 3798/5849/1258 3676/5848/1258 3678/5850/1258 3799/5851/1258
f 3799/5851/1259 3678/5850/1259 3680/5852/1259 3800/5853/1259
f 3800/5853/1260 3680/5852/1260 3682/5854/1260 3801/5855/1260
f 3801/5855/1261 3682/5854/1261 3684/5856/1261 3802/5857/1261
f 3802/5857/1262 3684/5856/1262 3686/5858/1262 3803/5859/1262
f 3803/5859/1263 3686/5858/1263 3688/5860/1263 3804/5861/1263
f 3804/5861/1264 3688/5860/1264 3690/5862/1264 3805/5863/1264
f 3805/5863/1265 3690/5862/1265 3692/5864/1265 3806/5865/1265
f 3806/5865/1266 3692/5864/1266 3694/5866/1266 3807/5867/1266
f 3807/5867/1267 3694/5866/1267 3696/5868/1267 3808/5869/1267
f 3808/5869/1268 3696/5868/1268 3698/5870/1268 3809/5871/1268
f 3809/5871/1269 3698/5870/1269 3700/5872/1269 3810/5873/1269
f 3810/5873/1270 3700/5872/1270 3702/5874/1270 3811/5875/1270
f 3811/5875/1271 3702/5874/1271 3704/5876/1271 3812/5877/1271
f 3812/5877/1272 3704/5876/1272 3706/5878/1272 3813/5879/1272
f 3813/5879/1273 3706/5878/1273 3708/5880/1273 3814/5881/1273
f 3814/5881/1274 3708/5880/1274 3710/5882/1274 3815/5883/1274
f 3815/5883/1275 3710/5882/1275 3712/5884/1275 3816/5885/1275
f 3816/5885/1276 3712/5884/1276 3714/5886/1276 3817/5887/1276
f 3817/5887/1277 3714/5886/1277 3716/5888/1277 3818/5889/1277
f 3818/5889/1278 3716/5888/1278 3718/5890/1278 3819/5891/1278
f 3819/5891/1279 3718/5890/1279 3720/5892/1279 3820/5893/1279
f 3820/5893/1280 3720/5892/1280 3722/5894/1280 3821/5895/1280
f 3821/5895/1281 3722/5894/1281 3724/5896/1281 3822/5897/1281
f 3822/5897/1282 3724/5896/1282 3726/5898/1282 3823/5899/1282
f 3668/5900/1283 3666/5901/1283 3728/5902/1283 3726/5903/1283 3724/5904/1283 3722/5905/1283 3720/5906/1283 3718/5907/1283 3716/5908/1283 3714/5909/1283 3712/5910/1283 3710/5911/1283 3708/5912/1283 3706/5913/1283 3704/5914/1283 3702/5915/1283 3700/5916/1283 3698/5917/1283 3696/5918/1283 3694/5919/1283 3692/5920/1283 3690/5921/1283 3688/5922/1283 3686/5923/1283 3684/5924/1283 3682/5925/1283 3680/5926/1283 3678/5927/1283 3676/5928/1283 3674/5929/1283 3672/5930/1283 3670/5931/1283
f 3823/5899/1284 3726/5898/1284 3728/5932/1284 3824/5933/1284
f 3824/5933/1285 3728/5932/1285 3666/5934/1285 3793/5935/1285
f 3665/5936/1286 3667/5937/1286 3669/5938/1286 3671/5939/1286 3673/5940/1286 3675/5941/1286 3677/5942/1286 3679/5943/1286 3681/5944/1286 3683/5945/1286 3685/5946/1286 3687/5947/1286 3689/5948/1286 3691/5949/1286 3693/5950/1286 3695/5951/1286 3697/5952/1286 3699/5953/1286 3701/5954/1286 3703/5955/1286 3705/5956/1286 3707/5957/1286 3709/5958/1286 3711/5959/1286 3713/5960/1286 3715/5961/1286 3717/5962/1286 3719/5963/1286 3721/5964/1286 3723/5965/1286 3725/5966/1286 3727/5967/1286
f 3727/5968/1287 3760/5969/1287 3729/5970/1287 3665/5971/1287
f 3725/5972/1288 3759/5973/1288 3760/5969/1288 3727/5968/1288
f 3723/5974/1289 3758/5975/1289 3759/5973/1289 3725/5972/1289
f 3721/5976/1290 3757/5977/1290 3758/5975/1290 3723/5974/1290
f 3719/5978/1291 3756/5979/1291 3757/5977/1291 3721/5976/1291
f 3717/5980/1292 3755/5981/1292 3756/5979/1292 3719/5978/1292
f 3715/5982/1293 3754/5983/1293 3755/5981/1293 3717/5980/1293
f 3713/5984/1294 3753/5985/1294 3754/5983/1294 3715/5982/1294
f 3711/5986/1295 3752/5987/1295 3753/5985/1295 3713/5984/1295
f 3709/5988/1296 3751/5989/1296 3752/5987/1296 3711/5986/1296
f 3707/5990/1297 3750/5991/1297 3751/5989/1297 3709/5988/1297
f 3705/5992/1298 3749/5993/1298 3750/5991/1298 3707/5990/1298
f 3703/5994/1299 3748/5995/1299 3749/5993/1299 3705/5992/1299
f 3701/5996/1300 3747/5997/1300 3748/5995/1300 3703/5994/1300
f 3699/5998/1301 3746/5999/1301 3747/5997/1301 3701/5996/1301
f 3697/6000/1302 3745/6001/1302 3746/5999/1302 3699/5998/1302
f 3695/6002/1303 3744/6003/1303 3745/6001/1303 3697/6000/1303
f 3693/6004/1304 3743/6005/1304 3744/6003/1304 3695/6002/1304
f 3691/6006/1305 3742/6007/1305 3743/6005/1305 3693/6004/1305
f 3689/6008/1306 3741/6009/1306 3742/6007/1306 3691/6006/1306
f 3687/6010/1307 3740/6011/1307 3741/6009/1307 3689/6008/1307
f 3685/6012/1308 3739/6013/1308 3740/6011/1308 3687/6010/1308
f 3683/6014/1309 3738/6015/1309 3739/6013/1309 3685/6012/1309
f 3681/6016/1310 3737/6017/1310 3738/6015/1310 3683/6014/1310
f 3679/6018/1311 3736/6019/1311 3737/6017/1311 3681/6016/1311
f 3677/6020/1312 3735/6021/1312 3736/6019/1312 3679/6018/1312
f 3675/6022/1313 3734/6023/1313 3735/6021/1313 3677/6020/1313
f 3673/6024/1314 3733/6025/1314 3734/6023/1314 3675/6022/1314
f 3671/6026/1315 3732/6027/1315 3733/6025/1315 3673/6024/1315
f 3669/6028/1316 3731/6029/1316 3732/6027/1316 3671/6026/1316
f 3667/6030/1317 3730/6031/1317 3731/6029/1317 3669/6028/1317
f 3665/6032/1318 3729/6033/1318 3730/6031/1318 3667/6030/1318
f 3760/5969/1319 3792/6034/1319 3761/6035/1319 3729/5970/1319
f 3759/5973/1320 3791/6036/1320 3792/6034/1320 3760/5969/1320
f 3758/5975/1321 3790/6037/1321 3791/6036/1321 3759/5973/1321
f 3757/5977/1322 3789/6038/1322 3790/6037/1322 3758/5975/1322
f 3756/5979/1323 3788/6039/1323 3789/6038/1323 3757/5977/1323
f 3755/5981/1324 3787/6040/1324 3788/6039/1324 3756/5979/1324
f 3754/5983/1325 3786/6041/1325 3787/6040/1325 3755/5981/1325
f 3753/5985/1326 3785/6042/1326 3786/6041/1326 3754/5983/1326
f 3752/5987/1327 3784/6043/1327 3785/6042/1327 3753/5985/1327
f 3751/5989/1328 3783/6044/1328 3784/6043/1328 3752/5987/1328
f 3750/5991/1329 3782/6045/1329 3783/6044/1329 3751/5989/1329
f 3749/5993/1330 3781/6046/1330 3782/6045/1330 3750/5991/1330
f 3748/5995/1331 3780/6047/1331 3781/6046/1331 3749/5993/1331
f 3747/5997/1332 3779/6048/1332 3780/6047/1332 3748/5995/1332
f 3746/5999/1333 3778/6049/1333 3779/6048/1333 3747/5997/1333
f 3745/6001/1334 3777/6050/1334 3778/6049/1334 3746/5999/1334
f 3744/6003/1335 3776/6051/1335 3777/6050/1335 3745/6001/1335
f 3743/6005/1336 3775/6052/1336 3776/6051/1336 3744/6003/1336
f 3742/6007/1337 3774/6053/1337 3775/6052/1337 3743/6005/1337
f 3741/6009/1338 3773/6054/1338 3774/6053/1338 3742/6007/1338
f 3740/6011/1339 3772/6055/1339 3773/6054/1339 3741/6009/1339
f 3739/6013/1340 3771/6056/1340 3772/6055/1340 3740/6011/1340
f 3738/6015/1341 3770/6057/1341 3771/6056/1341 3739/6013/1341
f 3737/6017/1342 3769/6058/1342 3770/6057/1342 3738/6015/1342
f 3736/6019/1343 3768/6059/1343 3769/6058/1343 3737/6017/1343
f 3735/6021/1344 3767/6060/1344 3768/6059/1344 3736/6019/1344
f 3734/6023/1345 3766/6061/1345 3767/6060/1345 3735/6021/1345
f 3733/6025/1346 3765/6062/1346 3766/6061/1346 3734/6023/1346
f 3732/6027/1347 3764/6063/1347 3765/6062/1347 3733/6025/1347
f 3731/6029/1348 3763/6064/1348 3764/6063/1348 3732/6027/1348
f 3730/6031/1349 3762/6065/1349 3763/6064/1349 3731/6029/1349
f 3729/6033/1350 3761/6066/1350 3762/6065/1350 3730/6031/1350
f 3792/6034/1351 3824/5933/1351 3793/5935/1351 3761/6035/1351
f 3791/6036/1352 3823/5899/1352 3824/5933/1352 3792/6034/1352
f 3790/6037/1353 3822/5897/1353 3823/5899/1353 3791/6036/1353
f 3789/6038/1354 3821/5895/1354 3822/5897/1354 3790/6037/1354
f 3788/6039/1355 3820/5893/1355 3821/5895/1355 3789/6038/1355
f 3787/6040/1356 3819/5891/1356 3820/5893/1356 3788/6039/1356
f 3786/6041/1357 3818/5889/1357 3819/5891/1357 3787/6040/1357
f 3785/6042/1358 3817/5887/1358 3818/5889/1358 3786/6041/1358
f 3784/6043/1359 3816/5885/1359 3817/5887/1359 3785/6042/1359
f 3783/6044/1360 3815/5883/1360 3816/5885/1360 3784/6043/1360
f 3782/6045/1361 3814/5881/1361 3815/5883/1361 3783/6044/1361
f 3781/6046/1362 3813/5879/1362 3814/5881/1362 3782/6045/1362
f 3780/6047/1363 3812/5877/1363 3813/5879/1363 3781/6046/1363
f 3779/6048/1364 3811/5875/1364 3812/5877/1364 3780/6047/1364
f 3778/6049/1365 3810/5873/1365 3811/5875/1365 3779/6048/1365
f 3777/6050/1366 3809/5871/1366 3810/5873/1366 3778/6049/1366
f 3776/6051/1367 3808/5869/1367 3809/5871/1367 3777/6050/1367
f 3775/6052/1368 3807/5867/1368 3808/5869/1368 3776/6051/1368
f 3774/6053/1369 3806/5865/1369 3807/5867/1369 3775/6052/1369
f 3773/6054/1370 3805/5863/1370 3806/5865/1370 3774/6053/1370
f 3772/6055/1371 3804/5861/1371 3805/5863/1371 3773/6054/1371
f 3771/6056/1372 3803/5859/1372 3804/5861/1372 3772/6055/1372
f 3770/6057/1373 3802/5857/1373 3803/5859/1373 3771/6056/1373
f 3769/6058/1374 3801/5855/1374 3802/5857/1374 3770/6057/1374
f 3768/6059/1375 3800/5853/1375 3801/5855/1375 3769/6058/1375
f 3767/6060/1376 3799/5851/1376 3800/5853/1376 3768/6059/1376
f 3766/6061/1377 3798/5849/1377 3799/5851/1377 3767/6060/1377
f 3765/6062/1378 3797/5847/1378 3798/5849/1378 3766/6061/1378
f 3764/6063/1379 3796/5845/1379 3797/5847/1379 3765/6062/1379
f 3763/6064/1380 3795/5843/1380 3796/5845/1380 3764/6063/1380
f 3762/6065/1381 3794/5841/1381 3795/5843/1381 3763/6064/1381
f 3761/6066/1382 3793/5838/1382 3794/5841/1382 3762/6065/1382
f 3825/6067/1383 3829/6068/1383 3848/6069/1383 3847/6070/1383
f 3839/6071/1384 3827/6072/1384 3831/6073/1384 3837/6074/1384
f 3837/6074/1385 3831/6073/1385 3829/6075/1385 3840/6076/1385
f 3830/6077/1386 3826/6078/1386 3828/6079/1386 3832/6080/1386
f 3838/6081/1387 3825/6082/1387 3827/6083/1387 3839/6084/1387
f 3840/6085/1388 3829/6068/1388 3825/6067/1388 3838/6086/1388
f 3830/6087/1388 3836/6088/1388 3833/6089/1388 3826/6078/1388
f 3826/6090/1389 3833/6091/1389 3835/6092/1389 3828/6093/1389
f 3832/6094/1390 3834/6095/1390 3836/6096/1390 3830/6077/1390
f 3828/6097/1384 3835/6098/1384 3834/6095/1384 3832/6094/1384
f 3843/6099/1388 3840/6085/1388 3838/6086/1388 3841/6100/1388
f 3841/6101/1391 3838/6081/1391 3839/6084/1391 3842/6102/1391
f 3844/6103/1392 3837/6074/1392 3840/6076/1392 3843/6104/1392
f 3842/6105/1384 3839/6071/1384 3837/6074/1384 3844/6103/1384
f 3835/6098/1384 3842/6105/1384 3844/6103/1384 3834/6095/1384
f 3834/6095/1393 3844/6103/1393 3843/6104/1393 3836/6096/1393
f 3833/6091/1394 3841/6101/1394 3842/6102/1394 3835/6092/1394
f 3836/6088/1388 3843/6099/1388 3841/6100/1388 3833/6089/1388
f 3847/6106/1395 3848/6107/1395 3846/6108/1395 3845/6109/1395
f 3831/6073/1396 3827/6072/1396 3845/6110/1396 3846/6111/1396
f 3829/6075/1286 3831/6073/1286 3846/6111/1286 3848/6112/1286
f 3827/6083/1283 3825/6082/1283 3847/6113/1283 3845/6114/1283
f 3861/6115/1397 3850/6116/1397 3852/6117/1397 3862/6118/1397
f 3862/6118/1388 3852/6117/1388 3856/6119/1388 3863/6120/1388
f 3863/6120/1283 3856/6119/1283 3854/6121/1283 3864/6122/1283
f 3864/6122/1384 3854/6121/1384 3850/6123/1384 3861/6124/1384
f 3851/6125/1386 3855/6126/1386 3853/6127/1386 3849/6128/1386
f 3856/6119/1395 3852/6129/1395 3850/6130/1395 3854/6121/1395
f 3853/6127/1384 3860/6131/1384 3857/6132/1384 3849/6133/1384
f 3855/6126/1283 3859/6134/1283 3860/6131/1283 3853/6127/1283
f 3851/6135/1388 3858/6136/1388 3859/6134/1388 3855/6126/1388
f 3849/6137/1286 3857/6138/1286 3858/6136/1286 3851/6135/1286
f 3860/6131/1384 3864/6122/1384 3861/6124/1384 3857/6132/1384
f 3859/6134/1283 3863/6120/1283 3864/6122/1283 3860/6131/1283
f 3858/6136/1388 3862/6118/1388 3863/6120/1388 3859/6134/1388
f 3857/6138/1398 3861/6115/1398 3862/6118/1398 3858/6136/1398
f 3889/6139/1399 3866/6140/1400 3868/6141/1400 3890/6142/1399
f 3890/6142/1388 3868/6141/1388 3872/6143/1388 3891/6144/1388
f 3891/6144/1388 3872/6143/1388 3897/6145/1388 3899/6146/1388
f 3892/6147/1384 3870/6148/1384 3866/6149/1384 3889/6150/1384
f 3867/6151/1386 3871/6152/1386 3869/6153/1386 3865/6154/1386
f 3870/6148/1283 3872/6143/1283 3915/6155/1283 3916/6156/1283
f 3869/6153/1384 3876/6157/1384 3873/6158/1384 3865/6159/1384
f 3871/6152/1401 3875/6160/1401 3876/6157/1401 3869/6153/1401
f 3867/6161/1388 3874/6162/1388 3875/6160/1388 3871/6152/1388
f 3865/6163/1402 3873/6164/1402 3874/6162/1402 3867/6161/1402
f 3883/6165/1384 3880/6166/1384 3877/6167/1384 3884/6168/1384
f 3882/6169/1283 3879/6170/1283 3880/6166/1283 3883/6165/1283
f 3881/6171/1388 3878/6172/1388 3879/6170/1388 3882/6169/1388
f 3884/6173/1403 3877/6174/1403 3878/6172/1403 3881/6171/1403
f 3888/6175/1404 3884/6173/1404 3881/6171/1404 3885/6176/1404
f 3885/6176/1388 3881/6171/1388 3882/6169/1388 3886/6177/1388
f 3886/6177/1405 3882/6169/1405 3883/6165/1405 3887/6178/1405
f 3887/6178/1384 3883/6165/1384 3884/6168/1384 3888/6179/1384
f 3876/6157/1384 3887/6178/1384 3888/6179/1384 3873/6158/1384
f 3875/6160/1406 3886/6177/1406 3887/6178/1406 3876/6157/1406
f 3874/6162/1388 3885/6176/1388 3886/6177/1388 3875/6160/1388
f 3873/6164/1407 3888/6175/1407 3885/6176/1407 3874/6162/1407
f 3895/6180/1384 3892/6147/1384 3889/6150/1384 3896/6181/1384
f 3894/6182/1408 3891/6144/1408 3892/6147/1408 3895/6180/1408
f 3893/6183/1388 3890/6142/1388 3891/6144/1388 3894/6182/1388
f 3896/6184/1399 3889/6139/1399 3890/6142/1399 3893/6183/1399
f 3877/6174/1399 3896/6184/1399 3893/6183/1399 3878/6172/1399
f 3878/6172/1388 3893/6183/1388 3894/6182/1388 3879/6170/1388
f 3879/6170/1409 3894/6182/1409 3895/6180/1409 3880/6166/1409
f 3880/6166/1384 3895/6180/1384 3896/6181/1384 3877/6167/1384
f 3899/6146/1283 3897/6145/1283 3898/6185/1283 3900/6186/1283
f 3918/6187/1384 3917/6188/1384 3902/6189/1384 3904/6190/1384
f 3870/6148/1384 3892/6147/1384 3900/6186/1384 3898/6185/1384
f 3872/6143/1395 3870/6148/1395 3898/6185/1395 3897/6145/1395
f 3901/6191/1388 3903/6192/1388 3907/6193/1388 3905/6194/1388
f 3917/6188/1410 3919/6195/1410 3901/6191/1410 3902/6189/1410
f 3919/6195/1388 3920/6196/1388 3903/6192/1388 3901/6191/1388
f 3920/6196/1411 3918/6187/1411 3904/6190/1411 3903/6192/1411
f 3922/6197/1283 3921/6198/1283 3910/6199/1283 3912/6200/1283
f 3902/6189/1412 3901/6191/1412 3905/6194/1412 3906/6201/1412
f 3904/6190/1384 3902/6189/1384 3906/6201/1384 3908/6202/1384
f 3903/6192/1413 3904/6190/1413 3908/6202/1413 3907/6193/1413
f 3910/6199/1286 3909/6203/1286 3911/6204/1286 3912/6200/1286
f 3923/6205/1386 3922/6197/1386 3912/6200/1386 3911/6204/1386
f 3924/6206/1283 3923/6205/1283 3911/6204/1283 3909/6203/1283
f 3921/6198/1395 3924/6206/1395 3909/6203/1395 3910/6199/1395
f 3915/6155/1395 3914/6207/1395 3913/6208/1395 3916/6156/1395
f 3868/6141/1400 3866/6140/1400 3913/6209/1286 3914/6210/1286
f 3866/6149/1414 3870/6148/1414 3916/6156/1414 3913/6211/1414
f 3872/6143/1415 3868/6141/1415 3914/6210/1415 3915/6155/1415
f 3899/6146/1386 3900/6186/1386 3918/6187/1386 3920/6196/1386
f 3891/6144/1386 3899/6146/1386 3920/6196/1386 3919/6195/1386
f 3892/6147/1395 3891/6144/1395 3919/6195/1395 3917/6188/1395
f 3900/6186/1386 3892/6147/1386 3917/6188/1386 3918/6187/1386
f 3906/6201/1395 3905/6194/1395 3924/6206/1395 3921/6198/1395
f 3905/6194/1388 3907/6193/1388 3923/6205/1388 3924/6206/1388
f 3907/6193/1386 3908/6202/1386 3922/6197/1386 3923/6205/1386
f 3908/6202/1384 3906/6201/1384 3921/6198/1384 3922/6197/1384
f 4117/6212/1416 3926/6213/1416 3928/6214/1416 4118/6215/1416
f 4118/6215/1417 3928/6214/1417 3930/6216/1417 4119/6217/1417
f 4119/6217/1418 3930/6216/1418 3932/6218/1418 4120/6219/1418
f 4120/6219/1419 3932/6218/1419 3934/6220/1419 4121/6221/1419
f 4121/6221/1420 3934/6220/1420 3936/6222/1420 4122/6223/1420
f 4122/6223/1421 3936/6222/1421 3938/6224/1421 4123/6225/1421
f 4123/6225/1422 3938/6224/1422 3940/6226/1422 4124/6227/1422
f 4124/6227/1423 3940/6226/1423 3942/6228/1423 4125/6229/1423
f 4125/6229/1424 3942/6228/1424 3944/6230/1424 4126/6231/1424
f 4126/6231/1425 3944/6230/1425 3946/6232/1425 4127/6233/1425
f 4127/6233/1426 3946/6232/1426 3948/6234/1426 4128/6235/1426
f 4128/6235/1427 3948/6234/1427 3950/6236/1427 4129/6237/1427
f 4129/6237/1428 3950/6236/1428 3952/6238/1428 4130/6239/1428
f 4130/6239/1429 3952/6238/1429 3954/6240/1429 4131/6241/1429
f 4131/6241/1430 3954/6240/1430 3956/6242/1430 4132/6243/1430
f 4132/6243/1431 3956/6242/1431 3958/6244/1431 4133/6245/1431
f 4133/6245/1432 3958/6244/1432 3960/6246/1432 4134/6247/1432
f 4134/6247/1433 3960/6246/1433 3962/6248/1433 4135/6249/1433
f 4135/6249/1434 3962/6248/1434 3964/6250/1434 4136/6251/1434
f 4136/6251/1435 3964/6250/1435 3966/6252/1435 4137/6253/1435
f 4137/6253/1436 3966/6252/1436 3968/6254/1436 4138/6255/1436
f 4138/6255/1437 3968/6254/1437 3970/6256/1437 4139/6257/1437
f 4139/6257/1438 3970/6256/1438 3972/6258/1438 4140/6259/1438
f 4140/6259/1439 3972/6258/1439 3974/6260/1439 4141/6261/1439
f 4141/6261/1440 3974/6260/1440 3976/6262/1440 4142/6263/1440
f 4142/6263/1441 3976/6262/1441 3978/6264/1441 4143/6265/1441
f 4143/6265/1442 3978/6264/1442 3980/6266/1442 4144/6267/1442
f 4144/6267/1443 3980/6266/1443 3982/6268/1443 4145/6269/1443
f 4145/6269/1444 3982/6268/1444 3984/6270/1444 4146/6271/1444
f 4146/6271/1445 3984/6270/1445 3986/6272/1445 4147/6273/1445
f 3928/6274/1283 3926/6275/1283 3988/6276/1283 3986/6277/1283 3984/6278/1283 3982/6279/1283 3980/6280/1283 3978/6281/1283 3976/6282/1283 3974/6283/1283 3972/6284/1283 3970/6285/1283 3968/6286/1283 3966/6287/1283 3964/6288/1283 3962/6289/1283 3960/6290/1283 3958/6291/1283 3956/6292/1283 3954/6293/1283 3952/6294/1283 3950/6295/1283 3948/6296/1283 3946/6297/1283 3944/6298/1283 3942/6299/1283 3940/6300/1283 3938/6301/1283 3936/6302/1283 3934/6303/1283 3932/6304/1283 3930/6305/1283
f 4147/6273/1446 3986/6272/1446 3988/6306/1446 4148/6307/1446
f 4148/6307/1447 3988/6306/1447 3926/6308/1447 4117/6309/1447
f 3925/6310/1286 3927/6311/1286 3929/6312/1286 3931/6313/1286 3933/6314/1286 3935/6315/1286 3937/6316/1286 3939/6317/1286 3941/6318/1286 3943/6319/1286 3945/6320/1286 3947/6321/1286 3949/6322/1286 3951/6323/1286 3953/6324/1286 3955/6325/1286 3957/6326/1286 3959/6327/1286 3961/6328/1286 3963/6329/1286 3965/6330/1286 3967/6331/1286 3969/6332/1286 3971/6333/1286 3973/6334/1286 3975/6335/1286 3977/6336/1286 3979/6337/1286 3981/6338/1286 3983/6339/1286 3985/6340/1286 3987/6341/1286
f 4116/6342/1448 4020/6343/1448 3989/6344/1448 4085/6345/1448
f 4115/6346/1449 4019/6347/1449 4020/6343/1449 4116/6342/1449
f 4114/6348/1450 4018/6349/1450 4019/6347/1450 4115/6346/1450
f 4113/6350/1451 4017/6351/1451 4018/6349/1451 4114/6348/1451
f 4112/6352/1452 4016/6353/1452 4017/6351/1452 4113/6350/1452
f 4111/6354/1453 4015/6355/1453 4016/6353/1453 4112/6352/1453
f 4110/6356/1454 4014/6357/1454 4015/6355/1454 4111/6354/1454
f 4109/6358/1455 4013/6359/1455 4014/6357/1455 4110/6356/1455
f 4108/6360/1456 4012/6361/1456 4013/6359/1456 4109/6358/1456
f 4107/6362/1457 4011/6363/1457 4012/6361/1457 4108/6360/1457
f 4106/6364/1458 4010/6365/1458 4011/6363/1458 4107/6362/1458
f 4105/6366/1459 4009/6367/1459 4010/6365/1459 4106/6364/1459
f 4104/6368/1460 4008/6369/1460 4009/6367/1460 4105/6366/1460
f 4103/6370/1461 4007/6371/1461 4008/6369/1461 4104/6368/1461
f 4102/6372/1462 4006/6373/1462 4007/6371/1462 4103/6370/1462
f 4101/6374/1463 4005/6375/1463 4006/6373/1463 4102/6372/1463
f 4100/6376/1464 4004/6377/1464 4005/6375/1464 4101/6374/1464
f 4099/6378/1465 4003/6379/1465 4004/6377/1465 4100/6376/1465
f 4098/6380/1466 4002/6381/1466 4003/6379/1466 4099/6378/1466
f 4097/6382/1467 4001/6383/1467 4002/6381/1467 4098/6380/1467
f 4096/6384/1468 4000/6385/1468 4001/6383/1468 4097/6382/1468
f 4095/6386/1469 3999/6387/1469 4000/6385/1469 4096/6384/1469
f 4094/6388/1470 3998/6389/1470 3999/6387/1470 4095/6386/1470
f 4093/6390/1471 3997/6391/1471 3998/6389/1471 4094/6388/1471
f 4092/6392/1472 3996/6393/1472 3997/6391/1472 4093/6390/1472
f 4091/6394/1473 3995/6395/1473 3996/6393/1473 4092/6392/1473
f 4090/6396/1474 3994/6397/1474 3995/6395/1474 4091/6394/1474
f 4089/6398/1475 3993/6399/1475 3994/6397/1475 4090/6396/1475
f 4088/6400/1476 3992/6401/1476 3993/6399/1476 4089/6398/1476
f 4087/6402/1477 3991/6403/1477 3992/6401/1477 4088/6400/1477
f 4086/6404/1478 3990/6405/1478 3991/6403/1478 4087/6402/1478
f 4085/6406/1479 3989/6407/1479 3990/6405/1479 4086/6404/1479
f 3925/6408/1480 4052/6409/1480 4021/6410/1480 3927/6411/1480
f 3927/6411/1481 4021/6410/1481 4022/6412/1481 3929/6413/1481
f 3929/6413/1482 4022/6412/1482 4023/6414/1482 3931/6415/1482
f 3931/6415/1483 4023/6414/1483 4024/6416/1483 3933/6417/1483
f 3933/6417/1484 4024/6416/1484 4025/6418/1484 3935/6419/1484
f 3935/6419/1485 4025/6418/1485 4026/6420/1485 3937/6421/1485
f 3937/6421/1486 4026/6420/1486 4027/6422/1486 3939/6423/1486
f 3939/6423/1487 4027/6422/1487 4028/6424/1487 3941/6425/1487
f 3941/6425/1488 4028/6424/1488 4029/6426/1488 3943/6427/1488
f 3943/6427/1489 4029/6426/1489 4030/6428/1489 3945/6429/1489
f 3945/6429/1490 4030/6428/1490 4031/6430/1490 3947/6431/1490
f 3947/6431/1491 4031/6430/1491 4032/6432/1491 3949/6433/1491
f 3949/6433/1492 4032/6432/1492 4033/6434/1492 3951/6435/1492
f 3951/6435/1493 4033/6434/1493 4034/6436/1493 3953/6437/1493
f 3953/6437/1494 4034/6436/1494 4035/6438/1494 3955/6439/1494
f 3955/6439/1495 4035/6438/1495 4036/6440/1495 3957/6441/1495
f 3957/6441/1496 4036/6440/1496 4037/6442/1496 3959/6443/1496
f 3959/6443/1497 4037/6442/1497 4038/6444/1497 3961/6445/1497
f 3961/6445/1498 4038/6444/1498 4039/6446/1498 3963/6447/1498
f 3963/6447/1499 4039/6446/1499 4040/6448/1499 3965/6449/1499
f 3965/6449/1500 4040/6448/1500 4041/6450/1500 3967/6451/1500
f 3967/6451/1501 4041/6450/1501 4042/6452/1501 3969/6453/1501
f 3969/6453/1502 4042/6452/1502 4043/6454/1502 3971/6455/1502
f 3971/6455/1503 4043/6454/1503 4044/6456/1503 3973/6457/1503
f 3973/6457/1504 4044/6456/1504 4045/6458/1504 3975/6459/1504
f 3975/6459/1505 4045/6458/1505 4046/6460/1505 3977/6461/1505
f 3977/6461/1506 4046/6460/1506 4047/6462/1506 3979/6463/1506
f 3979/6463/1507 4047/6462/1507 4048/6464/1507 3981/6465/1507
f 3981/6465/1508 4048/6464/1508 4049/6466/1508 3983/6467/1508
f 3983/6467/1509 4049/6466/1509 4050/6468/1509 3985/6469/1509
f 3985/6469/1510 4050/6468/1510 4051/6470/1510 3987/6471/1510
f 3987/6471/1511 4051/6470/1511 4052/6472/1511 3925/6473/1511
f 4052/6409/1512 4053/6474/1512 4054/6475/1512 4021/6410/1512
f 4021/6410/1513 4054/6475/1513 4055/6476/1513 4022/6412/1513
f 4022/6412/1514 4055/6476/1514 4056/6477/1514 4023/6414/1514
f 4023/6414/1515 4056/6477/1515 4057/6478/1515 4024/6416/1515
f 4024/6416/1516 4057/6478/1516 4058/6479/1516 4025/6418/1516
f 4025/6418/1517 4058/6479/1517 4059/6480/1517 4026/6420/1517
f 4026/6420/1518 4059/6480/1518 4060/6481/1518 4027/6422/1518
f 4027/6422/1519 4060/6481/1519 4061/6482/1519 4028/6424/1519
f 4028/6424/1520 4061/6482/1520 4062/6483/1520 4029/6426/1520
f 4029/6426/1521 4062/6483/1521 4063/6484/1521 4030/6428/1521
f 4030/6428/1522 4063/6484/1522 4064/6485/1522 4031/6430/1522
f 4031/6430/1523 4064/6485/1523 4065/6486/1523 4032/6432/1523
f 4032/6432/1524 4065/6486/1524 4066/6487/1524 4033/6434/1524
f 4033/6434/1525 4066/6487/1525 4067/6488/1525 4034/6436/1525
f 4034/6436/1526 4067/6488/1526 4068/6489/1526 4035/6438/1526
f 4035/6438/1527 4068/6489/1527 4069/6490/1527 4036/6440/1527
f 4036/6440/1528 4069/6490/1528 4070/6491/1528 4037/6442/1528
f 4037/6442/1529 4070/6491/1529 4071/6492/1529 4038/6444/1529
f 4038/6444/1530 4071/6492/1530 4072/6493/1530 4039/6446/1530
f 4039/6446/1531 4072/6493/1531 4073/6494/1531 4040/6448/1531
f 4040/6448/1532 4073/6494/1532 4074/6495/1532 4041/6450/1532
f 4041/6450/1533 4074/6495/1533 4075/6496/1533 4042/6452/1533
f 4042/6452/1534 4075/6496/1534 4076/6497/1534 4043/6454/1534
f 4043/6454/1535 4076/6497/1535 4077/6498/1535 4044/6456/1535
f 4044/6456/1536 4077/6498/1536 4078/6499/1536 4045/6458/1536
f 4045/6458/1537 4078/6499/1537 4079/6500/1537 4046/6460/1537
f 4046/6460/1538 4079/6500/1538 4080/6501/1538 4047/6462/1538
f 4047/6462/1539 4080/6501/1539 4081/6502/1539 4048/6464/1539
f 4048/6464/1540 4081/6502/1540 4082/6503/1540 4049/6466/1540
f 4049/6466/1541 4082/6503/1541 4083/6504/1541 4050/6468/1541
f 4050/6468/1542 4083/6504/1542 4084/6505/1542 4051/6470/1542
f 4051/6470/1543 4084/6505/1543 4053/6506/1543 4052/6472/1543
f 4053/6474/1544 4085/6406/1544 4086/6404/1544 4054/6475/1544
f 4054/6475/1545 4086/6404/1545 4087/6402/1545 4055/6476/1545
f 4055/6476/1546 4087/6402/1546 4088/6400/1546 4056/6477/1546
f 4056/6477/1547 4088/6400/1547 4089/6398/1547 4057/6478/1547
f 4057/6478/1548 4089/6398/1548 4090/6396/1548 4058/6479/1548
f 4058/6479/1549 4090/6396/1549 4091/6394/1549 4059/6480/1549
f 4059/6480/1550 4091/6394/1550 4092/6392/1550 4060/6481/1550
f 4060/6481/1551 4092/6392/1551 4093/6390/1551 4061/6482/1551
f 4061/6482/1552 4093/6390/1552 4094/6388/1552 4062/6483/1552
f 4062/6483/1553 4094/6388/1553 4095/6386/1553 4063/6484/1553
f 4063/6484/1554 4095/6386/1554 4096/6384/1554 4064/6485/1554
f 4064/6485/1555 4096/6384/1555 4097/6382/1555 4065/6486/1555
f 4065/6486/1556 4097/6382/1556 4098/6380/1556 4066/6487/1556
f 4066/6487/1557 4098/6380/1557 4099/6378/1557 4067/6488/1557
f 4067/6488/1558 4099/6378/1558 4100/6376/1558 4068/6489/1558
f 4068/6489/1559 4100/6376/1559 4101/6374/1559 4069/6490/1559
f 4069/6490/1560 4101/6374/1560 4102/6372/1560 4070/6491/1560
f 4070/6491/1561 4102/6372/1561 4103/6370/1561 4071/6492/1561
f 4071/6492/1562 4103/6370/1562 4104/6368/1562 4072/6493/1562
f 4072/6493/1563 4104/6368/1563 4105/6366/1563 4073/6494/1563
f 4073/6494/1564 4105/6366/1564 4106/6364/1564 4074/6495/1564
f 4074/6495/1565 4106/6364/1565 4107/6362/1565 4075/6496/1565
f 4075/6496/1566 4107/6362/1566 4108/6360/1566 4076/6497/1566
f 4076/6497/1567 4108/6360/1567 4109/6358/1567 4077/6498/1567
f 4077/6498/1568 4109/6358/1568 4110/6356/1568 4078/6499/1568
f 4078/6499/1569 4110/6356/1569 4111/6354/1569 4079/6500/1569
f 4079/6500/1570 4111/6354/1570 4112/6352/1570 4080/6501/1570
f 4080/6501/1571 4112/6352/1571 4113/6350/1571 4081/6502/1571
f 4081/6502/1572 4113/6350/1572 4114/6348/1572 4082/6503/1572
f 4082/6503/1573 4114/6348/1573 4115/6346/1573 4083/6504/1573
f 4083/6504/1574 4115/6346/1574 4116/6342/1574 4084/6505/1574
f 4084/6505/1575 4116/6342/1575 4085/6345/1575 4053/6506/1575
f 4020/6343/1576 4148/6307/1576 4117/6309/1576 3989/6344/1576
f 4019/6347/1577 4147/6273/1577 4148/6307/1577 4020/6343/1577
f 4018/6349/1578 4146/6271/1578 4147/6273/1578 4019/6347/1578
f 4017/6351/1579 4145/6269/1579 4146/6271/1579 4018/6349/1579
f 4016/6353/1580 4144/6267/1580 4145/6269/1580 4017/6351/1580
f 4015/6355/1581 4143/6265/1581 4144/6267/1581 4016/6353/1581
f 4014/6357/1582 4142/6263/1582 4143/6265/1582 4015/6355/1582
f 4013/6359/1583 4141/6261/1583 4142/6263/1583 4014/6357/1583
f 4012/6361/1584 4140/6259/1584 4141/6261/1584 4013/6359/1584
f 4011/6363/1585 4139/6257/1585 4140/6259/1585 4012/6361/1585
f 4010/6365/1586 4138/6255/1586 4139/6257/1586 4011/6363/1586
f 4009/6367/1587 4137/6253/1587 4138/6255/1587 4010/6365/1587
f 4008/6369/1588 4136/6251/1588 4137/6253/1588 4009/6367/1588
f 4007/6371/1589 4135/6249/1589 4136/6251/1589 4008/6369/1589
f 4006/6373/1590 4134/6247/1590 4135/6249/1590 4007/6371/1590
f 4005/6375/1591 4133/6245/1591 4134/6247/1591 4006/6373/1591
f 4004/6377/1592 4132/6243/1592 4133/6245/1592 4005/6375/1592
f 4003/6379/1593 4131/6241/1593 4132/6243/1593 4004/6377/1593
f 4002/6381/1594 4130/6239/1594 4131/6241/1594 4003/6379/1594
f 4001/6383/1595 4129/6237/1595 4130/6239/1595 4002/6381/1595
f 4000/6385/1596 4128/6235/1596 4129/6237/1596 4001/6383/1596
f 3999/6387/1597 4127/6233/1597 4128/6235/1597 4000/6385/1597
f 3998/6389/1598 4126/6231/1598 4127/6233/1598 3999/6387/1598
f 3997/6391/1599 4125/6229/1599 4126/6231/1599 3998/6389/1599
f 3996/6393/1600 4124/6227/1600 4125/6229/1600 3997/6391/1600
f 3995/6395/1601 4123/6225/1601 4124/6227/1601 3996/6393/1601
f 3994/6397/1602 4122/6223/1602 4123/6225/1602 3995/6395/1602
f 3993/6399/1603 4121/6221/1603 4122/6223/1603 3994/6397/1603
f 3992/6401/1604 4120/6219/1604 4121/6221/1604 3993/6399/1604
f 3991/6403/1605 4119/6217/1605 4120/6219/1605 3992/6401/1605
f 3990/6405/1606 4118/6215/1606 4119/6217/1606 3991/6403/1606
f 3989/6407/1607 4117/6212/1607 4118/6215/1607 3990/6405/1607
f 4245/6507/1608 4150/6508/1608 4152/6509/1608 4246/6510/1608
f 4246/6510/1609 4152/6509/1609 4154/6511/1609 4247/6512/1609
f 4247/6512/1610 4154/6511/1610 4156/6513/1610 4248/6514/1610
f 4248/6514/1611 4156/6513/1611 4158/6515/1611 4249/6516/1611
f 4249/6516/1612 4158/6515/1612 4160/6517/1612 4250/6518/1612
f 4250/6518/1613 4160/6517/1613 4162/6519/1613 4251/6520/1613
f 4251/6520/1614 4162/6519/1614 4164/6521/1614 4252/6522/1614
f 4252/6522/1615 4164/6521/1615 4166/6523/1615 4253/6524/1615
f 4253/6524/1616 4166/6523/1616 4168/6525/1616 4254/6526/1616
f 4254/6526/1617 4168/6525/1617 4170/6527/1617 4255/6528/1617
f 4255/6528/1618 4170/6527/1618 4172/6529/1618 4256/6530/1618
f 4256/6530/1619 4172/6529/1619 4174/6531/1619 4257/6532/1619
f 4257/6532/1620 4174/6531/1620 4176/6533/1620 4258/6534/1620
f 4258/6534/1621 4176/6533/1621 4178/6535/1621 4259/6536/1621
f 4259/6536/1622 4178/6535/1622 4180/6537/1622 4260/6538/1622
f 4260/6538/1623 4180/6537/1623 4182/6539/1623 4261/6540/1623
f 4261/6540/1624 4182/6539/1624 4184/6541/1624 4262/6542/1624
f 4262/6542/1625 4184/6541/1625 4186/6543/1625 4263/6544/1625
f 4263/6544/1626 4186/6543/1626 4188/6545/1626 4264/6546/1626
f 4264/6546/1627 4188/6545/1627 4190/6547/1627 4265/6548/1627
f 4265/6548/1628 4190/6547/1628 4192/6549/1628 4266/6550/1628
f 4266/6550/1629 4192/6549/1629 4194/6551/1629 4267/6552/1629
f 4267/6552/1630 4194/6551/1630 4196/6553/1630 4268/6554/1630
f 4268/6554/1631 4196/6553/1631 4198/6555/1631 4269/6556/1631
f 4269/6556/1632 4198/6555/1632 4200/6557/1632 4270/6558/1632
f 4270/6558/1633 4200/6557/1633 4202/6559/1633 4271/6560/1633
f 4271/6560/1634 4202/6559/1634 4204/6561/1634 4272/6562/1634
f 4272/6562/1635 4204/6561/1635 4206/6563/1635 4273/6564/1635
f 4273/6564/1636 4206/6563/1636 4208/6565/1636 4274/6566/1636
f 4274/6566/1637 4208/6565/1637 4210/6567/1637 4275/6568/1637
f 4152/6569/1283 4150/6570/1283 4212/6571/1283 4210/6572/1283 4208/6573/1283 4206/6574/1283 4204/6575/1283 4202/6576/1283 4200/6577/1283 4198/6578/1283 4196/6579/1283 4194/6580/1283 4192/6581/1283 4190/6582/1283 4188/6583/1283 4186/6584/1283 4184/6585/1283 4182/6586/1283 4180/6587/1283 4178/6588/1283 4176/6589/1283 4174/6590/1283 4172/6591/1283 4170/6592/1283 4168/6593/1283 4166/6594/1283 4164/6595/1283 4162/6596/1283 4160/6597/1283 4158/6598/1283 4156/6599/1283 4154/6600/1283
f 4275/6568/1638 4210/6567/1638 4212/6601/1638 4276/6602/1638
f 4276/6602/1639 4212/6601/1639 4150/6603/1639 4245/6604/1639
f 4149/6605/1286 4151/6606/1286 4153/6607/1286 4155/6608/1286 4157/6609/1286 4159/6610/1286 4161/6611/1286 4163/6612/1286 4165/6613/1286 4167/6614/1286 4169/6615/1286 4171/6616/1286 4173/6617/1286 4175/6618/1286 4177/6619/1286 4179/6620/1286 4181/6621/1286 4183/6622/1286 4185/6623/1286 4187/6624/1286 4189/6625/1286 4191/6626/1286 4193/6627/1286 4195/6628/1286 4197/6629/1286 4199/6630/1286 4201/6631/1286 4203/6632/1286 4205/6633/1286 4207/6634/1286 4209/6635/1286 4211/6636/1286
f 4211/6637/1640 4244/6638/1640 4213/6639/1640 4149/6640/1640
f 4209/6641/1641 4243/6642/1641 4244/6638/1641 4211/6637/1641
f 4207/6643/1642 4242/6644/1642 4243/6642/1642 4209/6641/1642
f 4205/6645/1643 4241/6646/1643 4242/6644/1643 4207/6643/1643
f 4203/6647/1644 4240/6648/1644 4241/6646/1644 4205/6645/1644
f 4201/6649/1645 4239/6650/1645 4240/6648/1645 4203/6647/1645
f 4199/6651/1646 4238/6652/1646 4239/6650/1646 4201/6649/1646
f 4197/6653/1647 4237/6654/1647 4238/6652/1647 4199/6651/1647
f 4195/6655/1648 4236/6656/1648 4237/6654/1648 4197/6653/1648
f 4193/6657/1649 4235/6658/1649 4236/6656/1649 4195/6655/1649
f 4191/6659/1650 4234/6660/1650 4235/6658/1650 4193/6657/1650
f 4189/6661/1651 4233/6662/1651 4234/6660/1651 4191/6659/1651
f 4187/6663/1652 4232/6664/1652 4233/6662/1652 4189/6661/1652
f 4185/6665/1653 4231/6666/1653 4232/6664/1653 4187/6663/1653
f 4183/6667/1654 4230/6668/1654 4231/6666/1654 4185/6665/1654
f 4181/6669/1655 4229/6670/1655 4230/6668/1655 4183/6667/1655
f 4179/6671/1656 4228/6672/1656 4229/6670/1656 4181/6669/1656
f 4177/6673/1657 4227/6674/1657 4228/6672/1657 4179/6671/1657
f 4175/6675/1658 4226/6676/1658 4227/6674/1658 4177/6673/1658
f 4173/6677/1659 4225/6678/1659 4226/6676/1659 4175/6675/1659
f 4171/6679/1660 4224/6680/1660 4225/6678/1660 4173/6677/1660
f 4169/6681/1661 4223/6682/1661 4224/6680/1661 4171/6679/1661
f 4167/6683/1662 4222/6684/1662 4223/6682/1662 4169/6681/1662
f 4165/6685/1663 4221/6686/1663 4222/6684/1663 4167/6683/1663
f 4163/6687/1664 4220/6688/1664 4221/6686/1664 4165/6685/1664
f 4161/6689/1665 4219/6690/1665 4220/6688/1665 4163/6687/1665
f 4159/6691/1666 4218/6692/1666 4219/6690/1666 4161/6689/1666
f 4157/6693/1667 4217/6694/1667 4218/6692/1667 4159/6691/1667
f 4155/6695/1668 4216/6696/1668 4217/6694/1668 4157/6693/1668
f 4153/6697/1669 4215/6698/1669 4216/6696/1669 4155/6695/1669
f 4151/6699/1670 4214/6700/1670 4215/6698/1670 4153/6697/1670
f 4149/6701/1671 4213/6702/1671 4214/6700/1671 4151/6699/1671
f 4244/6638/1672 4276/6602/1672 4245/6604/1672 4213/6639/1672
f 4243/6642/1673 4275/6568/1673 4276/6602/1673 4244/6638/1673
f 4242/6644/1674 4274/6566/1674 4275/6568/1674 4243/6642/1674
f 4241/6646/1675 4273/6564/1675 4274/6566/1675 4242/6644/1675
f 4240/6648/1676 4272/6562/1676 4273/6564/1676 4241/6646/1676
f 4239/6650/1677 4271/6560/1677 4272/6562/1677 4240/6648/1677
f 4238/6652/1678 4270/6558/1678 4271/6560/1678 4239/6650/1678
f 4237/6654/1679 4269/6556/1679 4270/6558/1679 4238/6652/1679
f 4236/6656/1680 4268/6554/1680 4269/6556/1680 4237/6654/1680
f 4235/6658/1681 4267/6552/1681 4268/6554/1681 4236/6656/1681
f 4234/6660/1682 4266/6550/1682 4267/6552/1682 4235/6658/1682
f 4233/6662/1683 4265/6548/1683 4266/6550/1683 4234/6660/1683
f 4232/6664/1684 4264/6546/1684 4265/6548/1684 4233/6662/1684
f 4231/6666/1685 4263/6544/1685 4264/6546/1685 4232/6664/1685
f 4230/6668/1686 4262/6542/1686 4263/6544/1686 4231/6666/1686
f 4229/6670/1687 4261/6540/1687 4262/6542/1687 4230/6668/1687
f 4228/6672/1688 4260/6538/1688 4261/6540/1688 4229/6670/1688
f 4227/6674/1689 4259/6536/1689 4260/6538/1689 4228/6672/1689
f 4226/6676/1690 4258/6534/1690 4259/6536/1690 4227/6674/1690
f 4225/6678/1691 4257/6532/1691 4258/6534/1691 4226/6676/1691
f 4224/6680/1692 4256/6530/1692 4257/6532/1692 4225/6678/1692
f 4223/6682/1693 4255/6528/1693 4256/6530/1693 4224/6680/1693
f 4222/6684/1694 4254/6526/1694 4255/6528/1694 4223/6682/1694
f 4221/6686/1695 4253/6524/1695 4254/6526/1695 4222/6684/1695
f 4220/6688/1696 4252/6522/1696 4253/6524/1696 4221/6686/1696
f 4219/6690/1697 4251/6520/1697 4252/6522/1697 4220/6688/1697
f 4218/6692/1698 4250/6518/1698 4251/6520/1698 4219/6690/1698
f 4217/6694/1699 4249/6516/1699 4250/6518/1699 4218/6692/1699
f 4216/6696/1700 4248/6514/1700 4249/6516/1700 4217/6694/1700
f 4215/6698/1701 4247/6512/1701 4248/6514/1701 4216/6696/1701
f 4214/6700/1702 4246/6510/1702 4247/6512/1702 4215/6698/1702
f 4213/6702/1703 4245/6507/1703 4246/6510/1703 4214/6700/1703
f 4341/6703/1704 4278/6704/1704 4280/6705/1704 4342/6706/1704
f 4342/6706/1705 4280/6705/1705 4282/6707/1705 4343/6708/1705
f 4343/6708/1706 4282/6707/1706 4284/6709/1706 4344/6710/1706
f 4344/6710/1707 4284/6709/1707 4286/6711/1707 4345/6712/1707
f 4345/6712/1708 4286/6711/1708 4288/6713/1708 4346/6714/1708
f 4346/6714/1709 4288/6713/1709 4290/6715/1709 4347/6716/1709
f 4347/6716/1710 4290/6715/1710 4292/6717/1710 4348/6718/1710
f 4348/6718/1711 4292/6717/1711 4294/6719/1711 4349/6720/1711
f 4349/6720/1712 4294/6719/1712 4296/6721/1712 4350/6722/1712
f 4350/6722/1713 4296/6721/1713 4298/6723/1713 4351/6724/1713
f 4351/6724/1714 4298/6723/1714 4300/6725/1714 4352/6726/1714
f 4352/6726/1715 4300/6725/1715 4302/6727/1715 4353/6728/1715
f 4353/6728/1716 4302/6727/1716 4304/6729/1716 4354/6730/1716
f 4354/6730/1717 4304/6729/1717 4306/6731/1717 4355/6732/1717
f 4355/6732/1718 4306/6731/1718 4308/6733/1718 4356/6734/1718
f 4356/6734/1719 4308/6733/1719 4310/6735/1719 4357/6736/1719
f 4357/6736/1720 4310/6735/1720 4312/6737/1720 4358/6738/1720
f 4358/6738/1721 4312/6737/1721 4314/6739/1721 4359/6740/1721
f 4359/6740/1722 4314/6739/1722 4316/6741/1722 4360/6742/1722
f 4360/6742/1723 4316/6741/1723 4318/6743/1723 4361/6744/1723
f 4361/6744/1724 4318/6743/1724 4320/6745/1724 4362/6746/1724
f 4362/6746/1725 4320/6745/1725 4322/6747/1725 4363/6748/1725
f 4363/6748/1726 4322/6747/1726 4324/6749/1726 4364/6750/1726
f 4364/6750/1727 4324/6749/1727 4326/6751/1727 4365/6752/1727
f 4365/6752/1728 4326/6751/1728 4328/6753/1728 4366/6754/1728
f 4366/6754/1729 4328/6753/1729 4330/6755/1729 4367/6756/1729
f 4367/6756/1730 4330/6755/1730 4332/6757/1730 4368/6758/1730
f 4368/6758/1731 4332/6757/1731 4334/6759/1731 4369/6760/1731
f 4369/6760/1732 4334/6759/1732 4336/6761/1732 4370/6762/1732
f 4370/6762/1733 4336/6761/1733 4338/6763/1733 4371/6764/1733
f 4280/6765/1283 4278/6766/1283 4340/6767/1283 4338/6768/1283 4336/6769/1283 4334/6770/1283 4332/6771/1283 4330/6772/1283 4328/6773/1283 4326/6774/1283 4324/6775/1283 4322/6776/1283 4320/6777/1283 4318/6778/1283 4316/6779/1283 4314/6780/1283 4312/6781/1283 4310/6782/1283 4308/6783/1283 4306/6784/1283 4304/6785/1283 4302/6786/1283 4300/6787/1283 4298/6788/1283 4296/6789/1283 4294/6790/1283 4292/6791/1283 4290/6792/1283 4288/6793/1283 4286/6794/1283 4284/6795/1283 4282/6796/1283
f 4371/6764/1734 4338/6763/1734 4340/6797/1734 4372/6798/1734
f 4372/6798/1735 4340/6797/1735 4278/6799/1735 4341/6800/1735
f 4277/6801/1286 4279/6802/1286 4281/6803/1286 4283/6804/1286 4285/6805/1286 4287/6806/1286 4289/6807/1286 4291/6808/1286 4293/6809/1286 4295/6810/1286 4297/6811/1286 4299/6812/1286 4301/6813/1286 4303/6814/1286 4305/6815/1286 4307/6816/1286 4309/6817/1286 4311/6818/1286 4313/6819/1286 4315/6820/1286 4317/6821/1286 4319/6822/1286 4321/6823/1286 4323/6824/1286 4325/6825/1286 4327/6826/1286 4329/6827/1286 4331/6828/1286 4333/6829/1286 4335/6830/1286 4337/6831/1286 4339/6832/1286
f 4436/6833/1736 4372/6798/1736 4341/6800/1736 4405/6834/1736
f 4435/6835/1737 4371/6764/1737 4372/6798/1737 4436/6833/1737
f 4434/6836/1738 4370/6762/1738 4371/6764/1738 4435/6835/1738
f 4433/6837/1739 4369/6760/1739 4370/6762/1739 4434/6836/1739
f 4432/6838/1740 4368/6758/1740 4369/6760/1740 4433/6837/1740
f 4431/6839/1741 4367/6756/1741 4368/6758/1741 4432/6838/1741
f 4430/6840/1742 4366/6754/1742 4367/6756/1742 4431/6839/1742
f 4429/6841/1743 4365/6752/1743 4366/6754/1743 4430/6840/1743
f 4428/6842/1744 4364/6750/1744 4365/6752/1744 4429/6841/1744
f 4427/6843/1745 4363/6748/1745 4364/6750/1745 4428/6842/1745
f 4426/6844/1746 4362/6746/1746 4363/6748/1746 4427/6843/1746
f 4425/6845/1747 4361/6744/1747 4362/6746/1747 4426/6844/1747
f 4424/6846/1748 4360/6742/1748 4361/6744/1748 4425/6845/1748
f 4423/6847/1749 4359/6740/1749 4360/6742/1749 4424/6846/1749
f 4422/6848/1750 4358/6738/1750 4359/6740/1750 4423/6847/1750
f 4421/6849/1751 4357/6736/1751 4358/6738/1751 4422/6848/1751
f 4420/6850/1752 4356/6734/1752 4357/6736/1752 4421/6849/1752
f 4419/6851/1753 4355/6732/1753 4356/6734/1753 4420/6850/1753
f 4418/6852/1754 4354/6730/1754 4355/6732/1754 4419/6851/1754
f 4417/6853/1755 4353/6728/1755 4354/6730/1755 4418/6852/1755
f 4416/6854/1756 4352/6726/1756 4353/6728/1756 4417/6853/1756
f 4415/6855/1757 4351/6724/1757 4352/6726/1757 4416/6854/1757
f 4414/6856/1758 4350/6722/1758 4351/6724/1758 4415/6855/1758
f 4413/6857/1759 4349/6720/1759 4350/6722/1759 4414/6856/1759
f 4412/6858/1760 4348/6718/1760 4349/6720/1760 4413/6857/1760
f 4411/6859/1761 4347/6716/1761 4348/6718/1761 4412/6858/1761
f 4410/6860/1762 4346/6714/1762 4347/6716/1762 4411/6859/1762
f 4409/6861/1763 4345/6712/1763 4346/6714/1763 4410/6860/1763
f 4408/6862/1764 4344/6710/1764 4345/6712/1764 4409/6861/1764
f 4407/6863/1765 4343/6708/1765 4344/6710/1765 4408/6862/1765
f 4406/6864/1766 4342/6706/1766 4343/6708/1766 4407/6863/1766
f 4405/6865/1767 4341/6703/1767 4342/6706/1767 4406/6864/1767
f 4468/6866/1768 4404/6867/1768 4373/6868/1768 4437/6869/1768
f 4437/6869/1769 4373/6868/1769 4374/6870/1769 4438/6871/1769
f 4438/6871/1770 4374/6870/1770 4375/6872/1770 4439/6873/1770
f 4439/6873/1771 4375/6872/1771 4376/6874/1771 4440/6875/1771
f 4440/6875/1772 4376/6874/1772 4377/6876/1772 4441/6877/1772
f 4441/6877/1773 4377/6876/1773 4378/6878/1773 4442/6879/1773
f 4442/6879/1774 4378/6878/1774 4379/6880/1774 4443/6881/1774
f 4443/6881/1775 4379/6880/1775 4380/6882/1775 4444/6883/1775
f 4444/6883/1776 4380/6882/1776 4381/6884/1776 4445/6885/1776
f 4445/6885/1777 4381/6884/1777 4382/6886/1777 4446/6887/1777
f 4446/6887/1778 4382/6886/1778 4383/6888/1778 4447/6889/1778
f 4447/6889/1779 4383/6888/1779 4384/6890/1779 4448/6891/1779
f 4448/6891/1780 4384/6890/1780 4385/6892/1780 4449/6893/1780
f 4449/6893/1781 4385/6892/1781 4386/6894/1781 4450/6895/1781
f 4450/6895/1782 4386/6894/1782 4387/6896/1782 4451/6897/1782
f 4451/6897/1783 4387/6896/1783 4388/6898/1783 4452/6899/1783
f 4452/6899/1784 4388/6898/1784 4389/6900/1784 4453/6901/1784
f 4453/6901/1785 4389/6900/1785 4390/6902/1785 4454/6903/1785
f 4454/6903/1786 4390/6902/1786 4391/6904/1786 4455/6905/1786
f 4455/6905/1787 4391/6904/1787 4392/6906/1787 4456/6907/1787
f 4456/6907/1788 4392/6906/1788 4393/6908/1788 4457/6909/1788
f 4457/6909/1789 4393/6908/1789 4394/6910/1789 4458/6911/1789
f 4458/6911/1790 4394/6910/1790 4395/6912/1790 4459/6913/1790
f 4459/6913/1791 4395/6912/1791 4396/6914/1791 4460/6915/1791
f 4460/6915/1792 4396/6914/1792 4397/6916/1792 4461/6917/1792
f 4461/6917/1793 4397/6916/1793 4398/6918/1793 4462/6919/1793
f 4462/6919/1794 4398/6918/1794 4399/6920/1794 4463/6921/1794
f 4463/6921/1795 4399/6920/1795 4400/6922/1795 4464/6923/1795
f 4464/6923/1796 4400/6922/1796 4401/6924/1796 4465/6925/1796
f 4465/6925/1797 4401/6924/1797 4402/6926/1797 4466/6927/1797
f 4466/6927/1798 4402/6926/1798 4403/6928/1798 4467/6929/1798
f 4467/6929/1799 4403/6928/1799 4404/6930/1799 4468/6931/1799
f 4404/6867/1800 4405/6865/1800 4406/6864/1800 4373/6868/1800
f 4373/6868/1801 4406/6864/1801 4407/6863/1801 4374/6870/1801
f 4374/6870/1802 4407/6863/1802 4408/6862/1802 4375/6872/1802
f 4375/6872/1803 4408/6862/1803 4409/6861/1803 4376/6874/1803
f 4376/6874/1804 4409/6861/1804 4410/6860/1804 4377/6876/1804
f 4377/6876/1805 4410/6860/1805 4411/6859/1805 4378/6878/1805
f 4378/6878/1806 4411/6859/1806 4412/6858/1806 4379/6880/1806
f 4379/6880/1807 4412/6858/1807 4413/6857/1807 4380/6882/1807
f 4380/6882/1808 4413/6857/1808 4414/6856/1808 4381/6884/1808
f 4381/6884/1809 4414/6856/1809 4415/6855/1809 4382/6886/1809
f 4382/6886/1810 4415/6855/1810 4416/6854/1810 4383/6888/1810
f 4383/6888/1811 4416/6854/1811 4417/6853/1811 4384/6890/1811
f 4384/6890/1812 4417/6853/1812 4418/6852/1812 4385/6892/1812
f 4385/6892/1813 4418/6852/1813 4419/6851/1813 4386/6894/1813
f 4386/6894/1814 4419/6851/1814 4420/6850/1814 4387/6896/1814
f 4387/6896/1815 4420/6850/1815 4421/6849/1815 4388/6898/1815
f 4388/6898/1816 4421/6849/1816 4422/6848/1816 4389/6900/1816
f 4389/6900/1817 4422/6848/1817 4423/6847/1817 4390/6902/1817
f 4390/6902/1818 4423/6847/1818 4424/6846/1818 4391/6904/1818
f 4391/6904/1819 4424/6846/1819 4425/6845/1819 4392/6906/1819
f 4392/6906/1820 4425/6845/1820 4426/6844/1820 4393/6908/1820
f 4393/6908/1821 4426/6844/1821 4427/6843/1821 4394/6910/1821
f 4394/6910/1822 4427/6843/1822 4428/6842/1822 4395/6912/1822
f 4395/6912/1823 4428/6842/1823 4429/6841/1823 4396/6914/1823
f 4396/6914/1824 4429/6841/1824 4430/6840/1824 4397/6916/1824
f 4397/6916/1825 4430/6840/1825 4431/6839/1825 4398/6918/1825
f 4398/6918/1826 4431/6839/1826 4432/6838/1826 4399/6920/1826
f 4399/6920/1827 4432/6838/1827 4433/6837/1827 4400/6922/1827
f 4400/6922/1828 4433/6837/1828 4434/6836/1828 4401/6924/1828
f 4401/6924/1829 4434/6836/1829 4435/6835/1829 4402/6926/1829
f 4402/6926/1830 4435/6835/1830 4436/6833/1830 4403/6928/1830
f 4403/6928/1831 4436/6833/1831 4405/6834/1831 4404/6930/1831
f 4339/6932/1832 4467/6929/1832 4468/6931/1832 4277/6933/1832
f 4337/6934/1833 4466/6927/1833 4467/6929/1833 4339/6932/1833
f 4335/6935/1834 4465/6925/1834 4466/6927/1834 4337/6934/1834
f 4333/6936/1835 4464/6923/1835 4465/6925/1835 4335/6935/1835
f 4331/6937/1836 4463/6921/1836 4464/6923/1836 4333/6936/1836
f 4329/6938/1837 4462/6919/1837 4463/6921/1837 4331/6937/1837
f 4327/6939/1838 4461/6917/1838 4462/6919/1838 4329/6938/1838
f 4325/6940/1839 4460/6915/1839 4461/6917/1839 4327/6939/1839
f 4323/6941/1840 4459/6913/1840 4460/6915/1840 4325/6940/1840
f 4321/6942/1841 4458/6911/1841 4459/6913/1841 4323/6941/1841
f 4319/6943/1842 4457/6909/1842 4458/6911/1842 4321/6942/1842
f 4317/6944/1843 4456/6907/1843 4457/6909/1843 4319/6943/1843
f 4315/6945/1844 4455/6905/1844 4456/6907/1844 4317/6944/1844
f 4313/6946/1845 4454/6903/1845 4455/6905/1845 4315/6945/1845
f 4311/6947/1846 4453/6901/1846 4454/6903/1846 4313/6946/1846
f 4309/6948/1847 4452/6899/1847 4453/6901/1847 4311/6947/1847
f 4307/6949/1848 4451/6897/1848 4452/6899/1848 4309/6948/1848
f 4305/6950/1849 4450/6895/1849 4451/6897/1849 4307/6949/1849
f 4303/6951/1850 4449/6893/1850 4450/6895/1850 4305/6950/1850
f 4301/6952/1851 4448/6891/1851 4449/6893/1851 4303/6951/1851
f 4299/6953/1852 4447/6889/1852 4448/6891/1852 4301/6952/1852
f 4297/6954/1853 4446/6887/1853 4447/6889/1853 4299/6953/1853
f 4295/6955/1854 4445/6885/1854 4446/6887/1854 4297/6954/1854
f 4293/6956/1855 4444/6883/1855 4445/6885/1855 4295/6955/1855
f 4291/6957/1856 4443/6881/1856 4444/6883/1856 4293/6956/1856
f 4289/6958/1857 4442/6879/1857 4443/6881/1857 4291/6957/1857
f 4287/6959/1858 4441/6877/1858 4442/6879/1858 4289/6958/1858
f 4285/6960/1859 4440/6875/1859 4441/6877/1859 4287/6959/1859
f 4283/6961/1860 4439/6873/1860 4440/6875/1860 4285/6960/1860
f 4281/6962/1861 4438/6871/1861 4439/6873/1861 4283/6961/1861
f 4279/6963/1862 4437/6869/1862 4438/6871/1862 4281/6962/1862
f 4277/6964/1863 4468/6866/1863 4437/6869/1863 4279/6963/1863
f 4481/6965/1286 4470/6966/1286 4472/6967/1286 4482/6968/1286
f 4482/6968/1388 4472/6967/1388 4476/6969/1388 4487/6970/1388
f 4487/6970/1864 4476/6969/1864 4474/6971/1864 4492/6972/1864
f 4492/6972/1384 4474/6971/1384 4470/6973/1384 4481/6974/1384
f 4471/6975/1865 4475/6976/1865 4473/6977/1865 4469/6978/1865
f 4476/6969/1395 4472/6979/1395 4470/6980/1395 4474/6971/1395
f 4473/6977/1384 4496/6981/1384 4477/6982/1384 4469/6983/1384
f 4496/6981/1384 4495/6984/1384 4478/6985/1384 4477/6982/1384
f 4495/6984/1384 4494/6986/1866 4479/6987/1866 4478/6985/1384
f 4500/6988/1866 4493/6989/1384 4480/6990/1384 4497/6991/1384
f 4493/6989/1384 4492/6972/1384 4481/6974/1384 4480/6990/1384
f 4475/6976/1867 4491/6992/1867 4496/6981/1867 4473/6977/1867
f 4491/6992/1868 4490/6993/1868 4495/6984/1868 4496/6981/1868
f 4490/6993/1869 4489/6994/1869 4494/6986/1869 4495/6984/1869
f 4499/6995/1870 4488/6996/1870 4493/6989/1870 4500/6988/1870
f 4488/6996/1871 4487/6970/1871 4492/6972/1871 4493/6989/1871
f 4471/6997/1388 4486/6998/1388 4491/6992/1388 4475/6976/1388
f 4486/6998/1388 4485/6999/1388 4490/6993/1388 4491/6992/1388
f 4485/6999/1388 4484/7000/1872 4489/6994/1872 4490/6993/1388
f 4498/7001/1872 4483/7002/1388 4488/6996/1388 4499/6995/1872
f 4483/7002/1388 4482/6968/1388 4487/6970/1388 4488/6996/1388
f 4469/7003/1873 4477/7004/1873 4486/6998/1873 4471/6997/1873
f 4477/7004/1874 4478/7005/1874 4485/6999/1874 4486/6998/1874
f 4478/7005/1875 4479/7006/1875 4484/7000/1875 4485/6999/1875
f 4497/7007/1876 4480/7008/1876 4483/7002/1876 4498/7001/1876
f 4480/7008/1286 4481/6965/1286 4482/6968/1286 4483/7002/1286
f 4479/7006/1877 4497/7007/1877 4498/7001/1877 4484/7000/1877
f 4484/7000/1872 4498/7001/1872 4499/6995/1872 4489/6994/1872
f 4489/6994/1870 4499/6995/1870 4500/6988/1870 4494/6986/1870
f 4494/6986/1866 4500/6988/1866 4497/6991/1384 4479/6987/1866
