# Blender v2.80 (sub 75) OBJ File: 'all weapons.blend'
# www.blender.org
v 3.92266 -0.13307 -30.39993
v 3.92266 0.76025 -30.39993
v 3.92266 -0.13307 -29.59994
v 3.92266 0.76025 -29.59993
v -1.10241 -0.32993 -30.39993
v -1.10241 0.72329 -30.39993
v -1.10241 -0.32993 -29.59993
v -1.10241 0.72329 -29.59993
v 0.51460 -0.12220 -29.59993
v 0.51460 0.73518 -29.59993
v 0.51460 -0.12220 -30.39993
v 0.51460 0.73518 -30.39993
v -0.29391 0.72923 -29.59993
v -0.29391 -0.24853 -30.39993
v -0.29391 -0.24853 -29.59993
v -0.29391 0.72923 -30.39993
v 1.33963 -0.09595 -29.59993
v 1.33963 0.74125 -30.39993
v 1.33963 0.74125 -29.59993
v 1.33963 -0.09595 -30.39993
v 0.86881 0.73779 -29.59993
v 0.86881 -0.09810 -30.39993
v 0.86881 -0.09810 -29.59993
v 0.86881 0.73779 -30.39993
v 4.03497 0.46604 -30.39993
v 4.03497 0.46604 -29.59993
v -1.10241 0.37642 -29.59993
v -1.10241 0.37642 -30.39993
v 0.51460 0.45281 -30.39993
v 0.51460 0.45281 -29.59993
v -0.29391 0.40722 -30.39993
v -0.29391 0.40722 -29.59993
v 1.33963 0.46552 -29.59993
v 1.33963 0.46552 -30.39993
v 0.86881 0.46250 -30.39993
v 0.86881 0.46250 -29.59993
v 4.12053 0.34835 -29.59994
v -1.10241 0.18406 -29.59993
v -1.10241 0.18406 -30.39993
v 0.51460 0.29622 -30.39993
v 0.51460 0.29622 -29.59993
v -0.29391 0.22864 -30.39993
v -0.29391 0.22864 -29.59993
v 1.33963 0.31262 -29.59993
v 1.33963 0.31262 -30.39993
v 0.86881 0.30984 -30.39993
v 0.86881 0.30984 -29.59993
v 4.12053 0.34835 -30.39993
v 3.92266 0.49279 -30.39993
v 3.92266 0.49279 -29.59993
v -1.10241 0.40795 -29.59993
v -1.10241 0.40795 -30.39993
v 0.51460 0.47848 -30.39993
v 0.51460 0.47848 -29.59993
v -0.29391 0.43649 -30.39993
v -0.29391 0.43649 -29.59993
v 1.33963 0.49059 -29.59993
v 1.33963 0.49059 -30.39993
v 0.86881 0.48752 -30.39993
v 0.86881 0.48752 -29.59993
v 3.93310 -0.10768 -29.59994
v -1.10241 -0.30282 -29.59993
v -1.10241 -0.30282 -30.39993
v 0.51460 -0.10013 -30.39993
v 0.51460 -0.10013 -29.59993
v -0.29391 -0.22335 -30.39993
v -0.29391 -0.22335 -29.59993
v 1.33963 -0.07440 -29.59993
v 1.33963 -0.07440 -30.39993
v 0.86881 -0.07658 -30.39993
v 0.86881 -0.07658 -29.59993
v 3.93310 -0.10768 -30.39993
v 4.09756 -0.09138 -30.39993
v 4.09756 -0.09138 -29.59994
v -1.10241 -0.28542 -29.59993
v -1.10241 -0.28542 -30.39993
v 0.51460 -0.08596 -30.39993
v 0.51460 -0.08596 -29.59993
v -0.29391 -0.20720 -30.39993
v -0.29391 -0.20720 -29.59993
v 1.33963 -0.06057 -29.59993
v 1.33963 -0.06057 -30.39993
v 0.86881 -0.06277 -30.39993
v 0.86881 -0.06277 -29.59993
v -3.48696 -0.52388 -29.69986
v -3.34834 -1.97405 -29.69986
v -3.48696 -0.52388 -30.29987
v -3.34834 -1.97405 -30.29987
v -2.07375 -0.52388 -29.69986
v -2.00907 -1.69682 -29.69986
v -2.07375 -0.52388 -30.29987
v -2.00907 -1.69682 -30.29987
v -3.43390 -1.48181 -29.69986
v -2.06568 -1.29869 -30.29987
v -3.43390 -1.48181 -30.29987
v -2.06568 -1.29869 -29.69986
v -5.93706 -1.90882 -30.34980
v -5.39343 -0.43417 -30.34980
v -5.94630 -1.88572 -29.64980
v -5.39343 -0.43417 -29.64980
v -6.89066 -1.84044 -30.34980
v -6.58308 -0.38416 -30.34980
v -6.89066 -1.84044 -29.64980
v -6.58308 -0.38416 -29.64980
v -5.87258 -1.02734 -30.34980
v -5.87632 -1.02734 -29.64980
v -6.65189 -0.99793 -29.64980
v -6.65189 -0.99793 -30.34980
v -5.44173 -0.92605 -30.34980
v -5.44500 -0.92605 -29.64980
v -6.62100 -0.91070 -29.64980
v -6.62100 -0.91070 -30.34980
v -5.89090 -1.20619 -29.64980
v -6.67824 -1.13179 -29.64980
v -6.67824 -1.13179 -30.34980
v -5.88602 -1.21101 -30.34980
v -10.38314 -1.25572 -29.64980
v -10.33460 -1.77883 -29.64980
v -10.33460 -1.77883 -30.34980
v -10.38314 -1.25572 -30.34980
v -7.16361 -1.46877 -30.34980
v -7.10538 -1.15407 -30.34980
v -7.16361 -1.46877 -29.64980
v -7.10538 -1.15407 -29.64980
v -6.91277 -1.15407 -30.34980
v -6.91277 -1.15407 -29.64980
v -6.98341 -1.54626 -30.34980
v -6.98341 -1.54626 -29.64980
v -8.60887 -1.63674 -30.34980
v -8.60887 -1.63674 -29.64980
v -8.59736 -1.25418 -30.34980
v -8.59736 -1.25418 -29.64980
v -10.53276 -0.00015 -29.64980
v -10.53276 -0.00015 -30.34980
v -8.67491 -0.12059 -30.34980
v -8.67491 -0.12059 -29.64980
v -9.31672 -1.69502 -30.34980
v -9.31672 -1.69502 -29.64980
v -9.32984 -1.25481 -30.34980
v -9.32984 -1.25481 -29.64980
v -9.45913 0.02861 -30.34980
v -9.45913 0.02861 -29.64980
v -9.07725 -1.25459 -30.34980
v -9.07725 -1.25459 -29.64980
v -9.22196 -0.07274 -30.34980
v -9.22196 -0.07274 -29.64980
v -9.07262 -1.67493 -30.34980
v -9.07262 -1.67493 -29.64980
v -10.49613 -0.30755 -30.34980
v -8.65592 -0.39812 -30.34980
v -8.65592 -0.39812 -29.64980
v -10.49613 -0.30755 -29.64980
v -9.42747 -0.28560 -29.64980
v -9.42747 -0.28560 -30.34980
v -9.18653 -0.36209 -30.34980
v -9.18653 -0.36209 -29.64980
v -6.60671 0.13222 -30.34980
v -6.60671 0.13222 -29.64980
v -6.58308 -0.44192 -30.34980
v -6.58308 -0.44192 -29.64980
v -8.01235 -0.09339 -30.34980
v -8.06907 -0.31578 -30.34980
v -8.01235 -0.09339 -29.64980
v -8.06907 -0.31578 -29.64980
v -8.33155 -0.38403 -30.34980
v -8.37839 -0.10031 -30.34980
v -8.37839 -0.10031 -29.64980
v -8.33155 -0.38403 -29.64980
v -8.23013 -0.09016 -30.34980
v -8.23013 -0.09016 -29.64980
v -8.20186 -0.42805 -29.64980
v -8.20186 -0.42805 -30.34980
v -7.78547 -0.07472 -30.34980
v -7.78547 -0.07472 -29.64980
v -7.82905 -0.30668 -29.64980
v -7.82905 -0.30668 -30.34980
v -7.42840 0.05642 -30.34980
v -7.42840 0.05642 -29.64980
v -7.46072 -0.31501 -29.64980
v -7.46072 -0.31501 -30.34980
v -5.41296 -0.65585 -30.34980
v -5.41460 -0.65585 -29.64980
v -6.51778 -0.64150 -29.64980
v -6.51778 -0.64150 -30.34980
v -6.76016 0.12650 -30.34980
v -6.76016 0.12650 -29.64980
v -6.74505 -0.30644 -29.64980
v -6.74505 -0.30644 -30.34980
v -5.43032 -0.79553 -29.64980
v -6.57114 -0.78065 -29.64980
v -6.57114 -0.78065 -30.34980
v -5.42783 -0.79553 -30.34980
v -5.33707 -0.92991 -29.87835
v -5.38932 -0.97440 -29.87835
v -5.38652 -0.97522 -30.12088
v -5.33495 -0.93053 -30.12088
v -5.18573 -1.08411 -29.87835
v -5.19321 -1.12664 -29.87835
v -5.19041 -1.12745 -30.12088
v -5.18361 -1.08472 -30.12088
v -4.67392 -1.08985 -29.87835
v -4.64628 -1.12302 -29.87835
v -4.64385 -1.12141 -30.12088
v -4.67209 -1.08863 -30.12088
v -4.71767 -1.12664 -29.87835
v -4.71019 -1.08411 -29.87835
v -4.70807 -1.08472 -30.12088
v -4.71488 -1.12745 -30.12088
v -4.51293 -0.92667 -29.87819
v -4.48528 -0.95984 -29.87819
v -4.48286 -0.95824 -30.12072
v -4.51109 -0.92546 -30.12072
v -4.51154 -0.91739 -29.87818
v -4.46848 -0.91410 -29.87818
v -4.46838 -0.91120 -30.12071
v -4.51146 -0.91519 -30.12071
v -4.51154 -0.43151 -29.64923
v -4.46848 -0.42823 -29.64923
v -4.46838 -0.42532 -30.34923
v -4.51146 -0.42931 -30.34923
v -5.41746 -0.81059 -30.12090
v -5.43557 -0.93154 -30.12090
v -5.43879 -0.93145 -29.87838
v -5.41991 -0.81053 -29.87838
v -4.46838 -0.52314 -30.12071
v -4.46848 -0.52605 -29.87818
v -4.51146 -0.52713 -30.12071
v -4.51154 -0.52933 -29.87818
v -7.40807 0.06315 -30.34989
v -7.40807 0.43363 -30.34989
v -7.40807 0.06315 -29.64990
v -7.40807 0.43363 -29.64990
v -9.40807 0.06315 -30.34989
v -9.40807 0.43363 -30.34989
v -9.40807 0.06315 -29.64989
v -9.40807 0.43363 -29.64989
v -8.27585 -0.14155 -29.98061
v -8.27585 0.10356 -29.98061
v -8.27959 -0.14155 -29.98098
v -8.27959 0.10356 -29.98098
v -8.28320 -0.14155 -29.98208
v -8.28320 0.10356 -29.98208
v -8.28652 -0.14155 -29.98385
v -8.28652 0.10356 -29.98385
v -8.28943 -0.14155 -29.98624
v -8.28943 0.10356 -29.98624
v -8.29182 -0.14155 -29.98916
v -8.29182 0.10356 -29.98916
v -8.29360 -0.14155 -29.99248
v -8.29360 0.10356 -29.99248
v -8.29470 -0.14155 -29.99608
v -8.29470 0.10356 -29.99608
v -8.29506 -0.14155 -29.99983
v -8.29506 0.10356 -29.99983
v -8.29470 -0.14155 -30.00358
v -8.29470 0.10356 -30.00358
v -8.29360 -0.14155 -30.00719
v -8.29360 0.10356 -30.00719
v -8.29182 -0.14155 -30.01051
v -8.29182 0.10356 -30.01051
v -8.28943 -0.14155 -30.01342
v -8.28943 0.10356 -30.01342
v -8.28652 -0.14155 -30.01581
v -8.28652 0.10356 -30.01581
v -8.28320 -0.14155 -30.01759
v -8.28320 0.10356 -30.01759
v -8.27959 -0.14155 -30.01868
v -8.27959 0.10356 -30.01868
v -8.27585 -0.14155 -30.01905
v -8.27585 0.10356 -30.01905
v -8.27210 -0.14155 -30.01868
v -8.27210 0.10356 -30.01868
v -8.26849 -0.14155 -30.01759
v -8.26849 0.10356 -30.01759
v -8.26517 -0.14155 -30.01581
v -8.26517 0.10356 -30.01581
v -8.26225 -0.14155 -30.01342
v -8.26225 0.10356 -30.01342
v -8.25986 -0.14155 -30.01051
v -8.25986 0.10356 -30.01051
v -8.25809 -0.14155 -30.00719
v -8.25809 0.10356 -30.00719
v -8.25699 -0.14155 -30.00358
v -8.25699 0.10356 -30.00358
v -8.25662 -0.14155 -29.99983
v -8.25662 0.10356 -29.99983
v -8.25699 -0.14155 -29.99608
v -8.25699 0.10356 -29.99608
v -8.25809 -0.14155 -29.99248
v -8.25809 0.10356 -29.99248
v -8.25986 -0.14155 -29.98916
v -8.25986 0.10356 -29.98916
v -8.26225 -0.14155 -29.98624
v -8.26225 0.10356 -29.98624
v -8.26517 -0.14155 -29.98385
v -8.26517 0.10356 -29.98385
v -8.26849 -0.14155 -29.98208
v -8.26849 0.10356 -29.98208
v -8.27210 -0.14155 -29.98098
v -8.27210 0.10356 -29.98098
v -8.65687 -0.13041 -29.98061
v -8.65687 0.08797 -29.98061
v -8.66062 -0.13041 -29.98098
v -8.66062 0.08797 -29.98098
v -8.66423 -0.13041 -29.98208
v -8.66423 0.08797 -29.98208
v -8.66755 -0.13041 -29.98385
v -8.66755 0.08797 -29.98385
v -8.67046 -0.13041 -29.98624
v -8.67046 0.08797 -29.98624
v -8.67285 -0.13041 -29.98916
v -8.67285 0.08797 -29.98916
v -8.67463 -0.13041 -29.99248
v -8.67463 0.08797 -29.99248
v -8.67572 -0.13041 -29.99608
v -8.67572 0.08797 -29.99608
v -8.67609 -0.13041 -29.99983
v -8.67609 0.08797 -29.99983
v -8.67572 -0.13041 -30.00358
v -8.67572 0.08797 -30.00358
v -8.67463 -0.13041 -30.00719
v -8.67463 0.08797 -30.00719
v -8.67285 -0.13041 -30.01051
v -8.67285 0.08797 -30.01051
v -8.67046 -0.13041 -30.01342
v -8.67046 0.08797 -30.01342
v -8.66755 -0.13041 -30.01581
v -8.66755 0.08797 -30.01581
v -8.66423 -0.13041 -30.01759
v -8.66423 0.08797 -30.01759
v -8.66062 -0.13041 -30.01868
v -8.66062 0.08797 -30.01868
v -8.65687 -0.13041 -30.01905
v -8.65687 0.08797 -30.01905
v -8.65312 -0.13041 -30.01868
v -8.65312 0.08797 -30.01868
v -8.64952 -0.13041 -30.01759
v -8.64952 0.08797 -30.01759
v -8.64619 -0.13041 -30.01581
v -8.64619 0.08797 -30.01581
v -8.64328 -0.13041 -30.01342
v -8.64328 0.08797 -30.01342
v -8.64089 -0.13041 -30.01051
v -8.64089 0.08797 -30.01051
v -8.63912 -0.13041 -30.00719
v -8.63912 0.08797 -30.00719
v -8.63802 -0.13041 -30.00358
v -8.63802 0.08797 -30.00358
v -8.63765 -0.13041 -29.99983
v -8.63765 0.08797 -29.99983
v -8.63802 -0.13041 -29.99608
v -8.63802 0.08797 -29.99608
v -8.63912 -0.13041 -29.99248
v -8.63912 0.08797 -29.99248
v -8.64089 -0.13041 -29.98916
v -8.64089 0.08797 -29.98916
v -8.64328 -0.13041 -29.98624
v -8.64328 0.08797 -29.98624
v -8.64619 -0.13041 -29.98385
v -8.64619 0.08797 -29.98385
v -8.64952 -0.13041 -29.98208
v -8.64952 0.08797 -29.98208
v -8.65312 -0.13041 -29.98098
v -8.65312 0.08797 -29.98098
v -7.55505 -0.06763 -29.98061
v -7.55505 0.17749 -29.98061
v -7.55880 -0.06763 -29.98098
v -7.55880 0.17749 -29.98098
v -7.56241 -0.06763 -29.98208
v -7.56241 0.17749 -29.98208
v -7.56573 -0.06763 -29.98385
v -7.56573 0.17749 -29.98385
v -7.56864 -0.06763 -29.98624
v -7.56864 0.17749 -29.98624
v -7.57103 -0.06763 -29.98916
v -7.57103 0.17749 -29.98916
v -7.57281 -0.06763 -29.99248
v -7.57281 0.17749 -29.99248
v -7.57390 -0.06763 -29.99608
v -7.57390 0.17749 -29.99608
v -7.57427 -0.06763 -29.99983
v -7.57427 0.17749 -29.99983
v -7.57390 -0.06763 -30.00358
v -7.57390 0.17749 -30.00358
v -7.57281 -0.06763 -30.00719
v -7.57281 0.17749 -30.00719
v -7.57103 -0.06763 -30.01051
v -7.57103 0.17749 -30.01051
v -7.56864 -0.06763 -30.01342
v -7.56864 0.17749 -30.01342
v -7.56573 -0.06763 -30.01581
v -7.56573 0.17749 -30.01581
v -7.56241 -0.06763 -30.01759
v -7.56241 0.17749 -30.01759
v -7.55880 -0.06763 -30.01868
v -7.55880 0.17749 -30.01868
v -7.55505 -0.06763 -30.01905
v -7.55505 0.17749 -30.01905
v -7.55130 -0.06763 -30.01868
v -7.55130 0.17749 -30.01868
v -7.54770 -0.06763 -30.01759
v -7.54770 0.17749 -30.01759
v -7.54437 -0.06763 -30.01581
v -7.54437 0.17749 -30.01581
v -7.54146 -0.06763 -30.01342
v -7.54146 0.17749 -30.01342
v -7.53907 -0.06763 -30.01051
v -7.53907 0.17749 -30.01051
v -7.53730 -0.06763 -30.00719
v -7.53730 0.17749 -30.00719
v -7.53620 -0.06763 -30.00358
v -7.53620 0.17749 -30.00358
v -7.53583 -0.06763 -29.99983
v -7.53583 0.17749 -29.99983
v -7.53620 -0.06763 -29.99608
v -7.53620 0.17749 -29.99608
v -7.53730 -0.06763 -29.99248
v -7.53730 0.17749 -29.99248
v -7.53907 -0.06763 -29.98916
v -7.53907 0.17749 -29.98916
v -7.54146 -0.06763 -29.98624
v -7.54146 0.17749 -29.98624
v -7.54437 -0.06763 -29.98385
v -7.54437 0.17749 -29.98385
v -7.54770 -0.06763 -29.98208
v -7.54770 0.17749 -29.98208
v -7.55130 -0.06763 -29.98098
v -7.55130 0.17749 -29.98098
v -4.27698 -0.50641 -30.39986
v -4.27698 0.44768 -30.39986
v -4.27698 -0.50641 -29.59987
v -4.27698 0.44768 -29.59987
v -6.58308 -0.49607 -30.39986
v -6.27698 0.56961 -30.39986
v -6.58308 -0.49607 -29.59987
v -6.27698 0.56961 -29.59987
v -4.27698 0.05868 -30.39986
v -4.27698 0.05868 -29.59987
v -6.60644 0.12922 -29.59987
v -6.60644 0.12922 -30.39986
v -4.27698 0.19314 -30.39986
v -4.27698 0.19314 -29.59987
v -6.51707 0.16489 -29.59987
v -6.51707 0.16490 -30.39986
v -5.11874 -0.50264 -29.59987
v -5.00701 0.56961 -29.59987
v -5.11874 -0.50264 -30.39986
v -5.00701 0.56961 -30.39986
v -5.12726 0.08443 -30.39986
v -5.12726 0.08443 -29.59987
v -5.09464 0.18283 -30.39986
v -5.09464 0.18283 -29.59987
v -4.65231 -0.50472 -29.59987
v -4.60250 0.50205 -30.39986
v -4.65612 0.07016 -30.39986
v -4.64157 0.18854 -30.39986
v -4.60250 0.50205 -29.59987
v -4.65231 -0.50472 -30.39986
v -4.65612 0.07016 -29.59987
v -4.64157 0.18854 -29.59987
v -4.72124 0.52188 -29.59987
v -4.78923 -0.50411 -30.39986
v -4.79442 0.07435 -29.59987
v -4.77457 0.18686 -29.59987
v -4.78923 -0.50411 -29.59987
v -4.72124 0.52188 -30.39986
v -4.79442 0.07435 -30.39986
v -4.77457 0.18686 -30.39986
v -4.82551 0.53930 -29.59987
v -4.90946 -0.50357 -30.39986
v -4.91586 0.07803 -29.59987
v -4.89135 0.18539 -29.59987
v -4.90946 -0.50357 -29.59987
v -4.82551 0.53930 -30.39986
v -4.91586 0.07803 -30.39986
v -4.89135 0.18539 -30.39986
v -4.52773 -0.50528 -29.59987
v -4.49445 0.48400 -30.39986
v -4.53027 0.06635 -30.39986
v -4.52055 0.19007 -30.39986
v -4.49445 0.48400 -29.59987
v -4.52773 -0.50528 -30.39986
v -4.53027 0.06635 -29.59987
v -4.52055 0.19007 -29.59987
v -4.82908 0.65267 -29.59987
v -4.91109 0.68298 -29.59987
v -4.91109 0.68298 -30.39986
v -4.82908 0.65267 -30.39986
v -4.71903 0.66846 -30.39986
v -4.60029 0.64863 -30.39986
v -4.60029 0.64863 -29.59987
v -4.71903 0.66846 -29.59987
v -4.28813 0.64080 -30.39986
v -4.28813 0.64080 -29.59987
v -4.50559 0.67712 -30.39986
v -4.50559 0.67712 -29.59987
v -4.26457 0.63623 -30.39980
v -4.26457 0.86248 -30.39980
v -4.26457 0.63623 -29.59980
v -4.26457 0.86248 -29.59980
v -4.96715 0.63623 -30.39980
v -4.96715 0.86248 -30.39980
v -4.96715 0.63623 -29.59980
v -4.96715 0.86248 -29.59980
v -4.57253 0.63623 -29.59980
v -4.57253 0.86248 -29.59980
v -4.57253 0.63623 -30.39980
v -4.57253 0.86248 -30.39980
v -3.15194 0.09959 -30.34980
v -3.15194 0.39470 -30.34980
v -3.15194 0.09959 -29.64980
v -3.15194 0.39470 -29.64980
v -4.32025 0.09959 -30.34980
v -4.32025 0.39470 -30.34980
v -4.32025 0.09959 -29.64980
v -4.32025 0.39470 -29.64980
v -3.15042 -0.52692 -30.29988
v -3.15197 0.11322 -30.29988
v -3.15042 -0.52692 -29.69988
v -3.15197 0.11322 -29.69988
v -4.30737 -0.50765 -30.29988
v -4.30891 0.11322 -30.29988
v -4.30737 -0.50765 -29.69988
v -4.30891 0.11322 -29.69988
v -3.80388 -0.50765 -29.69988
v -3.80543 0.11322 -29.69988
v -3.80388 -0.50765 -30.29988
v -3.80543 0.11322 -30.29988
v -3.47715 -0.52692 -29.69988
v -3.47870 0.11322 -30.29988
v -3.47870 0.11322 -29.69988
v -3.47715 -0.52692 -30.29988
v -3.48017 -0.77490 -30.29988
v -3.80388 -0.87029 -30.29988
v -3.80388 -0.87029 -29.69988
v -3.48017 -0.77490 -29.69988
v -3.56976 0.11322 -29.69988
v -3.56821 -0.50765 -30.29988
v -3.56821 -0.50765 -29.69988
v -3.56976 0.11322 -30.29988
v -3.56519 -0.80750 -30.29988
v -3.56519 -0.80750 -29.69988
v -3.57726 0.11322 -29.69988
v -3.57571 -0.50765 -30.29988
v -3.57571 -0.87029 -30.29988
v -3.57571 -0.50765 -29.69988
v -3.57726 0.11322 -30.29988
v -3.57571 -0.87029 -29.69988
v -3.65384 0.11322 -29.69988
v -3.65229 -0.50765 -30.29988
v -3.65229 -0.87029 -30.29988
v -3.65229 -0.50765 -29.69988
v -3.65384 0.11322 -30.29988
v -3.65229 -0.87029 -29.69988
v -3.61400 -0.50765 -29.69988
v -3.61555 0.11322 -30.29988
v -3.61400 -0.87029 -29.69988
v -3.61555 0.11322 -29.69988
v -3.61400 -0.50765 -30.29988
v -3.61400 -0.87029 -30.29988
v -3.62160 -1.00317 -30.29988
v -3.64469 -0.97262 -30.29988
v -3.64469 -0.97262 -29.69988
v -3.62160 -1.00317 -29.69988
v -3.66424 -1.05733 -30.29988
v -3.69898 -1.04122 -30.29988
v -3.69898 -1.04122 -29.69988
v -3.66424 -1.05733 -29.69988
v -1.37019 -0.24306 -30.34986
v -1.37019 0.61875 -30.34986
v -1.37019 -0.24307 -29.64986
v -1.37019 0.61875 -29.64986
v -3.18939 -0.52650 -30.34986
v -3.18939 0.61875 -30.34986
v -3.18939 -0.52650 -29.64986
v -3.18939 0.61875 -29.64986
v -2.06052 -0.52650 -29.64986
v -2.06052 0.61875 -29.64986
v -2.06052 -0.52650 -30.34986
v -2.06052 0.61875 -30.34986
v -1.99035 -0.25376 -29.64986
v -1.99035 0.61875 -30.34986
v -1.99035 0.61875 -29.64986
v -1.99035 -0.25376 -30.34986
v -2.83690 0.61875 -29.64986
v -2.83690 -0.52650 -30.34986
v -2.83690 -0.52650 -29.64986
v -2.83690 0.61875 -30.34986
v -2.83690 0.78810 -29.64986
v -3.18939 0.82598 -29.64986
v -3.18939 0.82598 -30.34986
v -2.83690 0.78810 -30.34986
v -2.89713 0.61875 -29.64986
v -2.89713 -0.52650 -30.34986
v -2.89713 -0.52650 -29.64986
v -2.89713 0.61875 -30.34986
v -2.89713 0.78810 -29.64986
v -2.89713 0.78810 -30.34986
v -2.89713 1.08073 -29.64986
v -3.18939 1.08073 -29.64986
v -3.18939 1.08073 -30.34986
v -2.89713 1.08073 -30.34986
v -3.52437 0.82598 -29.64986
v -3.52437 0.82598 -30.34986
v -3.52437 1.08073 -29.64986
v -3.52437 1.08073 -30.34986
v -2.89713 0.99859 -30.34986
v -2.89713 0.99859 -29.64986
v -3.18939 1.00922 -30.34986
v -3.18939 1.00922 -29.64986
v -3.52437 1.00922 -30.34986
v -3.52437 1.00922 -29.64986
v -4.58055 0.82598 -29.64986
v -4.58055 0.82598 -30.34986
v -4.58055 1.00922 -29.64986
v -4.58055 1.00922 -30.34986
v -3.77616 1.00922 -29.64986
v -3.77616 0.82598 -29.64986
v -3.77616 0.82598 -30.34986
v -3.77616 1.00922 -30.34986
v -3.52437 0.35623 -29.64986
v -3.52437 0.35623 -30.34986
v -3.77616 0.35623 -29.64986
v -3.77616 0.35623 -30.34986
v -3.77312 0.29883 -30.29986
v -3.77312 0.62272 -30.29986
v -3.77312 0.29883 -29.69986
v -3.77312 0.62272 -29.69986
v -4.16429 0.29883 -30.29986
v -4.16429 0.62272 -30.29986
v -4.16429 0.29883 -29.69986
v -4.16429 0.62272 -29.69986
v -1.10758 -0.31729 -30.37493
v -1.10758 0.71262 -30.37493
v -1.10758 -0.31729 -29.62493
v -1.10758 0.71262 -29.62493
v -1.39487 -0.23975 -30.37493
v -1.38040 0.64004 -30.37493
v -1.39487 -0.23975 -29.62493
v -1.38040 0.64004 -29.62493
v -1.32068 -0.31468 -29.62493
v -1.31585 0.71639 -29.62493
v -1.32068 -0.31468 -30.37493
v -1.31585 0.71639 -30.37493
v 5.37282 0.54396 -29.92234
v 3.88977 0.54396 -29.92234
v 5.37856 0.52996 -29.92383
v 3.88977 0.52884 -29.92383
v 5.38407 0.51651 -29.92824
v 3.88977 0.51429 -29.92824
v 5.38915 0.50410 -29.93541
v 3.88977 0.50089 -29.93541
v 5.39360 0.49323 -29.94505
v 3.88977 0.48914 -29.94505
v 5.39726 0.48431 -29.95680
v 3.88977 0.47950 -29.95680
v 5.39997 0.47768 -29.97020
v 3.88977 0.47234 -29.97020
v 5.40165 0.47360 -29.98474
v 3.88977 0.46792 -29.98474
v 5.40221 0.47222 -29.99987
v 3.88977 0.46643 -29.99987
v 5.40165 0.47360 -30.01499
v 3.88977 0.46792 -30.01499
v 5.39997 0.47768 -30.02953
v 3.88977 0.47234 -30.02953
v 5.39726 0.48431 -30.04294
v 3.88977 0.47950 -30.04294
v 5.39360 0.49323 -30.05469
v 3.88977 0.48914 -30.05469
v 5.38915 0.50410 -30.06433
v 3.88977 0.50089 -30.06433
v 5.38407 0.51651 -30.07149
v 3.88977 0.51429 -30.07149
v 5.37856 0.52996 -30.07590
v 3.88977 0.52884 -30.07590
v 5.37282 0.54396 -30.07739
v 3.88977 0.54396 -30.07739
v 5.36709 0.55796 -30.07590
v 3.88977 0.55908 -30.07590
v 5.36158 0.57141 -30.07149
v 3.88977 0.57363 -30.07149
v 5.35650 0.58382 -30.06433
v 3.88977 0.58703 -30.06433
v 5.35205 0.59469 -30.05469
v 3.88977 0.59878 -30.05469
v 5.34839 0.60361 -30.04294
v 3.88977 0.60842 -30.04294
v 5.34567 0.61024 -30.02953
v 3.88977 0.61558 -30.02953
v 5.34400 0.61432 -30.01499
v 3.88977 0.61999 -30.01499
v 5.34344 0.61570 -29.99987
v 3.88977 0.62148 -29.99987
v 5.34400 0.61432 -29.98474
v 3.88977 0.61999 -29.98474
v 5.34567 0.61024 -29.97020
v 3.88977 0.61558 -29.97020
v 5.34839 0.60361 -29.95680
v 3.88977 0.60842 -29.95680
v 5.35205 0.59469 -29.94505
v 3.88977 0.59878 -29.94505
v 5.35650 0.58382 -29.93541
v 3.88977 0.58703 -29.93541
v 5.36158 0.57141 -29.92824
v 3.88977 0.57363 -29.92824
v 5.36709 0.55795 -29.92383
v 3.88977 0.55908 -29.92383
v 10.94968 0.17817 -29.87520
v 3.88977 0.17817 -29.87520
v 10.94898 0.15496 -29.87759
v 3.88977 0.15385 -29.87759
v 10.94830 0.13264 -29.88469
v 3.88977 0.13046 -29.88469
v 10.94767 0.11206 -29.89621
v 3.88977 0.10891 -29.89621
v 10.94712 0.09403 -29.91171
v 3.88977 0.09002 -29.91171
v 10.94667 0.07923 -29.93060
v 3.88977 0.07451 -29.93060
v 10.94634 0.06823 -29.95216
v 3.88977 0.06299 -29.95216
v 10.94613 0.06146 -29.97555
v 3.88977 0.05590 -29.97555
v 10.94606 0.05918 -29.99987
v 3.88977 0.05350 -29.99987
v 10.94613 0.06146 -30.02419
v 3.88977 0.05590 -30.02419
v 10.94634 0.06823 -30.04758
v 3.88977 0.06299 -30.04758
v 10.94667 0.07923 -30.06913
v 3.88977 0.07451 -30.06913
v 10.94712 0.09403 -30.08803
v 3.88977 0.09002 -30.08802
v 10.94767 0.11206 -30.10353
v 3.88977 0.10891 -30.10353
v 10.94830 0.13264 -30.11505
v 3.88977 0.13046 -30.11505
v 10.94898 0.15496 -30.12215
v 3.88977 0.15385 -30.12214
v 10.94968 0.17817 -30.12454
v 3.88977 0.17817 -30.12454
v 10.95038 0.20139 -30.12215
v 3.88977 0.20250 -30.12214
v 10.95106 0.22371 -30.11505
v 3.88977 0.22588 -30.11505
v 10.95169 0.24429 -30.10353
v 3.88977 0.24744 -30.10353
v 10.95224 0.26232 -30.08803
v 3.88977 0.26633 -30.08802
v 10.95269 0.27712 -30.06913
v 3.88977 0.28183 -30.06913
v 10.95302 0.28811 -30.04758
v 3.88977 0.29335 -30.04758
v 10.95323 0.29488 -30.02419
v 3.88977 0.30045 -30.02419
v 10.95330 0.29717 -29.99987
v 3.88977 0.30284 -29.99987
v 10.95323 0.29488 -29.97555
v 3.88977 0.30045 -29.97555
v 10.95302 0.28811 -29.95216
v 3.88977 0.29335 -29.95216
v 10.95269 0.27712 -29.93060
v 3.88977 0.28183 -29.93060
v 10.95224 0.26232 -29.91171
v 3.88977 0.26633 -29.91171
v 10.95169 0.24429 -29.89621
v 3.88977 0.24744 -29.89621
v 10.95106 0.22371 -29.88469
v 3.88977 0.22588 -29.88469
v 10.95038 0.20139 -29.87759
v 3.88977 0.20250 -29.87759
v 5.72978 0.18043 -29.79309
v 5.17431 0.18043 -29.79309
v 5.72978 0.14009 -29.79706
v 5.17431 0.14009 -29.79706
v 5.72978 0.10130 -29.80883
v 5.17431 0.10130 -29.80883
v 5.72978 0.06555 -29.82794
v 5.17431 0.06555 -29.82794
v 5.72978 0.03421 -29.85365
v 5.17431 0.03421 -29.85365
v 5.72978 0.00850 -29.88499
v 5.17431 0.00850 -29.88499
v 5.72978 -0.01061 -29.92074
v 5.17431 -0.01061 -29.92074
v 5.72978 -0.02238 -29.95953
v 5.17431 -0.02238 -29.95953
v 5.72978 -0.02635 -29.99987
v 5.17431 -0.02635 -29.99987
v 5.72978 -0.02238 -30.04021
v 5.17431 -0.02238 -30.04021
v 5.72978 -0.01061 -30.07900
v 5.17431 -0.01061 -30.07900
v 5.72978 0.00850 -30.11475
v 5.17431 0.00850 -30.11475
v 5.72978 0.03421 -30.14608
v 5.17431 0.03421 -30.14608
v 5.72978 0.06555 -30.17180
v 5.17431 0.06555 -30.17180
v 5.72978 0.10130 -30.19091
v 5.17431 0.10130 -30.19091
v 5.72978 0.14009 -30.20267
v 5.17431 0.14009 -30.20267
v 5.72978 0.18043 -30.20664
v 5.17431 0.18043 -30.20664
v 5.72978 0.22077 -30.20267
v 5.17431 0.22077 -30.20267
v 5.72978 0.25956 -30.19091
v 5.17431 0.25956 -30.19091
v 5.72978 0.29531 -30.17180
v 5.17431 0.29531 -30.17180
v 5.72978 0.32664 -30.14608
v 5.17431 0.32664 -30.14608
v 5.72978 0.35235 -30.11475
v 5.17431 0.35236 -30.11475
v 5.72978 0.37146 -30.07900
v 5.17431 0.37146 -30.07900
v 5.72978 0.38323 -30.04021
v 5.17431 0.38323 -30.04021
v 5.72978 0.38720 -29.99987
v 5.17431 0.38720 -29.99987
v 5.72978 0.38323 -29.95953
v 5.17431 0.38323 -29.95953
v 5.72978 0.37146 -29.92074
v 5.17431 0.37146 -29.92074
v 5.72978 0.35235 -29.88499
v 5.17431 0.35235 -29.88499
v 5.72978 0.32664 -29.85365
v 5.17431 0.32664 -29.85365
v 5.72978 0.29531 -29.82794
v 5.17431 0.29531 -29.82794
v 5.72978 0.25956 -29.80883
v 5.17431 0.25956 -29.80883
v 5.72978 0.22077 -29.79706
v 5.17431 0.22077 -29.79706
v 5.38752 0.52803 -29.88061
v 4.19033 0.53422 -29.95062
v 5.39721 0.50688 -29.88290
v 4.19033 0.52461 -29.95157
v 5.40653 0.48654 -29.88968
v 4.19033 0.51538 -29.95437
v 5.41512 0.46780 -29.90070
v 4.19033 0.50686 -29.95892
v 5.42265 0.45137 -29.91554
v 4.19033 0.49940 -29.96504
v 5.42883 0.43788 -29.93361
v 4.19033 0.49327 -29.97251
v 5.43342 0.42786 -29.95423
v 4.19033 0.48872 -29.98102
v 5.43625 0.42169 -29.97660
v 4.19033 0.48592 -29.99026
v 5.43720 0.41961 -29.99987
v 4.19033 0.48497 -29.99987
v 5.43625 0.42169 -30.02313
v 4.19033 0.48592 -30.00948
v 5.43342 0.42786 -30.04551
v 4.19033 0.48872 -30.01871
v 5.42883 0.43788 -30.06613
v 4.19033 0.49327 -30.02723
v 5.42265 0.45137 -30.08420
v 4.19033 0.49940 -30.03469
v 5.41512 0.46780 -30.09903
v 4.19033 0.50686 -30.04081
v 5.40653 0.48654 -30.11005
v 4.19033 0.51538 -30.04537
v 5.39721 0.50688 -30.11684
v 4.19033 0.52461 -30.04817
v 5.38752 0.52803 -30.11913
v 4.19033 0.53422 -30.04911
v 5.37783 0.54918 -30.11684
v 4.19033 0.54383 -30.04817
v 5.36850 0.56952 -30.11005
v 4.19033 0.55307 -30.04537
v 5.35992 0.58827 -30.09903
v 4.19033 0.56158 -30.04081
v 5.35239 0.60470 -30.08420
v 4.19033 0.56904 -30.03469
v 5.34621 0.61818 -30.06613
v 4.19033 0.57517 -30.02723
v 5.34162 0.62820 -30.04551
v 4.19033 0.57972 -30.01871
v 5.33879 0.63437 -30.02313
v 4.19033 0.58252 -30.00948
v 5.33784 0.63645 -29.99987
v 4.19033 0.58347 -29.99987
v 5.33879 0.63437 -29.97660
v 4.19033 0.58252 -29.99026
v 5.34162 0.62820 -29.95423
v 4.19033 0.57972 -29.98102
v 5.34621 0.61818 -29.93361
v 4.19033 0.57517 -29.97251
v 5.35239 0.60470 -29.91554
v 4.19033 0.56904 -29.96504
v 5.35992 0.58827 -29.90070
v 4.19033 0.56158 -29.95892
v 5.36850 0.56952 -29.88968
v 4.19033 0.55307 -29.95437
v 5.37783 0.54918 -29.88290
v 4.19033 0.54383 -29.95157
v 4.47848 0.52803 -29.88061
v 4.48081 0.50527 -29.88290
v 4.48305 0.48339 -29.88968
v 4.48512 0.46322 -29.90070
v 4.48693 0.44555 -29.91554
v 4.48842 0.43104 -29.93361
v 4.48952 0.42026 -29.95423
v 4.49020 0.41362 -29.97660
v 4.49043 0.41138 -29.99987
v 4.49020 0.41362 -30.02313
v 4.48952 0.42026 -30.04551
v 4.48842 0.43104 -30.06613
v 4.48693 0.44555 -30.08420
v 4.48512 0.46322 -30.09903
v 4.48305 0.48339 -30.11005
v 4.48081 0.50527 -30.11684
v 4.47848 0.52803 -30.11913
v 4.47614 0.55079 -30.11684
v 4.47390 0.57267 -30.11005
v 4.47183 0.59284 -30.09903
v 4.47002 0.61052 -30.08420
v 4.46853 0.62503 -30.06613
v 4.46743 0.63580 -30.04551
v 4.46675 0.64244 -30.02313
v 4.46652 0.64468 -29.99987
v 4.46675 0.64244 -29.97660
v 4.46743 0.63580 -29.95423
v 4.46853 0.62503 -29.93361
v 4.47002 0.61052 -29.91554
v 4.47183 0.59284 -29.90070
v 4.47390 0.57267 -29.88968
v 4.47614 0.55079 -29.88290
v 5.51565 0.22061 -29.94987
v 5.21595 0.53380 -29.94987
v 5.50860 0.21387 -29.95083
v 5.20890 0.52706 -29.95083
v 5.50183 0.20738 -29.95367
v 5.20212 0.52058 -29.95367
v 5.49558 0.20141 -29.95829
v 5.19588 0.51460 -29.95829
v 5.49011 0.19617 -29.96451
v 5.19040 0.50936 -29.96451
v 5.48561 0.19187 -29.97209
v 5.18591 0.50506 -29.97209
v 5.48228 0.18867 -29.98073
v 5.18257 0.50187 -29.98073
v 5.48022 0.18671 -29.99011
v 5.18051 0.49990 -29.99011
v 5.47953 0.18604 -29.99987
v 5.17982 0.49923 -29.99987
v 5.48022 0.18671 -30.00962
v 5.18051 0.49990 -30.00962
v 5.48228 0.18867 -30.01900
v 5.18257 0.50187 -30.01900
v 5.48561 0.19187 -30.02765
v 5.18591 0.50506 -30.02765
v 5.49011 0.19617 -30.03522
v 5.19040 0.50936 -30.03522
v 5.49558 0.20141 -30.04144
v 5.19588 0.51460 -30.04144
v 5.50183 0.20738 -30.04606
v 5.20212 0.52058 -30.04606
v 5.50860 0.21387 -30.04891
v 5.20890 0.52706 -30.04891
v 5.51565 0.22061 -30.04987
v 5.21595 0.53380 -30.04987
v 5.52270 0.22736 -30.04891
v 5.22299 0.54055 -30.04891
v 5.52947 0.23384 -30.04606
v 5.22977 0.54703 -30.04606
v 5.53572 0.23982 -30.04144
v 5.23602 0.55301 -30.04144
v 5.54119 0.24505 -30.03522
v 5.24149 0.55825 -30.03522
v 5.54569 0.24935 -30.02765
v 5.24598 0.56255 -30.02765
v 5.54903 0.25255 -30.01900
v 5.24932 0.56574 -30.01900
v 5.55108 0.25452 -30.00962
v 5.25138 0.56771 -30.00962
v 5.55178 0.25518 -29.99987
v 5.25207 0.56837 -29.99987
v 5.55108 0.25452 -29.99011
v 5.25138 0.56771 -29.99011
v 5.54903 0.25255 -29.98073
v 5.24932 0.56574 -29.98073
v 5.54569 0.24935 -29.97209
v 5.24598 0.56255 -29.97209
v 5.54119 0.24505 -29.96451
v 5.24149 0.55825 -29.96451
v 5.53572 0.23982 -29.95829
v 5.23602 0.55301 -29.95829
v 5.52947 0.23384 -29.95367
v 5.22977 0.54703 -29.95367
v 5.52270 0.22736 -29.95083
v 5.22299 0.54055 -29.95083
v 11.21141 0.18918 -29.83518
v 8.98313 0.18918 -29.83518
v 11.21141 0.15705 -29.83834
v 8.98313 0.15705 -29.83834
v 11.21141 0.12615 -29.84771
v 8.98313 0.12615 -29.84771
v 11.21141 0.09768 -29.86293
v 8.98313 0.09768 -29.86293
v 11.21141 0.07272 -29.88341
v 8.98313 0.07272 -29.88341
v 11.21141 0.05224 -29.90837
v 8.98313 0.05224 -29.90837
v 11.21141 0.03702 -29.93684
v 8.98313 0.03702 -29.93684
v 11.21141 0.02765 -29.96774
v 8.98313 0.02765 -29.96774
v 11.21141 0.02449 -29.99987
v 8.98313 0.02449 -29.99987
v 11.21141 0.02765 -30.03200
v 8.98313 0.02765 -30.03200
v 11.21141 0.03702 -30.06290
v 8.98313 0.03702 -30.06290
v 11.21141 0.05224 -30.09137
v 8.98313 0.05224 -30.09137
v 11.21141 0.07272 -30.11632
v 8.98313 0.07272 -30.11632
v 11.21141 0.09768 -30.13681
v 8.98313 0.09768 -30.13681
v 11.21141 0.12615 -30.15202
v 8.98313 0.12615 -30.15202
v 11.21141 0.15705 -30.16140
v 8.98313 0.15705 -30.16140
v 11.21141 0.18918 -30.16456
v 8.98313 0.18918 -30.16456
v 11.21141 0.22131 -30.16140
v 8.98313 0.22131 -30.16140
v 11.21141 0.25220 -30.15202
v 8.98313 0.25221 -30.15202
v 11.21141 0.28068 -30.13681
v 8.98313 0.28068 -30.13681
v 11.21141 0.30563 -30.11632
v 8.98313 0.30563 -30.11632
v 11.21141 0.32612 -30.09137
v 8.98313 0.32612 -30.09137
v 11.21141 0.34133 -30.06290
v 8.98313 0.34133 -30.06290
v 11.21141 0.35071 -30.03200
v 8.98313 0.35071 -30.03200
v 11.21141 0.35387 -29.99987
v 8.98313 0.35387 -29.99987
v 11.21141 0.35071 -29.96774
v 8.98313 0.35071 -29.96774
v 11.21141 0.34133 -29.93684
v 8.98313 0.34133 -29.93684
v 11.21141 0.32612 -29.90837
v 8.98313 0.32612 -29.90837
v 11.21141 0.30563 -29.88341
v 8.98313 0.30563 -29.88341
v 11.21141 0.28068 -29.86293
v 8.98313 0.28068 -29.86293
v 11.21141 0.25220 -29.84771
v 8.98313 0.25220 -29.84771
v 11.21141 0.22131 -29.83834
v 8.98313 0.22131 -29.83834
v 9.15355 -0.17807 -30.09987
v 9.15355 0.05195 -30.09987
v 9.15355 -0.17807 -29.89987
v 9.15355 0.05195 -29.89987
v 8.99224 -0.17807 -30.09987
v 8.99224 0.05195 -30.09987
v 8.99224 -0.17807 -29.89987
v 8.99224 0.05195 -29.89987
v 9.15355 0.54929 -30.09987
v 9.15355 0.54929 -29.89987
v 9.05723 0.54929 -29.89987
v 9.05723 0.54929 -30.09987
v 9.01481 0.45520 -30.09987
v 9.13313 0.45520 -30.09987
v 9.13313 0.45520 -29.89987
v 9.01481 0.45520 -29.89987
v 9.24825 1.00812 -30.09987
v 9.24825 1.00812 -29.89987
v 9.15193 1.00812 -29.89987
v 9.15193 1.00812 -30.09987
v 9.14167 0.71979 -29.89987
v 9.14167 0.71979 -30.09987
v 9.18874 0.71979 -30.09987
v 9.18874 0.71979 -29.89987
v 9.47546 1.00812 -30.09987
v 9.47546 1.00812 -29.89987
v 9.47546 0.71979 -30.09987
v 9.47546 0.71979 -29.89987
v 9.15650 0.56938 -30.09987
v 9.15650 0.56938 -29.89987
v 9.47546 0.56938 -30.09987
v 9.47546 0.56938 -29.89987
v 9.44119 1.00812 -30.09987
v 9.43221 0.71979 -30.09987
v 9.44118 1.00812 -29.89987
v 9.43221 0.71979 -29.89987
v 9.42735 0.56938 -30.09987
v 9.42735 0.56938 -29.89987
v 9.47546 0.27710 -30.09987
v 9.47546 0.27710 -29.89987
v 9.42735 0.27710 -29.89987
v 9.42735 0.27710 -30.09987
v 9.42735 0.39919 -30.09987
v 9.42735 0.39919 -29.89987
v 9.47546 0.39919 -29.89987
v 9.47546 0.39919 -30.09987
v 9.42735 0.35207 -30.09987
v 9.42735 0.35207 -29.89987
v 9.47546 0.35207 -29.89987
v 9.47546 0.35207 -30.09987
v 9.07918 0.35207 -29.89987
v 9.07918 0.39919 -29.89987
v 9.07918 0.39919 -30.09987
v 9.07918 0.35207 -30.09987
v -0.80878 1.30753 -29.72668
v -6.91409 1.28507 -29.57724
v -0.80878 1.25424 -29.73193
v -6.91409 1.20262 -29.58536
v -0.80878 1.20299 -29.74748
v -6.91409 1.12334 -29.60941
v -0.80878 1.15576 -29.77272
v -6.91409 1.05028 -29.64846
v -0.80878 1.11437 -29.80670
v -6.91409 0.98623 -29.70102
v -0.80878 1.08039 -29.84809
v -6.91409 0.93367 -29.76506
v -0.80878 1.05515 -29.89532
v -6.91409 0.89462 -29.83813
v -0.80878 1.03960 -29.94657
v -6.91409 0.87057 -29.91741
v -0.80878 1.03435 -29.99986
v -6.91409 0.86245 -29.99986
v -0.80878 1.03960 -30.05316
v -6.91409 0.87057 -30.08232
v -0.80878 1.05515 -30.10441
v -6.91409 0.89462 -30.16160
v -0.80878 1.08039 -30.15164
v -6.91409 0.93367 -30.23466
v -0.80878 1.11437 -30.19303
v -6.91409 0.98623 -30.29871
v -0.80878 1.15576 -30.22701
v -6.91409 1.05028 -30.35127
v -0.80878 1.20299 -30.25225
v -6.91409 1.12334 -30.39032
v -0.80878 1.25424 -30.26780
v -6.91409 1.20262 -30.41437
v -0.80878 1.30753 -30.27305
v -6.91409 1.28507 -30.42249
v -0.80878 1.36083 -30.26780
v -6.91409 1.36753 -30.41437
v -0.80878 1.41208 -30.25225
v -6.91409 1.44681 -30.39032
v -0.80878 1.45931 -30.22701
v -6.91409 1.51987 -30.35127
v -0.80878 1.50070 -30.19303
v -6.91409 1.58392 -30.29871
v -0.80878 1.53468 -30.15164
v -6.91409 1.63648 -30.23466
v -0.80878 1.55992 -30.10441
v -6.91409 1.67553 -30.16160
v -0.80878 1.57547 -30.05316
v -6.91409 1.69958 -30.08231
v -0.80878 1.58072 -29.99986
v -6.91409 1.70770 -29.99986
v -0.80878 1.57547 -29.94657
v -6.91409 1.69958 -29.91741
v -0.80878 1.55992 -29.89532
v -6.91409 1.67553 -29.83813
v -0.80878 1.53468 -29.84809
v -6.91409 1.63648 -29.76506
v -0.80878 1.50070 -29.80670
v -6.91409 1.58392 -29.70102
v -0.80878 1.45931 -29.77272
v -6.91409 1.51987 -29.64846
v -0.80878 1.41208 -29.74748
v -6.91409 1.44681 -29.60941
v -0.80878 1.36083 -29.73193
v -6.91409 1.36752 -29.58536
v -1.96421 1.30753 -29.75490
v -1.96421 1.25974 -29.75961
v -1.96421 1.21379 -29.77355
v -1.96421 1.17144 -29.79619
v -1.96421 1.13432 -29.82665
v -1.96421 1.10385 -29.86377
v -1.96421 1.08122 -29.90612
v -1.96421 1.06728 -29.95207
v -1.96421 1.06257 -29.99986
v -1.96421 1.06728 -30.04765
v -1.96421 1.08122 -30.09361
v -1.96421 1.10385 -30.13596
v -1.96421 1.13432 -30.17308
v -1.96421 1.17144 -30.20355
v -1.96421 1.21379 -30.22619
v -1.96421 1.25974 -30.24012
v -1.96421 1.30753 -30.24483
v -1.96421 1.35532 -30.24012
v -1.96421 1.40128 -30.22619
v -1.96421 1.44363 -30.20355
v -1.96421 1.48075 -30.17308
v -1.96421 1.51122 -30.13596
v -1.96421 1.53385 -30.09361
v -1.96421 1.54779 -30.04765
v -1.96421 1.55250 -29.99986
v -1.96421 1.54779 -29.95207
v -1.96421 1.53385 -29.90612
v -1.96421 1.51122 -29.86377
v -1.96421 1.48075 -29.82665
v -1.96421 1.44363 -29.79618
v -1.96421 1.40128 -29.77355
v -1.96421 1.35532 -29.75961
v -1.90315 1.25424 -29.73193
v -1.90315 1.20299 -29.74748
v -1.90315 1.15576 -29.77272
v -1.90315 1.11437 -29.80670
v -1.90315 1.08039 -29.84809
v -1.90315 1.05515 -29.89532
v -1.90315 1.03960 -29.94657
v -1.90315 1.03435 -29.99986
v -1.90315 1.03960 -30.05316
v -1.90315 1.05515 -30.10441
v -1.90315 1.08039 -30.15164
v -1.90315 1.11437 -30.19303
v -1.90315 1.15576 -30.22701
v -1.90315 1.20299 -30.25225
v -1.90315 1.25424 -30.26780
v -1.90315 1.30753 -30.27305
v -1.90315 1.36083 -30.26780
v -1.90315 1.41208 -30.25225
v -1.90315 1.45931 -30.22701
v -1.90315 1.50070 -30.19303
v -1.90315 1.53468 -30.15164
v -1.90315 1.55992 -30.10441
v -1.90315 1.57547 -30.05316
v -1.90315 1.58072 -29.99986
v -1.90315 1.57547 -29.94657
v -1.90315 1.55992 -29.89532
v -1.90315 1.53468 -29.84809
v -1.90315 1.50070 -29.80670
v -1.90315 1.45931 -29.77272
v -1.90315 1.41208 -29.74748
v -1.90315 1.36083 -29.73193
v -1.90315 1.30753 -29.72668
v -4.61239 1.30753 -29.75490
v -4.61239 1.25974 -29.75961
v -4.61239 1.21379 -29.77355
v -4.61239 1.17144 -29.79618
v -4.61239 1.13432 -29.82665
v -4.61239 1.10385 -29.86377
v -4.61239 1.08122 -29.90612
v -4.61239 1.06728 -29.95207
v -4.61239 1.06257 -29.99986
v -4.61239 1.06728 -30.04765
v -4.61239 1.08122 -30.09361
v -4.61239 1.10385 -30.13596
v -4.61239 1.13432 -30.17308
v -4.61239 1.17144 -30.20355
v -4.61239 1.21379 -30.22618
v -4.61239 1.25974 -30.24012
v -4.61239 1.30753 -30.24483
v -4.61239 1.35532 -30.24012
v -4.61239 1.40128 -30.22618
v -4.61239 1.44363 -30.20355
v -4.61239 1.48075 -30.17308
v -4.61239 1.51122 -30.13596
v -4.61239 1.53385 -30.09361
v -4.61239 1.54779 -30.04765
v -4.61239 1.55250 -29.99986
v -4.61239 1.54779 -29.95207
v -4.61239 1.53385 -29.90612
v -4.61239 1.51122 -29.86377
v -4.61239 1.48075 -29.82665
v -4.61239 1.44363 -29.79618
v -4.61239 1.40128 -29.77355
v -4.61239 1.35532 -29.75961
v -4.65325 1.30753 -29.79631
v -4.65325 1.26782 -29.80022
v -4.65325 1.22964 -29.81181
v -4.65325 1.19445 -29.83062
v -4.65325 1.16360 -29.85593
v -4.65325 1.13829 -29.88678
v -4.65325 1.11948 -29.92197
v -4.65325 1.10789 -29.96015
v -4.65325 1.10398 -29.99986
v -4.65325 1.10789 -30.03958
v -4.65325 1.11948 -30.07776
v -4.65325 1.13829 -30.11295
v -4.65325 1.16360 -30.14380
v -4.65325 1.19445 -30.16911
v -4.65325 1.22964 -30.18792
v -4.65325 1.26782 -30.19950
v -4.65325 1.30753 -30.20342
v -4.65325 1.34725 -30.19950
v -4.65325 1.38543 -30.18792
v -4.65325 1.42062 -30.16911
v -4.65325 1.45147 -30.14380
v -4.65325 1.47678 -30.11295
v -4.65325 1.49559 -30.07776
v -4.65325 1.50717 -30.03958
v -4.65325 1.51109 -29.99986
v -4.65325 1.50717 -29.96015
v -4.65325 1.49559 -29.92197
v -4.65325 1.47678 -29.88678
v -4.65325 1.45147 -29.85593
v -4.65325 1.42062 -29.83062
v -4.65325 1.38543 -29.81181
v -4.65325 1.34725 -29.80022
v -4.95321 1.30753 -29.79631
v -4.95321 1.26782 -29.80022
v -4.95321 1.22964 -29.81181
v -4.95321 1.19445 -29.83062
v -4.95321 1.16360 -29.85593
v -4.95321 1.13829 -29.88678
v -4.95321 1.11948 -29.92197
v -4.95321 1.10789 -29.96015
v -4.95321 1.10398 -29.99986
v -4.95321 1.10789 -30.03958
v -4.95321 1.11948 -30.07776
v -4.95321 1.13829 -30.11295
v -4.95321 1.16360 -30.14380
v -4.95321 1.19445 -30.16911
v -4.95321 1.22964 -30.18792
v -4.95321 1.26782 -30.19950
v -4.95321 1.30753 -30.20342
v -4.95321 1.34725 -30.19950
v -4.95321 1.38543 -30.18792
v -4.95321 1.42062 -30.16911
v -4.95321 1.45147 -30.14380
v -4.95321 1.47678 -30.11295
v -4.95321 1.49559 -30.07776
v -4.95321 1.50717 -30.03958
v -4.95321 1.51109 -29.99986
v -4.95321 1.50717 -29.96015
v -4.95321 1.49559 -29.92197
v -4.95321 1.47678 -29.88678
v -4.95321 1.45147 -29.85593
v -4.95321 1.42062 -29.83062
v -4.95321 1.38543 -29.81181
v -4.95321 1.34725 -29.80022
v -5.24963 1.30753 -29.65256
v -5.24963 1.23978 -29.65924
v -5.24963 1.17463 -29.67900
v -5.24963 1.11458 -29.71109
v -5.24963 1.06196 -29.75429
v -5.24963 1.01876 -29.80692
v -5.24963 0.98667 -29.86696
v -5.24963 0.96691 -29.93211
v -5.24963 0.96023 -29.99986
v -5.24963 0.96691 -30.06762
v -5.24963 0.98667 -30.13277
v -5.24963 1.01876 -30.19281
v -5.24963 1.06196 -30.24544
v -5.24963 1.11458 -30.28863
v -5.24963 1.17463 -30.32073
v -5.24963 1.23978 -30.34049
v -5.24963 1.30753 -30.34717
v -5.24963 1.37529 -30.34049
v -5.24963 1.44044 -30.32073
v -5.24963 1.50049 -30.28863
v -5.24963 1.55311 -30.24544
v -5.24963 1.59631 -30.19281
v -5.24963 1.62840 -30.13277
v -5.24963 1.64816 -30.06762
v -5.24963 1.65484 -29.99986
v -5.24963 1.64816 -29.93211
v -5.24963 1.62840 -29.86696
v -5.24963 1.59631 -29.80691
v -5.24963 1.55311 -29.75429
v -5.24963 1.50048 -29.71109
v -5.24963 1.44044 -29.67900
v -5.24963 1.37529 -29.65924
v -6.55793 1.30753 -29.60807
v -6.55793 1.23110 -29.61560
v -6.55793 1.15760 -29.63790
v -6.55793 1.08987 -29.67410
v -6.55793 1.03050 -29.72283
v -6.55793 0.98177 -29.78220
v -6.55793 0.94557 -29.84993
v -6.55793 0.92327 -29.92343
v -6.55793 0.91575 -29.99986
v -6.55793 0.92327 -30.07630
v -6.55793 0.94557 -30.14980
v -6.55793 0.98177 -30.21753
v -6.55793 1.03050 -30.27690
v -6.55793 1.08987 -30.32562
v -6.55793 1.15760 -30.36183
v -6.55793 1.23110 -30.38413
v -6.55793 1.30753 -30.39165
v -6.55793 1.38397 -30.38413
v -6.55793 1.45747 -30.36183
v -6.55793 1.52520 -30.32562
v -6.55793 1.58457 -30.27690
v -6.55793 1.63330 -30.21753
v -6.55793 1.66950 -30.14980
v -6.55793 1.69180 -30.07630
v -6.55793 1.69932 -29.99986
v -6.55793 1.69179 -29.92343
v -6.55793 1.66950 -29.84993
v -6.55793 1.63329 -29.78220
v -6.55793 1.58457 -29.72283
v -6.55793 1.52520 -29.67410
v -6.55793 1.45747 -29.63790
v -6.55793 1.38397 -29.61560
v -6.70646 1.30753 -29.75308
v -6.70646 1.25939 -29.75782
v -6.70646 1.21309 -29.77186
v -6.70646 1.17043 -29.79467
v -6.70646 1.13303 -29.82536
v -6.70646 1.10234 -29.86275
v -6.70646 1.07953 -29.90542
v -6.70646 1.06549 -29.95172
v -6.70646 1.06075 -29.99986
v -6.70646 1.06549 -30.04801
v -6.70646 1.07953 -30.09430
v -6.70646 1.10234 -30.13697
v -6.70646 1.13303 -30.17437
v -6.70646 1.17043 -30.20506
v -6.70646 1.21309 -30.22787
v -6.70646 1.25939 -30.24191
v -6.70646 1.30753 -30.24665
v -6.70646 1.35568 -30.24191
v -6.70646 1.40198 -30.22787
v -6.70646 1.44464 -30.20506
v -6.70646 1.48204 -30.17437
v -6.70646 1.51273 -30.13697
v -6.70646 1.53554 -30.09430
v -6.70646 1.54958 -30.04801
v -6.70646 1.55432 -29.99986
v -6.70646 1.54958 -29.95172
v -6.70646 1.53554 -29.90542
v -6.70646 1.51273 -29.86275
v -6.70646 1.48204 -29.82536
v -6.70646 1.44464 -29.79467
v -6.70646 1.40198 -29.77186
v -6.70646 1.35568 -29.75782
v -6.84887 1.29781 -29.72771
v -6.84887 1.24472 -29.73294
v -6.84887 1.19367 -29.74843
v -6.84887 1.14662 -29.77358
v -6.84887 1.10537 -29.80742
v -6.84887 1.07153 -29.84867
v -6.84887 1.04638 -29.89572
v -6.84887 1.03089 -29.94677
v -6.84887 1.02566 -29.99986
v -6.84887 1.03089 -30.05296
v -6.84887 1.04638 -30.10401
v -6.84887 1.07153 -30.15106
v -6.84887 1.10537 -30.19231
v -6.84887 1.14662 -30.22615
v -6.84887 1.19367 -30.25130
v -6.84887 1.24472 -30.26679
v -6.84887 1.29782 -30.27202
v -6.84887 1.35091 -30.26679
v -6.84887 1.40196 -30.25130
v -6.84887 1.44901 -30.22615
v -6.84887 1.49026 -30.19231
v -6.84887 1.52410 -30.15106
v -6.84887 1.54925 -30.10401
v -6.84887 1.56474 -30.05296
v -6.84887 1.56997 -29.99986
v -6.84887 1.56474 -29.94677
v -6.84887 1.54925 -29.89572
v -6.84887 1.52410 -29.84866
v -6.84887 1.49026 -29.80742
v -6.84887 1.44901 -29.77358
v -6.84887 1.40196 -29.74843
v -6.84887 1.35091 -29.73294
v -7.04110 1.20262 -29.58536
v -7.04110 1.28507 -29.57724
v -7.04110 1.12334 -29.60941
v -7.04110 1.05028 -29.64846
v -7.04110 0.98623 -29.70102
v -7.04110 0.93367 -29.76506
v -7.04110 0.89462 -29.83813
v -7.04110 0.87057 -29.91741
v -7.04110 0.86245 -29.99986
v -7.04110 0.87057 -30.08232
v -7.04110 0.89462 -30.16160
v -7.04110 0.93367 -30.23466
v -7.04110 0.98623 -30.29871
v -7.04110 1.05028 -30.35127
v -7.04110 1.12334 -30.39032
v -7.04110 1.20262 -30.41437
v -7.04110 1.28507 -30.42249
v -7.04110 1.36753 -30.41437
v -7.04110 1.44681 -30.39032
v -7.04110 1.51987 -30.35127
v -7.04110 1.58392 -30.29871
v -7.04110 1.63648 -30.23466
v -7.04110 1.67553 -30.16160
v -7.04110 1.69958 -30.08231
v -7.04110 1.70770 -29.99986
v -7.04110 1.69958 -29.91741
v -7.04110 1.67553 -29.83813
v -7.04110 1.63648 -29.76506
v -7.04110 1.58392 -29.70102
v -7.04110 1.51987 -29.64846
v -7.04110 1.44681 -29.60941
v -7.04110 1.36752 -29.58536
v -3.08794 1.33363 -29.60421
v -4.63873 1.33363 -29.60421
v -3.08794 1.25644 -29.61181
v -4.63873 1.25644 -29.61181
v -3.08794 1.18222 -29.63433
v -4.63873 1.18222 -29.63433
v -3.08794 1.11382 -29.67089
v -4.63873 1.11382 -29.67089
v -3.08794 1.05386 -29.72009
v -4.63873 1.05386 -29.72009
v -3.08794 1.00466 -29.78005
v -4.63873 1.00466 -29.78005
v -3.08794 0.96809 -29.84845
v -4.63873 0.96809 -29.84845
v -3.08794 0.94558 -29.92268
v -4.63873 0.94558 -29.92268
v -3.08794 0.93798 -29.99986
v -4.63873 0.93798 -29.99986
v -3.08794 0.94558 -30.07705
v -4.63873 0.94558 -30.07705
v -3.08794 0.96809 -30.15128
v -4.63873 0.96809 -30.15128
v -3.08794 1.00466 -30.21968
v -4.63873 1.00466 -30.21968
v -3.08794 1.05386 -30.27964
v -4.63873 1.05386 -30.27964
v -3.08794 1.11382 -30.32884
v -4.63873 1.11382 -30.32884
v -3.08794 1.18222 -30.36540
v -4.63873 1.18222 -30.36540
v -3.08794 1.25644 -30.38792
v -4.63873 1.25644 -30.38792
v -3.08794 1.33363 -30.39552
v -4.63873 1.33363 -30.39552
v -3.08794 1.41082 -30.38792
v -4.63873 1.41082 -30.38792
v -3.08794 1.48504 -30.36540
v -4.63873 1.48504 -30.36540
v -3.08794 1.55345 -30.32884
v -4.63873 1.55345 -30.32884
v -3.08794 1.61340 -30.27964
v -4.63873 1.61341 -30.27964
v -3.08794 1.66261 -30.21968
v -4.63873 1.66261 -30.21968
v -3.08794 1.69917 -30.15128
v -4.63873 1.69917 -30.15128
v -3.08794 1.72169 -30.07705
v -4.63873 1.72169 -30.07705
v -3.08794 1.72929 -29.99986
v -4.63873 1.72929 -29.99986
v -3.08794 1.72169 -29.92268
v -4.63873 1.72169 -29.92267
v -3.08794 1.69917 -29.84845
v -4.63873 1.69917 -29.84845
v -3.08794 1.66261 -29.78005
v -4.63873 1.66261 -29.78005
v -3.08794 1.61340 -29.72009
v -4.63873 1.61340 -29.72009
v -3.08794 1.55345 -29.67089
v -4.63873 1.55345 -29.67089
v -3.08794 1.48504 -29.63433
v -4.63873 1.48504 -29.63433
v -3.08794 1.41082 -29.61181
v -4.63873 1.41082 -29.61181
v -3.42855 1.33363 -29.60421
v -3.42855 1.25644 -29.61181
v -3.42855 1.18222 -29.63433
v -3.42855 1.11382 -29.67089
v -3.42855 1.05386 -29.72009
v -3.42855 1.00466 -29.78005
v -3.42855 0.96809 -29.84845
v -3.42855 0.94558 -29.92268
v -3.42855 0.93798 -29.99986
v -3.42855 0.94558 -30.07705
v -3.42855 0.96809 -30.15128
v -3.42855 1.00466 -30.21968
v -3.42855 1.05386 -30.27964
v -3.42855 1.11382 -30.32884
v -3.42855 1.18222 -30.36540
v -3.42855 1.25644 -30.38792
v -3.42855 1.33363 -30.39552
v -3.42855 1.41082 -30.38792
v -3.42855 1.48504 -30.36540
v -3.42855 1.55345 -30.32884
v -3.42855 1.61340 -30.27964
v -3.42855 1.66261 -30.21968
v -3.42855 1.69917 -30.15128
v -3.42855 1.72169 -30.07705
v -3.42855 1.72929 -29.99986
v -3.42855 1.72169 -29.92268
v -3.42855 1.69917 -29.84845
v -3.42855 1.66261 -29.78005
v -3.42855 1.61340 -29.72009
v -3.42855 1.55345 -29.67089
v -3.42855 1.48504 -29.63433
v -3.42855 1.41082 -29.61181
v -3.45564 1.33363 -29.67236
v -3.45564 1.26974 -29.67866
v -3.45564 1.20830 -29.69730
v -3.45564 1.15169 -29.72756
v -3.45564 1.10206 -29.76829
v -3.45564 1.06133 -29.81792
v -3.45564 1.03106 -29.87454
v -3.45564 1.01243 -29.93597
v -3.45564 1.00613 -29.99986
v -3.45564 1.01243 -30.06376
v -3.45564 1.03106 -30.12519
v -3.45564 1.06133 -30.18181
v -3.45564 1.10206 -30.23144
v -3.45564 1.15169 -30.27217
v -3.45564 1.20830 -30.30243
v -3.45564 1.26974 -30.32107
v -3.45564 1.33363 -30.32736
v -3.45564 1.39752 -30.32107
v -3.45564 1.45896 -30.30243
v -3.45564 1.51558 -30.27217
v -3.45564 1.56521 -30.23144
v -3.45564 1.60594 -30.18181
v -3.45564 1.63620 -30.12519
v -3.45564 1.65484 -30.06376
v -3.45564 1.66113 -29.99986
v -3.45564 1.65484 -29.93597
v -3.45564 1.63620 -29.87454
v -3.45564 1.60594 -29.81791
v -3.45564 1.56521 -29.76829
v -3.45564 1.51558 -29.72756
v -3.45564 1.45896 -29.69730
v -3.45564 1.39752 -29.67866
v -3.56026 1.33363 -29.67236
v -3.56026 1.26974 -29.67866
v -3.56026 1.20830 -29.69730
v -3.56026 1.15169 -29.72756
v -3.56026 1.10206 -29.76829
v -3.56026 1.06133 -29.81792
v -3.56026 1.03106 -29.87454
v -3.56026 1.01243 -29.93597
v -3.56026 1.00613 -29.99986
v -3.56026 1.01243 -30.06376
v -3.56026 1.03106 -30.12519
v -3.56026 1.06133 -30.18181
v -3.56026 1.10206 -30.23144
v -3.56026 1.15169 -30.27217
v -3.56026 1.20830 -30.30243
v -3.56026 1.26974 -30.32107
v -3.56026 1.33363 -30.32736
v -3.56026 1.39752 -30.32107
v -3.56026 1.45896 -30.30243
v -3.56026 1.51558 -30.27217
v -3.56026 1.56521 -30.23144
v -3.56026 1.60594 -30.18181
v -3.56026 1.63620 -30.12519
v -3.56026 1.65484 -30.06376
v -3.56026 1.66113 -29.99986
v -3.56026 1.65484 -29.93597
v -3.56026 1.63620 -29.87454
v -3.56026 1.60594 -29.81791
v -3.56026 1.56521 -29.76829
v -3.56026 1.51558 -29.72756
v -3.56026 1.45896 -29.69729
v -3.56026 1.39752 -29.67866
v -3.61831 1.33363 -29.54521
v -3.61831 1.24493 -29.55395
v -3.61831 1.15965 -29.57982
v -3.61831 1.08104 -29.62183
v -3.61831 1.01215 -29.67837
v -3.61831 0.95560 -29.74727
v -3.61831 0.91359 -29.82588
v -3.61831 0.88772 -29.91117
v -3.61831 0.87898 -29.99986
v -3.61831 0.88772 -30.08856
v -3.61831 0.91359 -30.17385
v -3.61831 0.95560 -30.25246
v -3.61831 1.01215 -30.32135
v -3.61831 1.08104 -30.37789
v -3.61831 1.15965 -30.41991
v -3.61831 1.24493 -30.44578
v -3.61831 1.33363 -30.45452
v -3.61831 1.42233 -30.44578
v -3.61831 1.50762 -30.41991
v -3.61831 1.58623 -30.37789
v -3.61831 1.65512 -30.32135
v -3.61831 1.71166 -30.25246
v -3.61831 1.75368 -30.17385
v -3.61831 1.77955 -30.08856
v -3.61831 1.78829 -29.99986
v -3.61831 1.77955 -29.91117
v -3.61831 1.75368 -29.82588
v -3.61831 1.71166 -29.74727
v -3.61831 1.65512 -29.67837
v -3.61831 1.58622 -29.62183
v -3.61831 1.50762 -29.57982
v -3.61831 1.42233 -29.55395
v -4.12852 1.33363 -29.54521
v -4.12852 1.24493 -29.55395
v -4.12852 1.15965 -29.57982
v -4.12852 1.08104 -29.62183
v -4.12852 1.01215 -29.67837
v -4.12852 0.95560 -29.74727
v -4.12852 0.91359 -29.82588
v -4.12852 0.88772 -29.91117
v -4.12852 0.87898 -29.99986
v -4.12852 0.88772 -30.08856
v -4.12852 0.91359 -30.17385
v -4.12852 0.95560 -30.25246
v -4.12852 1.01215 -30.32135
v -4.12852 1.08104 -30.37789
v -4.12852 1.15965 -30.41991
v -4.12852 1.24493 -30.44578
v -4.12852 1.33363 -30.45452
v -4.12852 1.42233 -30.44578
v -4.12852 1.50762 -30.41991
v -4.12852 1.58623 -30.37789
v -4.12852 1.65512 -30.32135
v -4.12852 1.71166 -30.25246
v -4.12852 1.75368 -30.17385
v -4.12852 1.77955 -30.08856
v -4.12852 1.78829 -29.99986
v -4.12852 1.77955 -29.91117
v -4.12852 1.75368 -29.82588
v -4.12852 1.71166 -29.74727
v -4.12852 1.65512 -29.67837
v -4.12852 1.58622 -29.62183
v -4.12852 1.50762 -29.57982
v -4.12852 1.42233 -29.55395
v -4.17674 1.33363 -29.60421
v -4.17674 1.25644 -29.61181
v -4.17674 1.18222 -29.63433
v -4.17674 1.11382 -29.67089
v -4.17674 1.05386 -29.72009
v -4.17674 1.00466 -29.78005
v -4.17674 0.96809 -29.84845
v -4.17674 0.94558 -29.92268
v -4.17674 0.93798 -29.99986
v -4.17674 0.94558 -30.07705
v -4.17674 0.96809 -30.15128
v -4.17674 1.00466 -30.21968
v -4.17674 1.05386 -30.27964
v -4.17674 1.11382 -30.32884
v -4.17674 1.18222 -30.36540
v -4.17674 1.25644 -30.38792
v -4.17674 1.33363 -30.39552
v -4.17674 1.41082 -30.38792
v -4.17674 1.48504 -30.36540
v -4.17674 1.55345 -30.32884
v -4.17674 1.61340 -30.27964
v -4.17674 1.66261 -30.21968
v -4.17674 1.69917 -30.15128
v -4.17674 1.72169 -30.07705
v -4.17674 1.72929 -29.99986
v -4.17674 1.72169 -29.92268
v -4.17674 1.69917 -29.84845
v -4.17674 1.66261 -29.78005
v -4.17674 1.61340 -29.72009
v -4.17674 1.55345 -29.67089
v -4.17674 1.48504 -29.63433
v -4.17674 1.41082 -29.61181
v -3.89326 1.68591 -29.80108
v -3.89326 2.02361 -29.80108
v -3.93205 1.68591 -29.80490
v -3.93205 2.02361 -29.80490
v -3.96935 1.68591 -29.81622
v -3.96935 2.02361 -29.81622
v -4.00373 1.68591 -29.83459
v -4.00373 2.02361 -29.83459
v -4.03386 1.68591 -29.85932
v -4.03386 2.02361 -29.85932
v -4.05858 1.68591 -29.88945
v -4.05858 2.02361 -29.88945
v -4.07696 1.68591 -29.92382
v -4.07696 2.02361 -29.92382
v -4.08827 1.68591 -29.96112
v -4.08827 2.02361 -29.96112
v -4.09209 1.68591 -29.99991
v -4.09209 2.02361 -29.99991
v -4.08827 1.68591 -30.03870
v -4.08827 2.02361 -30.03870
v -4.07696 1.68591 -30.07600
v -4.07696 2.02361 -30.07600
v -4.05858 1.68591 -30.11037
v -4.05858 2.02361 -30.11037
v -4.03386 1.68591 -30.14050
v -4.03386 2.02361 -30.14050
v -4.00373 1.68591 -30.16523
v -4.00373 2.02361 -30.16523
v -3.96935 1.68591 -30.18360
v -3.96935 2.02361 -30.18360
v -3.93205 1.68591 -30.19492
v -3.93205 2.02361 -30.19492
v -3.89326 1.68591 -30.19874
v -3.89326 2.02361 -30.19874
v -3.85447 1.68591 -30.19492
v -3.85447 2.02361 -30.19492
v -3.81718 1.68591 -30.18360
v -3.81718 2.02361 -30.18360
v -3.78280 1.68591 -30.16523
v -3.78280 2.02361 -30.16523
v -3.75267 1.68591 -30.14050
v -3.75267 2.02361 -30.14050
v -3.72795 1.68591 -30.11037
v -3.72795 2.02361 -30.11037
v -3.70957 1.68591 -30.07600
v -3.70957 2.02361 -30.07600
v -3.69826 1.68591 -30.03870
v -3.69826 2.02361 -30.03870
v -3.69444 1.68591 -29.99991
v -3.69444 2.02361 -29.99991
v -3.69826 1.68591 -29.96112
v -3.69826 2.02361 -29.96112
v -3.70957 1.68591 -29.92382
v -3.70957 2.02361 -29.92382
v -3.72795 1.68591 -29.88945
v -3.72795 2.02361 -29.88945
v -3.75267 1.68591 -29.85932
v -3.75267 2.02361 -29.85932
v -3.78280 1.68591 -29.83459
v -3.78280 2.02361 -29.83459
v -3.81718 1.68591 -29.81622
v -3.81718 2.02361 -29.81622
v -3.85447 1.68591 -29.80490
v -3.85447 2.02361 -29.80490
v -4.93112 -1.02493 -30.04296
v -4.90158 -0.38026 -30.04296
v -4.93112 -1.02493 -29.95680
v -4.90158 -0.38026 -29.95680
v -4.99709 -1.02493 -30.04296
v -5.21469 -0.38026 -30.04296
v -4.99709 -1.02493 -29.95680
v -5.21469 -0.38026 -29.95680
v -5.04306 -0.91749 -30.04296
v -5.09321 -0.81004 -30.04296
v -5.08783 -0.70260 -30.04296
v -5.06097 -0.59515 -30.04296
v -4.90158 -0.48770 -30.04296
v -4.90158 -0.48770 -29.95680
v -5.06097 -0.59515 -29.95680
v -5.08783 -0.70260 -29.95680
v -5.09321 -0.81004 -29.95680
v -5.04306 -0.91749 -29.95680
v -5.21469 -0.48770 -29.95680
v -5.12783 -0.59515 -29.95680
v -5.15738 -0.70260 -29.95680
v -5.16365 -0.81004 -29.95680
v -5.11888 -0.91749 -29.95680
v -5.21469 -0.48770 -30.04296
v -5.12783 -0.59515 -30.04296
v -5.15738 -0.70260 -30.04296
v -5.16365 -0.81004 -30.04296
v -5.11888 -0.91749 -30.04296
vt 0.55015 0.00000
vt 0.62500 0.00000
vt 0.62500 0.25000
vt 0.55015 0.25000
vt 0.55015 0.45978
vt 0.62500 0.45978
vt 0.62500 0.50000
vt 0.55015 0.50000
vt 0.62500 0.75000
vt 0.55015 0.75000
vt 0.55015 0.87149
vt 0.62500 0.87149
vt 0.62500 1.00000
vt 0.55015 1.00000
vt 0.33478 0.50000
vt 0.37500 0.50000
vt 0.37500 0.75000
vt 0.33478 0.75000
vt 0.74649 0.50000
vt 0.87500 0.50000
vt 0.87500 0.75000
vt 0.74649 0.75000
vt 0.66522 0.50000
vt 0.70545 0.50000
vt 0.70545 0.75000
vt 0.66522 0.75000
vt 0.27693 0.50000
vt 0.29455 0.50000
vt 0.29455 0.75000
vt 0.27693 0.75000
vt 0.55015 0.79022
vt 0.62500 0.79022
vt 0.62500 0.83045
vt 0.55015 0.83045
vt 0.55015 0.40193
vt 0.62500 0.40193
vt 0.62500 0.41955
vt 0.55015 0.41955
vt 0.62500 0.37851
vt 0.55015 0.37851
vt 0.12500 0.50000
vt 0.25351 0.50000
vt 0.25351 0.75000
vt 0.12500 0.75000
vt 0.72307 0.50000
vt 0.72307 0.75000
vt 0.55015 0.84807
vt 0.62500 0.84807
vt 0.49701 0.37851
vt 0.54266 0.37851
vt 0.54266 0.40193
vt 0.49701 0.40193
vt 0.49701 0.83045
vt 0.54266 0.83045
vt 0.54266 0.84807
vt 0.49701 0.84807
vt 0.54266 0.87149
vt 0.49701 0.87149
vt 0.49701 0.25000
vt 0.54266 0.25000
vt 0.49701 0.41955
vt 0.54266 0.41955
vt 0.54266 0.45978
vt 0.49701 0.45978
vt 0.49701 0.75000
vt 0.54266 0.75000
vt 0.54266 0.79022
vt 0.49701 0.79022
vt 0.54266 1.00000
vt 0.49701 1.00000
vt 0.49701 0.50000
vt 0.54266 0.50000
vt 0.49701 0.00000
vt 0.54266 0.00000
vt 0.38557 0.00000
vt 0.38557 0.25000
vt 0.38557 0.45978
vt 0.38557 0.50000
vt 0.38557 0.75000
vt 0.38557 0.87149
vt 0.38557 1.00000
vt 0.38557 0.79022
vt 0.38557 0.83045
vt 0.38557 0.40193
vt 0.38557 0.41955
vt 0.38557 0.37851
vt 0.38557 0.84807
vt 0.37500 0.37851
vt 0.38144 0.37851
vt 0.38144 0.40193
vt 0.37500 0.40193
vt 0.37500 0.83045
vt 0.38144 0.83045
vt 0.38144 0.84807
vt 0.37500 0.84807
vt 0.38144 0.87149
vt 0.37500 0.87149
vt 0.37500 0.25000
vt 0.38144 0.25000
vt 0.37500 0.41955
vt 0.38144 0.41955
vt 0.38144 0.45978
vt 0.37500 0.45978
vt 0.38144 0.75000
vt 0.38144 0.79022
vt 0.37500 0.79022
vt 0.38144 1.00000
vt 0.37500 1.00000
vt 0.38144 0.50000
vt 0.37500 0.00000
vt 0.38144 0.00000
vt 0.37500 0.00000
vt 0.62500 0.00000
vt 0.62500 0.25000
vt 0.37500 0.25000
vt 0.45986 0.25000
vt 0.62500 0.25000
vt 0.62500 0.50000
vt 0.45986 0.50000
vt 0.62500 0.75000
vt 0.45986 0.75000
vt 0.37500 0.75000
vt 0.62500 0.75000
vt 0.62500 1.00000
vt 0.37500 1.00000
vt 0.20986 0.50000
vt 0.37500 0.50000
vt 0.37500 0.75000
vt 0.20986 0.75000
vt 0.70986 0.50000
vt 0.87500 0.50000
vt 0.87500 0.75000
vt 0.70986 0.75000
vt 0.62500 0.50000
vt 0.12500 0.50000
vt 0.12500 0.75000
vt 0.37500 0.50000
vt 0.37500 0.25000
vt 0.58065 0.00000
vt 0.62500 0.00000
vt 0.62500 0.25000
vt 0.58065 0.25000
vt 0.62500 0.50000
vt 0.58065 0.50000
vt 0.62500 0.75000
vt 0.58065 0.75000
vt 0.62500 1.00000
vt 0.58065 1.00000
vt 0.12500 0.50000
vt 0.37500 0.50000
vt 0.37500 0.75000
vt 0.12500 0.75000
vt 0.87500 0.50000
vt 0.87500 0.75000
vt 0.49295 0.75000
vt 0.52399 0.75000
vt 0.52399 1.00000
vt 0.49295 1.00000
vt 0.49295 0.50000
vt 0.52399 0.50000
vt 0.49295 0.25000
vt 0.52399 0.25000
vt 0.49295 0.00000
vt 0.52399 0.00000
vt 0.53630 0.75000
vt 0.53630 1.00000
vt 0.53630 0.50000
vt 0.53630 0.25000
vt 0.53630 0.00000
vt 0.37500 0.00000
vt 0.37500 0.25000
vt 0.49295 0.75000
vt 0.37500 0.75000
vt 0.37500 0.75000
vt 0.49295 0.75000
vt 0.37500 1.00000
vt 0.37500 0.50000
vt 0.49295 0.50000
vt 0.37500 0.50000
vt 0.49295 0.75000
vt 0.49295 0.75000
vt 0.49295 0.75000
vt 0.49295 0.75000
vt 0.49295 0.50000
vt 0.37500 0.50000
vt 0.49295 0.50000
vt 0.49295 0.50000
vt 0.37500 0.50000
vt 0.49295 0.75000
vt 0.49295 0.75000
vt 0.37500 0.75000
vt 0.37500 0.75000
vt 0.49295 0.50000
vt 0.37500 0.50000
vt 0.49295 0.75000
vt 0.37500 0.75000
vt 0.49295 0.50000
vt 0.49295 0.50000
vt 0.49295 0.75000
vt 0.49295 0.75000
vt 0.49295 0.75000
vt 0.49295 0.75000
vt 0.49295 0.50000
vt 0.49295 0.50000
vt 0.49295 0.50000
vt 0.49295 0.50000
vt 0.49295 0.50000
vt 0.49295 0.50000
vt 0.49295 0.75000
vt 0.37500 0.50000
vt 0.49295 0.50000
vt 0.49295 0.75000
vt 0.37500 0.75000
vt 0.49295 0.75000
vt 0.49295 0.75000
vt 0.49295 0.75000
vt 0.49295 0.50000
vt 0.49295 0.50000
vt 0.49295 0.50000
vt 0.49295 0.50000
vt 0.49295 0.50000
vt 0.49295 0.75000
vt 0.49295 0.75000
vt 0.49295 0.50000
vt 0.49295 0.50000
vt 0.49295 0.50000
vt 0.49295 0.75000
vt 0.49295 0.75000
vt 0.49295 0.75000
vt 0.49295 0.75000
vt 0.49295 0.50000
vt 0.49295 0.50000
vt 0.49295 0.75000
vt 0.49295 0.50000
vt 0.49295 0.50000
vt 0.49295 0.75000
vt 0.49295 0.75000
vt 0.49295 0.50000
vt 0.49295 0.50000
vt 0.49295 0.75000
vt 0.55773 0.75000
vt 0.55773 1.00000
vt 0.55773 0.50000
vt 0.55773 0.25000
vt 0.55773 0.00000
vt 0.53630 1.00000
vt 0.55773 1.00000
vt 0.55773 1.00000
vt 0.53630 1.00000
vt 0.55773 1.00000
vt 0.53630 1.00000
vt 0.53630 0.25000
vt 0.53630 0.00000
vt 0.53630 0.00000
vt 0.53630 0.25000
vt 0.55773 0.25000
vt 0.55773 0.25000
vt 0.55773 0.00000
vt 0.55773 0.00000
vt 0.55773 0.25000
vt 0.53630 0.25000
vt 0.53630 0.25000
vt 0.55773 0.25000
vt 0.53630 0.25000
vt 0.55773 0.25000
vt 0.55773 0.00000
vt 0.53630 0.00000
vt 0.55773 0.00000
vt 0.55773 0.25000
vt 0.55773 0.00000
vt 0.55773 0.00000
vt 0.53630 0.00000
vt 0.53630 0.00000
vt 0.53630 1.00000
vt 0.55773 1.00000
vt 0.55773 1.00000
vt 0.53630 1.00000
vt 0.55773 0.25000
vt 0.55773 0.00000
vt 0.53630 0.00000
vt 0.53630 0.25000
vt 0.55773 1.00000
vt 0.53630 1.00000
vt 0.53630 0.25000
vt 0.53630 0.00000
vt 0.53630 0.00000
vt 0.53630 0.25000
vt 0.53630 0.00000
vt 0.53630 0.25000
vt 0.55773 1.00000
vt 0.53630 1.00000
vt 0.55773 0.00000
vt 0.55773 0.25000
vt 0.53630 1.00000
vt 0.55773 1.00000
vt 0.55773 1.00000
vt 0.53630 1.00000
vt 0.55773 0.25000
vt 0.55773 0.00000
vt 0.37500 0.00000
vt 0.62500 0.00000
vt 0.62500 0.25000
vt 0.37500 0.25000
vt 0.62500 0.50000
vt 0.37500 0.50000
vt 0.62500 0.75000
vt 0.37500 0.75000
vt 0.62500 1.00000
vt 0.37500 1.00000
vt 0.12500 0.50000
vt 0.12500 0.75000
vt 0.87500 0.50000
vt 0.87500 0.75000
vt 1.00000 0.50000
vt 1.00000 1.00000
vt 0.96875 1.00000
vt 0.96875 0.50000
vt 0.93750 1.00000
vt 0.93750 0.50000
vt 0.90625 1.00000
vt 0.90625 0.50000
vt 0.87500 1.00000
vt 0.87500 0.50000
vt 0.84375 1.00000
vt 0.84375 0.50000
vt 0.81250 1.00000
vt 0.81250 0.50000
vt 0.78125 1.00000
vt 0.78125 0.50000
vt 0.75000 1.00000
vt 0.75000 0.50000
vt 0.71875 1.00000
vt 0.71875 0.50000
vt 0.68750 1.00000
vt 0.68750 0.50000
vt 0.65625 1.00000
vt 0.65625 0.50000
vt 0.62500 1.00000
vt 0.62500 0.50000
vt 0.59375 1.00000
vt 0.59375 0.50000
vt 0.56250 1.00000
vt 0.56250 0.50000
vt 0.53125 1.00000
vt 0.53125 0.50000
vt 0.50000 1.00000
vt 0.50000 0.50000
vt 0.46875 1.00000
vt 0.46875 0.50000
vt 0.43750 1.00000
vt 0.43750 0.50000
vt 0.40625 1.00000
vt 0.40625 0.50000
vt 0.37500 1.00000
vt 0.37500 0.50000
vt 0.34375 1.00000
vt 0.34375 0.50000
vt 0.31250 1.00000
vt 0.31250 0.50000
vt 0.28125 1.00000
vt 0.28125 0.50000
vt 0.25000 1.00000
vt 0.25000 0.50000
vt 0.21875 1.00000
vt 0.21875 0.50000
vt 0.18750 1.00000
vt 0.18750 0.50000
vt 0.15625 1.00000
vt 0.15625 0.50000
vt 0.12500 1.00000
vt 0.12500 0.50000
vt 0.09375 1.00000
vt 0.09375 0.50000
vt 0.06250 1.00000
vt 0.06250 0.50000
vt 0.29682 0.48539
vt 0.25000 0.49000
vt 0.20318 0.48539
vt 0.15816 0.47173
vt 0.11666 0.44955
vt 0.08030 0.41971
vt 0.05045 0.38334
vt 0.02827 0.34184
vt 0.01461 0.29682
vt 0.01000 0.25000
vt 0.01461 0.20318
vt 0.02827 0.15816
vt 0.05045 0.11666
vt 0.08029 0.08029
vt 0.11666 0.05045
vt 0.15816 0.02827
vt 0.20318 0.01461
vt 0.25000 0.01000
vt 0.29682 0.01461
vt 0.34184 0.02827
vt 0.38334 0.05045
vt 0.41971 0.08029
vt 0.44955 0.11666
vt 0.47173 0.15816
vt 0.48539 0.20318
vt 0.49000 0.25000
vt 0.48539 0.29682
vt 0.47173 0.34184
vt 0.44955 0.38334
vt 0.41971 0.41971
vt 0.38334 0.44955
vt 0.34184 0.47173
vt 0.03125 1.00000
vt 0.03125 0.50000
vt 0.00000 1.00000
vt 0.00000 0.50000
vt 0.75000 0.49000
vt 0.79682 0.48539
vt 0.84184 0.47173
vt 0.88334 0.44955
vt 0.91971 0.41971
vt 0.94955 0.38334
vt 0.97173 0.34184
vt 0.98539 0.29682
vt 0.99000 0.25000
vt 0.98539 0.20318
vt 0.97173 0.15816
vt 0.94955 0.11666
vt 0.91971 0.08029
vt 0.88334 0.05045
vt 0.84184 0.02827
vt 0.79682 0.01461
vt 0.75000 0.01000
vt 0.70318 0.01461
vt 0.65816 0.02827
vt 0.61666 0.05045
vt 0.58029 0.08029
vt 0.55045 0.11666
vt 0.52827 0.15816
vt 0.51461 0.20318
vt 0.51000 0.25000
vt 0.51461 0.29682
vt 0.52827 0.34184
vt 0.55045 0.38334
vt 0.58030 0.41971
vt 0.61666 0.44955
vt 0.65816 0.47173
vt 0.70318 0.48539
vt 1.00000 0.50000
vt 1.00000 1.00000
vt 0.96875 1.00000
vt 0.96875 0.50000
vt 0.93750 1.00000
vt 0.93750 0.50000
vt 0.90625 1.00000
vt 0.90625 0.50000
vt 0.87500 1.00000
vt 0.87500 0.50000
vt 0.84375 1.00000
vt 0.84375 0.50000
vt 0.81250 1.00000
vt 0.81250 0.50000
vt 0.78125 1.00000
vt 0.78125 0.50000
vt 0.75000 1.00000
vt 0.75000 0.50000
vt 0.71875 1.00000
vt 0.71875 0.50000
vt 0.68750 1.00000
vt 0.68750 0.50000
vt 0.65625 1.00000
vt 0.65625 0.50000
vt 0.62500 1.00000
vt 0.62500 0.50000
vt 0.59375 1.00000
vt 0.59375 0.50000
vt 0.56250 1.00000
vt 0.56250 0.50000
vt 0.53125 1.00000
vt 0.53125 0.50000
vt 0.50000 1.00000
vt 0.50000 0.50000
vt 0.46875 1.00000
vt 0.46875 0.50000
vt 0.43750 1.00000
vt 0.43750 0.50000
vt 0.40625 1.00000
vt 0.40625 0.50000
vt 0.37500 1.00000
vt 0.37500 0.50000
vt 0.34375 1.00000
vt 0.34375 0.50000
vt 0.31250 1.00000
vt 0.31250 0.50000
vt 0.28125 1.00000
vt 0.28125 0.50000
vt 0.25000 1.00000
vt 0.25000 0.50000
vt 0.21875 1.00000
vt 0.21875 0.50000
vt 0.18750 1.00000
vt 0.18750 0.50000
vt 0.15625 1.00000
vt 0.15625 0.50000
vt 0.12500 1.00000
vt 0.12500 0.50000
vt 0.09375 1.00000
vt 0.09375 0.50000
vt 0.06250 1.00000
vt 0.06250 0.50000
vt 0.29682 0.48539
vt 0.25000 0.49000
vt 0.20318 0.48539
vt 0.15816 0.47173
vt 0.11666 0.44955
vt 0.08030 0.41971
vt 0.05045 0.38334
vt 0.02827 0.34184
vt 0.01461 0.29682
vt 0.01000 0.25000
vt 0.01461 0.20318
vt 0.02827 0.15816
vt 0.05045 0.11666
vt 0.08029 0.08029
vt 0.11666 0.05045
vt 0.15816 0.02827
vt 0.20318 0.01461
vt 0.25000 0.01000
vt 0.29682 0.01461
vt 0.34184 0.02827
vt 0.38334 0.05045
vt 0.41971 0.08029
vt 0.44955 0.11666
vt 0.47173 0.15816
vt 0.48539 0.20318
vt 0.49000 0.25000
vt 0.48539 0.29682
vt 0.47173 0.34184
vt 0.44955 0.38334
vt 0.41971 0.41971
vt 0.38334 0.44955
vt 0.34184 0.47173
vt 0.03125 1.00000
vt 0.03125 0.50000
vt 0.00000 1.00000
vt 0.00000 0.50000
vt 0.75000 0.49000
vt 0.79682 0.48539
vt 0.84184 0.47173
vt 0.88334 0.44955
vt 0.91971 0.41971
vt 0.94955 0.38334
vt 0.97173 0.34184
vt 0.98539 0.29682
vt 0.99000 0.25000
vt 0.98539 0.20318
vt 0.97173 0.15816
vt 0.94955 0.11666
vt 0.91971 0.08029
vt 0.88334 0.05045
vt 0.84184 0.02827
vt 0.79682 0.01461
vt 0.75000 0.01000
vt 0.70318 0.01461
vt 0.65816 0.02827
vt 0.61666 0.05045
vt 0.58029 0.08029
vt 0.55045 0.11666
vt 0.52827 0.15816
vt 0.51461 0.20318
vt 0.51000 0.25000
vt 0.51461 0.29682
vt 0.52827 0.34184
vt 0.55045 0.38334
vt 0.58030 0.41971
vt 0.61666 0.44955
vt 0.65816 0.47173
vt 0.70318 0.48539
vt 1.00000 0.50000
vt 1.00000 1.00000
vt 0.96875 1.00000
vt 0.96875 0.50000
vt 0.93750 1.00000
vt 0.93750 0.50000
vt 0.90625 1.00000
vt 0.90625 0.50000
vt 0.87500 1.00000
vt 0.87500 0.50000
vt 0.84375 1.00000
vt 0.84375 0.50000
vt 0.81250 1.00000
vt 0.81250 0.50000
vt 0.78125 1.00000
vt 0.78125 0.50000
vt 0.75000 1.00000
vt 0.75000 0.50000
vt 0.71875 1.00000
vt 0.71875 0.50000
vt 0.68750 1.00000
vt 0.68750 0.50000
vt 0.65625 1.00000
vt 0.65625 0.50000
vt 0.62500 1.00000
vt 0.62500 0.50000
vt 0.59375 1.00000
vt 0.59375 0.50000
vt 0.56250 1.00000
vt 0.56250 0.50000
vt 0.53125 1.00000
vt 0.53125 0.50000
vt 0.50000 1.00000
vt 0.50000 0.50000
vt 0.46875 1.00000
vt 0.46875 0.50000
vt 0.43750 1.00000
vt 0.43750 0.50000
vt 0.40625 1.00000
vt 0.40625 0.50000
vt 0.37500 1.00000
vt 0.37500 0.50000
vt 0.34375 1.00000
vt 0.34375 0.50000
vt 0.31250 1.00000
vt 0.31250 0.50000
vt 0.28125 1.00000
vt 0.28125 0.50000
vt 0.25000 1.00000
vt 0.25000 0.50000
vt 0.21875 1.00000
vt 0.21875 0.50000
vt 0.18750 1.00000
vt 0.18750 0.50000
vt 0.15625 1.00000
vt 0.15625 0.50000
vt 0.12500 1.00000
vt 0.12500 0.50000
vt 0.09375 1.00000
vt 0.09375 0.50000
vt 0.06250 1.00000
vt 0.06250 0.50000
vt 0.29682 0.48539
vt 0.25000 0.49000
vt 0.20318 0.48539
vt 0.15816 0.47173
vt 0.11666 0.44955
vt 0.08030 0.41971
vt 0.05045 0.38334
vt 0.02827 0.34184
vt 0.01461 0.29682
vt 0.01000 0.25000
vt 0.01461 0.20318
vt 0.02827 0.15816
vt 0.05045 0.11666
vt 0.08029 0.08029
vt 0.11666 0.05045
vt 0.15816 0.02827
vt 0.20318 0.01461
vt 0.25000 0.01000
vt 0.29682 0.01461
vt 0.34184 0.02827
vt 0.38334 0.05045
vt 0.41971 0.08029
vt 0.44955 0.11666
vt 0.47173 0.15816
vt 0.48539 0.20318
vt 0.49000 0.25000
vt 0.48539 0.29682
vt 0.47173 0.34184
vt 0.44955 0.38334
vt 0.41971 0.41971
vt 0.38334 0.44955
vt 0.34184 0.47173
vt 0.03125 1.00000
vt 0.03125 0.50000
vt 0.00000 1.00000
vt 0.00000 0.50000
vt 0.75000 0.49000
vt 0.79682 0.48539
vt 0.84184 0.47173
vt 0.88334 0.44955
vt 0.91971 0.41971
vt 0.94955 0.38334
vt 0.97173 0.34184
vt 0.98539 0.29682
vt 0.99000 0.25000
vt 0.98539 0.20318
vt 0.97173 0.15816
vt 0.94955 0.11666
vt 0.91971 0.08029
vt 0.88334 0.05045
vt 0.84184 0.02827
vt 0.79682 0.01461
vt 0.75000 0.01000
vt 0.70318 0.01461
vt 0.65816 0.02827
vt 0.61666 0.05045
vt 0.58029 0.08029
vt 0.55045 0.11666
vt 0.52827 0.15816
vt 0.51461 0.20318
vt 0.51000 0.25000
vt 0.51461 0.29682
vt 0.52827 0.34184
vt 0.55045 0.38334
vt 0.58030 0.41971
vt 0.61666 0.44955
vt 0.65816 0.47173
vt 0.70318 0.48539
vt 0.53290 0.00000
vt 0.62500 0.00000
vt 0.62500 0.25000
vt 0.53290 0.25000
vt 0.53290 0.34125
vt 0.62500 0.34125
vt 0.62500 0.50000
vt 0.53290 0.50000
vt 0.62500 0.75000
vt 0.53290 0.75000
vt 0.53290 0.97282
vt 0.62500 0.97282
vt 0.62500 1.00000
vt 0.53290 1.00000
vt 0.21625 0.50000
vt 0.37500 0.50000
vt 0.37500 0.75000
vt 0.21625 0.75000
vt 0.62500 0.27718
vt 0.62500 0.25000
vt 0.62500 0.27718
vt 0.37500 0.97282
vt 0.50000 0.97282
vt 0.50000 1.00000
vt 0.37500 1.00000
vt 0.50000 0.50000
vt 0.50000 0.75000
vt 0.37500 0.34125
vt 0.50000 0.34125
vt 0.37500 0.00000
vt 0.50000 0.00000
vt 0.50000 0.25000
vt 0.37500 0.25000
vt 0.50000 0.31856
vt 0.53290 0.31856
vt 0.53290 0.90875
vt 0.50000 0.90875
vt 0.37500 0.31856
vt 0.37500 0.90875
vt 0.78375 0.50000
vt 0.78375 0.75000
vt 0.19356 0.50000
vt 0.19356 0.75000
vt 0.62500 0.90875
vt 0.62500 0.31856
vt 0.53290 0.27718
vt 0.62500 0.29069
vt 0.53290 0.29069
vt 0.15218 0.50000
vt 0.16569 0.50000
vt 0.16569 0.75000
vt 0.15218 0.75000
vt 0.37500 0.27718
vt 0.50000 0.27718
vt 0.50000 0.29069
vt 0.37500 0.29069
vt 0.50000 0.94447
vt 0.53290 0.94447
vt 0.53290 0.95931
vt 0.50000 0.95931
vt 0.37500 0.94447
vt 0.37500 0.95931
vt 0.83431 0.50000
vt 0.83431 0.75000
vt 0.83431 0.75000
vt 0.83431 0.50000
vt 0.62500 0.94447
vt 0.62500 0.95931
vt 0.53290 0.93144
vt 0.62500 0.93144
vt 0.80644 0.50000
vt 0.81947 0.50000
vt 0.81947 0.75000
vt 0.80644 0.75000
vt 0.37500 0.93144
vt 0.50000 0.93144
vt 0.62500 0.30553
vt 0.53290 0.30553
vt 0.18053 0.50000
vt 0.18053 0.75000
vt 0.50000 0.30553
vt 0.37500 0.30553
vt 0.62500 0.90875
vt 0.62500 0.93144
vt 0.12500 0.50000
vt 0.12500 0.75000
vt 0.84782 0.50000
vt 0.84782 0.75000
vt 0.78375 0.50000
vt 0.80644 0.50000
vt 0.80644 0.75000
vt 0.78375 0.75000
vt 0.62500 0.31856
vt 0.62500 0.34125
vt 0.81947 0.50000
vt 0.81947 0.75000
vt 0.62500 0.94447
vt 0.62500 0.95931
vt 0.62500 0.29069
vt 0.62500 0.30553
vt 0.84782 0.50000
vt 0.87500 0.50000
vt 0.87500 0.75000
vt 0.84782 0.75000
vt 0.62500 0.00000
vt 0.62500 0.97282
vt 0.62500 1.00000
vt 0.37500 0.00000
vt 0.62500 0.00000
vt 0.62500 0.25000
vt 0.37500 0.25000
vt 0.37500 0.35958
vt 0.62500 0.35958
vt 0.62500 0.50000
vt 0.37500 0.50000
vt 0.62500 0.75000
vt 0.37500 0.75000
vt 0.37500 0.89042
vt 0.62500 0.89042
vt 0.62500 1.00000
vt 0.37500 1.00000
vt 0.23458 0.50000
vt 0.23458 0.75000
vt 0.76542 0.50000
vt 0.87500 0.50000
vt 0.87500 0.75000
vt 0.76542 0.75000
vt 0.12500 0.50000
vt 0.12500 0.75000
vt 0.37500 0.00000
vt 0.62500 0.00000
vt 0.62500 0.25000
vt 0.37500 0.25000
vt 0.62500 0.50000
vt 0.37500 0.50000
vt 0.62500 0.75000
vt 0.37500 0.75000
vt 0.62500 1.00000
vt 0.37500 1.00000
vt 0.12500 0.50000
vt 0.12500 0.75000
vt 0.87500 0.50000
vt 0.87500 0.75000
vt 0.37500 0.00000
vt 0.62500 0.00000
vt 0.62500 0.25000
vt 0.37500 0.25000
vt 0.37500 0.39120
vt 0.62500 0.39120
vt 0.62500 0.50000
vt 0.37500 0.50000
vt 0.62500 0.75000
vt 0.37500 0.75000
vt 0.37500 0.92940
vt 0.62500 0.92940
vt 0.62500 1.00000
vt 0.37500 1.00000
vt 0.26620 0.50000
vt 0.26620 0.75000
vt 0.80440 0.50000
vt 0.87500 0.50000
vt 0.87500 0.75000
vt 0.80440 0.75000
vt 0.73380 0.50000
vt 0.73380 0.75000
vt 0.37500 0.90972
vt 0.37500 0.92940
vt 0.37500 0.90972
vt 0.62500 0.85880
vt 0.37500 0.85880
vt 0.37500 0.35845
vt 0.62500 0.35845
vt 0.62500 0.32060
vt 0.37500 0.32060
vt 0.12500 0.50000
vt 0.19560 0.50000
vt 0.19560 0.75000
vt 0.12500 0.75000
vt 0.78472 0.50000
vt 0.78472 0.75000
vt 0.62500 0.90972
vt 0.23345 0.50000
vt 0.26620 0.50000
vt 0.26620 0.75000
vt 0.23345 0.75000
vt 0.19560 0.50000
vt 0.19560 0.75000
vt 0.37500 0.39120
vt 0.37500 0.35845
vt 0.37500 0.34028
vt 0.37500 0.34028
vt 0.37500 0.32060
vt 0.21528 0.50000
vt 0.21528 0.75000
vt 0.37500 0.90810
vt 0.62500 0.90810
vt 0.78310 0.50000
vt 0.78310 0.75000
vt 0.62500 0.34028
vt 0.37500 0.90810
vt 0.37500 0.89983
vt 0.37500 0.89983
vt 0.77483 0.50000
vt 0.77483 0.75000
vt 0.62500 0.89983
vt 0.37500 0.34190
vt 0.37500 0.34190
vt 0.21690 0.50000
vt 0.21690 0.75000
vt 0.62500 0.34190
vt 0.62500 0.89155
vt 0.37500 0.89155
vt 0.76655 0.50000
vt 0.76655 0.75000
vt 0.37500 0.89155
vt 0.37500 0.85880
vt 0.37500 0.35017
vt 0.37500 0.35017
vt 0.37500 0.89983
vt 0.37500 0.89155
vt 0.62500 0.35017
vt 0.22517 0.50000
vt 0.22517 0.75000
vt 0.37500 0.89983
vt 0.37500 0.89155
vt 0.37500 0.35845
vt 0.37500 0.35017
vt 0.23345 0.75000
vt 0.23345 0.50000
vt 0.22517 0.50000
vt 0.22517 0.75000
vt 0.22517 0.50000
vt 0.23345 0.50000
vt 0.23345 0.75000
vt 0.22517 0.75000
vt 0.37500 0.35845
vt 0.37500 0.35017
vt 0.37500 0.00000
vt 0.62500 0.00000
vt 0.62500 0.25000
vt 0.37500 0.25000
vt 0.37500 0.44736
vt 0.62500 0.44736
vt 0.62500 0.50000
vt 0.37500 0.50000
vt 0.62500 0.75000
vt 0.37500 0.75000
vt 0.37500 0.96597
vt 0.62500 0.96597
vt 0.62500 1.00000
vt 0.37500 1.00000
vt 0.32236 0.50000
vt 0.32236 0.75000
vt 0.84097 0.50000
vt 0.87500 0.50000
vt 0.87500 0.75000
vt 0.84097 0.75000
vt 0.68849 0.50000
vt 0.82833 0.50000
vt 0.82833 0.75000
vt 0.68849 0.75000
vt 0.15903 0.50000
vt 0.17167 0.50000
vt 0.17167 0.75000
vt 0.15903 0.75000
vt 0.37500 0.81349
vt 0.62500 0.81349
vt 0.62500 0.95333
vt 0.37500 0.95333
vt 0.37500 0.28403
vt 0.62500 0.28403
vt 0.62500 0.29667
vt 0.37500 0.29667
vt 0.12500 0.50000
vt 0.12500 0.75000
vt 0.37500 0.80264
vt 0.62500 0.80264
vt 0.62500 0.43651
vt 0.62500 0.43651
vt 0.62500 0.44736
vt 0.31151 0.50000
vt 0.31151 0.75000
vt 0.37500 0.43651
vt 0.67764 0.50000
vt 0.68849 0.50000
vt 0.68849 0.75000
vt 0.67764 0.75000
vt 0.62500 0.50000
vt 0.62500 0.75000
vt 0.62500 0.80264
vt 0.62500 0.81349
vt 0.67764 0.50000
vt 0.67764 0.75000
vt 0.67764 0.75000
vt 0.67764 0.50000
vt 0.62500 0.50000
vt 0.62500 0.75000
vt 0.62500 0.80264
vt 0.62500 0.75000
vt 0.62500 0.80264
vt 0.62500 0.50000
vt 0.62500 0.44736
vt 0.62500 0.44736
vt 0.62500 0.75000
vt 0.62500 0.75000
vt 0.62500 0.50000
vt 0.62500 0.50000
vt 0.62500 0.75000
vt 0.62500 0.50000
vt 0.62500 0.50000
vt 0.62500 0.50000
vt 0.62500 0.50000
vt 0.62500 0.50000
vt 0.62500 0.75000
vt 0.62500 0.75000
vt 0.62500 0.75000
vt 0.62500 0.75000
vt 0.62500 0.50000
vt 0.62500 0.50000
vt 0.62500 0.75000
vt 0.62500 0.75000
vt 0.37500 0.00000
vt 0.62500 0.00000
vt 0.62500 0.25000
vt 0.37500 0.25000
vt 0.62500 0.50000
vt 0.37500 0.50000
vt 0.62500 0.75000
vt 0.37500 0.75000
vt 0.62500 1.00000
vt 0.37500 1.00000
vt 0.12500 0.50000
vt 0.12500 0.75000
vt 0.87500 0.50000
vt 0.87500 0.75000
vt 0.37500 0.00000
vt 0.62500 0.00000
vt 0.62500 0.25000
vt 0.37500 0.25000
vt 0.37500 0.44085
vt 0.62500 0.44085
vt 0.62500 0.50000
vt 0.37500 0.50000
vt 0.62500 0.75000
vt 0.37500 0.75000
vt 0.37500 0.80915
vt 0.62500 0.80915
vt 0.62500 1.00000
vt 0.37500 1.00000
vt 0.31585 0.50000
vt 0.31585 0.75000
vt 0.68415 0.50000
vt 0.87500 0.50000
vt 0.87500 0.75000
vt 0.68415 0.75000
vt 0.12500 0.50000
vt 0.12500 0.75000
vt 1.00000 0.50000
vt 1.00000 1.00000
vt 0.96875 1.00000
vt 0.96875 0.50000
vt 0.93750 1.00000
vt 0.93750 0.50000
vt 0.90625 1.00000
vt 0.90625 0.50000
vt 0.87500 1.00000
vt 0.87500 0.50000
vt 0.84375 1.00000
vt 0.84375 0.50000
vt 0.81250 1.00000
vt 0.81250 0.50000
vt 0.78125 1.00000
vt 0.78125 0.50000
vt 0.75000 1.00000
vt 0.75000 0.50000
vt 0.71875 1.00000
vt 0.71875 0.50000
vt 0.68750 1.00000
vt 0.68750 0.50000
vt 0.65625 1.00000
vt 0.65625 0.50000
vt 0.62500 1.00000
vt 0.62500 0.50000
vt 0.59375 1.00000
vt 0.59375 0.50000
vt 0.56250 1.00000
vt 0.56250 0.50000
vt 0.53125 1.00000
vt 0.53125 0.50000
vt 0.50000 1.00000
vt 0.50000 0.50000
vt 0.46875 1.00000
vt 0.46875 0.50000
vt 0.43750 1.00000
vt 0.43750 0.50000
vt 0.40625 1.00000
vt 0.40625 0.50000
vt 0.37500 1.00000
vt 0.37500 0.50000
vt 0.34375 1.00000
vt 0.34375 0.50000
vt 0.31250 1.00000
vt 0.31250 0.50000
vt 0.28125 1.00000
vt 0.28125 0.50000
vt 0.25000 1.00000
vt 0.25000 0.50000
vt 0.21875 1.00000
vt 0.21875 0.50000
vt 0.18750 1.00000
vt 0.18750 0.50000
vt 0.15625 1.00000
vt 0.15625 0.50000
vt 0.12500 1.00000
vt 0.12500 0.50000
vt 0.09375 1.00000
vt 0.09375 0.50000
vt 0.06250 1.00000
vt 0.06250 0.50000
vt 0.29682 0.48539
vt 0.25000 0.49000
vt 0.20318 0.48539
vt 0.15816 0.47173
vt 0.11666 0.44955
vt 0.08030 0.41971
vt 0.05045 0.38334
vt 0.02827 0.34184
vt 0.01461 0.29682
vt 0.01000 0.25000
vt 0.01461 0.20318
vt 0.02827 0.15816
vt 0.05045 0.11666
vt 0.08029 0.08029
vt 0.11666 0.05045
vt 0.15816 0.02827
vt 0.20318 0.01461
vt 0.25000 0.01000
vt 0.29682 0.01461
vt 0.34184 0.02827
vt 0.38334 0.05045
vt 0.41971 0.08029
vt 0.44955 0.11666
vt 0.47173 0.15816
vt 0.48539 0.20318
vt 0.49000 0.25000
vt 0.48539 0.29682
vt 0.47173 0.34184
vt 0.44955 0.38334
vt 0.41971 0.41971
vt 0.38334 0.44955
vt 0.34184 0.47173
vt 0.03125 1.00000
vt 0.03125 0.50000
vt 0.00000 1.00000
vt 0.00000 0.50000
vt 0.75000 0.49000
vt 0.79682 0.48539
vt 0.84184 0.47173
vt 0.88334 0.44955
vt 0.91971 0.41971
vt 0.94955 0.38334
vt 0.97173 0.34184
vt 0.98539 0.29682
vt 0.99000 0.25000
vt 0.98539 0.20318
vt 0.97173 0.15816
vt 0.94955 0.11666
vt 0.91971 0.08029
vt 0.88334 0.05045
vt 0.84184 0.02827
vt 0.79682 0.01461
vt 0.75000 0.01000
vt 0.70318 0.01461
vt 0.65816 0.02827
vt 0.61666 0.05045
vt 0.58029 0.08029
vt 0.55045 0.11666
vt 0.52827 0.15816
vt 0.51461 0.20318
vt 0.51000 0.25000
vt 0.51461 0.29682
vt 0.52827 0.34184
vt 0.55045 0.38334
vt 0.58030 0.41971
vt 0.61666 0.44955
vt 0.65816 0.47173
vt 0.70318 0.48539
vt 1.00000 0.50000
vt 1.00000 1.00000
vt 0.96875 1.00000
vt 0.96875 0.50000
vt 0.93750 1.00000
vt 0.93750 0.50000
vt 0.90625 1.00000
vt 0.90625 0.50000
vt 0.87500 1.00000
vt 0.87500 0.50000
vt 0.84375 1.00000
vt 0.84375 0.50000
vt 0.81250 1.00000
vt 0.81250 0.50000
vt 0.78125 1.00000
vt 0.78125 0.50000
vt 0.75000 1.00000
vt 0.75000 0.50000
vt 0.71875 1.00000
vt 0.71875 0.50000
vt 0.68750 1.00000
vt 0.68750 0.50000
vt 0.65625 1.00000
vt 0.65625 0.50000
vt 0.62500 1.00000
vt 0.62500 0.50000
vt 0.59375 1.00000
vt 0.59375 0.50000
vt 0.56250 1.00000
vt 0.56250 0.50000
vt 0.53125 1.00000
vt 0.53125 0.50000
vt 0.50000 1.00000
vt 0.50000 0.50000
vt 0.46875 1.00000
vt 0.46875 0.50000
vt 0.43750 1.00000
vt 0.43750 0.50000
vt 0.40625 1.00000
vt 0.40625 0.50000
vt 0.37500 1.00000
vt 0.37500 0.50000
vt 0.34375 1.00000
vt 0.34375 0.50000
vt 0.31250 1.00000
vt 0.31250 0.50000
vt 0.28125 1.00000
vt 0.28125 0.50000
vt 0.25000 1.00000
vt 0.25000 0.50000
vt 0.21875 1.00000
vt 0.21875 0.50000
vt 0.18750 1.00000
vt 0.18750 0.50000
vt 0.15625 1.00000
vt 0.15625 0.50000
vt 0.12500 1.00000
vt 0.12500 0.50000
vt 0.09375 1.00000
vt 0.09375 0.50000
vt 0.06250 1.00000
vt 0.06250 0.50000
vt 0.29682 0.48539
vt 0.25000 0.49000
vt 0.20318 0.48539
vt 0.15816 0.47173
vt 0.11666 0.44955
vt 0.08030 0.41971
vt 0.05045 0.38334
vt 0.02827 0.34184
vt 0.01461 0.29682
vt 0.01000 0.25000
vt 0.01461 0.20318
vt 0.02827 0.15816
vt 0.05045 0.11666
vt 0.08029 0.08029
vt 0.11666 0.05045
vt 0.15816 0.02827
vt 0.20318 0.01461
vt 0.25000 0.01000
vt 0.29682 0.01461
vt 0.34184 0.02827
vt 0.38334 0.05045
vt 0.41971 0.08029
vt 0.44955 0.11666
vt 0.47173 0.15816
vt 0.48539 0.20318
vt 0.49000 0.25000
vt 0.48539 0.29682
vt 0.47173 0.34184
vt 0.44955 0.38334
vt 0.41971 0.41971
vt 0.38334 0.44955
vt 0.34184 0.47173
vt 0.03125 1.00000
vt 0.03125 0.50000
vt 0.00000 1.00000
vt 0.00000 0.50000
vt 0.75000 0.49000
vt 0.79682 0.48539
vt 0.84184 0.47173
vt 0.88334 0.44955
vt 0.91971 0.41971
vt 0.94955 0.38334
vt 0.97173 0.34184
vt 0.98539 0.29682
vt 0.99000 0.25000
vt 0.98539 0.20318
vt 0.97173 0.15816
vt 0.94955 0.11666
vt 0.91971 0.08029
vt 0.88334 0.05045
vt 0.84184 0.02827
vt 0.79682 0.01461
vt 0.75000 0.01000
vt 0.70318 0.01461
vt 0.65816 0.02827
vt 0.61666 0.05045
vt 0.58029 0.08029
vt 0.55045 0.11666
vt 0.52827 0.15816
vt 0.51461 0.20318
vt 0.51000 0.25000
vt 0.51461 0.29682
vt 0.52827 0.34184
vt 0.55045 0.38334
vt 0.58030 0.41971
vt 0.61666 0.44955
vt 0.65816 0.47173
vt 0.70318 0.48539
vt 1.00000 0.50000
vt 1.00000 1.00000
vt 0.96875 1.00000
vt 0.96875 0.50000
vt 0.93750 1.00000
vt 0.93750 0.50000
vt 0.90625 1.00000
vt 0.90625 0.50000
vt 0.87500 1.00000
vt 0.87500 0.50000
vt 0.84375 1.00000
vt 0.84375 0.50000
vt 0.81250 1.00000
vt 0.81250 0.50000
vt 0.78125 1.00000
vt 0.78125 0.50000
vt 0.75000 1.00000
vt 0.75000 0.50000
vt 0.71875 1.00000
vt 0.71875 0.50000
vt 0.68750 1.00000
vt 0.68750 0.50000
vt 0.65625 1.00000
vt 0.65625 0.50000
vt 0.62500 1.00000
vt 0.62500 0.50000
vt 0.59375 1.00000
vt 0.59375 0.50000
vt 0.56250 1.00000
vt 0.56250 0.50000
vt 0.53125 1.00000
vt 0.53125 0.50000
vt 0.50000 1.00000
vt 0.50000 0.50000
vt 0.46875 1.00000
vt 0.46875 0.50000
vt 0.43750 1.00000
vt 0.43750 0.50000
vt 0.40625 1.00000
vt 0.40625 0.50000
vt 0.37500 1.00000
vt 0.37500 0.50000
vt 0.34375 1.00000
vt 0.34375 0.50000
vt 0.31250 1.00000
vt 0.31250 0.50000
vt 0.28125 1.00000
vt 0.28125 0.50000
vt 0.25000 1.00000
vt 0.25000 0.50000
vt 0.21875 1.00000
vt 0.21875 0.50000
vt 0.18750 1.00000
vt 0.18750 0.50000
vt 0.15625 1.00000
vt 0.15625 0.50000
vt 0.12500 1.00000
vt 0.12500 0.50000
vt 0.09375 1.00000
vt 0.09375 0.50000
vt 0.06250 1.00000
vt 0.06250 0.50000
vt 0.29682 0.48539
vt 0.25000 0.49000
vt 0.20318 0.48539
vt 0.15816 0.47173
vt 0.11666 0.44955
vt 0.08030 0.41971
vt 0.05045 0.38334
vt 0.02827 0.34184
vt 0.01461 0.29682
vt 0.01000 0.25000
vt 0.01461 0.20318
vt 0.02827 0.15816
vt 0.05045 0.11666
vt 0.08029 0.08029
vt 0.11666 0.05045
vt 0.15816 0.02827
vt 0.20318 0.01461
vt 0.25000 0.01000
vt 0.29682 0.01461
vt 0.34184 0.02827
vt 0.38334 0.05045
vt 0.41971 0.08029
vt 0.44955 0.11666
vt 0.47173 0.15816
vt 0.48539 0.20318
vt 0.49000 0.25000
vt 0.48539 0.29682
vt 0.47173 0.34184
vt 0.44955 0.38334
vt 0.41971 0.41971
vt 0.38334 0.44955
vt 0.34184 0.47173
vt 0.03125 1.00000
vt 0.03125 0.50000
vt 0.00000 1.00000
vt 0.00000 0.50000
vt 0.75000 0.49000
vt 0.79682 0.48539
vt 0.84184 0.47173
vt 0.88334 0.44955
vt 0.91971 0.41971
vt 0.94955 0.38334
vt 0.97173 0.34184
vt 0.98539 0.29682
vt 0.99000 0.25000
vt 0.98539 0.20318
vt 0.97173 0.15816
vt 0.94955 0.11666
vt 0.91971 0.08029
vt 0.88334 0.05045
vt 0.84184 0.02827
vt 0.79682 0.01461
vt 0.75000 0.01000
vt 0.70318 0.01461
vt 0.65816 0.02827
vt 0.61666 0.05045
vt 0.58029 0.08029
vt 0.55045 0.11666
vt 0.52827 0.15816
vt 0.51461 0.20318
vt 0.51000 0.25000
vt 0.51461 0.29682
vt 0.52827 0.34184
vt 0.55045 0.38334
vt 0.58030 0.41971
vt 0.61666 0.44955
vt 0.65816 0.47173
vt 0.70318 0.48539
vt 1.00000 0.87966
vt 1.00000 1.00000
vt 0.96875 1.00000
vt 0.96875 0.87966
vt 0.93750 1.00000
vt 0.93750 0.87966
vt 0.90625 1.00000
vt 0.90625 0.87966
vt 0.87500 1.00000
vt 0.87500 0.87966
vt 0.84375 1.00000
vt 0.84375 0.87966
vt 0.81250 1.00000
vt 0.81250 0.87966
vt 0.78125 1.00000
vt 0.78125 0.87966
vt 0.75000 1.00000
vt 0.75000 0.87966
vt 0.71875 1.00000
vt 0.71875 0.87966
vt 0.68750 1.00000
vt 0.68750 0.87966
vt 0.65625 1.00000
vt 0.65625 0.87966
vt 0.62500 1.00000
vt 0.62500 0.87966
vt 0.59375 1.00000
vt 0.59375 0.87966
vt 0.56250 1.00000
vt 0.56250 0.87966
vt 0.53125 1.00000
vt 0.53125 0.87966
vt 0.50000 1.00000
vt 0.50000 0.87966
vt 0.46875 1.00000
vt 0.46875 0.87966
vt 0.43750 1.00000
vt 0.43750 0.87966
vt 0.40625 1.00000
vt 0.40625 0.87966
vt 0.37500 1.00000
vt 0.37500 0.87966
vt 0.34375 1.00000
vt 0.34375 0.87966
vt 0.31250 1.00000
vt 0.31250 0.87966
vt 0.28125 1.00000
vt 0.28125 0.87966
vt 0.25000 1.00000
vt 0.25000 0.87966
vt 0.21875 1.00000
vt 0.21875 0.87966
vt 0.18750 1.00000
vt 0.18750 0.87966
vt 0.15625 1.00000
vt 0.15625 0.87966
vt 0.12500 1.00000
vt 0.12500 0.87966
vt 0.09375 1.00000
vt 0.09375 0.87966
vt 0.06250 1.00000
vt 0.06250 0.87966
vt 0.29682 0.48539
vt 0.25000 0.49000
vt 0.20318 0.48539
vt 0.15816 0.47173
vt 0.11666 0.44955
vt 0.08030 0.41971
vt 0.05045 0.38334
vt 0.02827 0.34184
vt 0.01461 0.29682
vt 0.01000 0.25000
vt 0.01461 0.20318
vt 0.02827 0.15816
vt 0.05045 0.11666
vt 0.08029 0.08029
vt 0.11666 0.05045
vt 0.15816 0.02827
vt 0.20318 0.01461
vt 0.25000 0.01000
vt 0.29682 0.01461
vt 0.34184 0.02827
vt 0.38334 0.05045
vt 0.41971 0.08029
vt 0.44955 0.11666
vt 0.47173 0.15816
vt 0.48539 0.20318
vt 0.49000 0.25000
vt 0.48539 0.29682
vt 0.47173 0.34184
vt 0.44955 0.38334
vt 0.41971 0.41971
vt 0.38334 0.44955
vt 0.34184 0.47173
vt 0.03125 1.00000
vt 0.03125 0.87966
vt 0.00000 1.00000
vt 0.00000 0.87966
vt 0.75000 0.49000
vt 0.79682 0.48539
vt 0.84184 0.47173
vt 0.88334 0.44955
vt 0.91971 0.41971
vt 0.94955 0.38334
vt 0.97173 0.34184
vt 0.98539 0.29682
vt 0.99000 0.25000
vt 0.98539 0.20318
vt 0.97173 0.15816
vt 0.94955 0.11666
vt 0.91971 0.08029
vt 0.88334 0.05045
vt 0.84184 0.02827
vt 0.79682 0.01461
vt 0.75000 0.01000
vt 0.70318 0.01461
vt 0.65816 0.02827
vt 0.61666 0.05045
vt 0.58029 0.08029
vt 0.55045 0.11666
vt 0.52827 0.15816
vt 0.51461 0.20318
vt 0.51000 0.25000
vt 0.51461 0.29682
vt 0.52827 0.34184
vt 0.55045 0.38334
vt 0.58030 0.41971
vt 0.61666 0.44955
vt 0.65816 0.47173
vt 0.70318 0.48539
vt 0.03125 0.50000
vt 0.00000 0.50000
vt 0.06250 0.50000
vt 0.09375 0.50000
vt 0.12500 0.50000
vt 0.15625 0.50000
vt 0.18750 0.50000
vt 0.21875 0.50000
vt 0.25000 0.50000
vt 0.28125 0.50000
vt 0.31250 0.50000
vt 0.34375 0.50000
vt 0.37500 0.50000
vt 0.40625 0.50000
vt 0.43750 0.50000
vt 0.46875 0.50000
vt 0.50000 0.50000
vt 0.53125 0.50000
vt 0.56250 0.50000
vt 0.59375 0.50000
vt 0.62500 0.50000
vt 0.65625 0.50000
vt 0.68750 0.50000
vt 0.71875 0.50000
vt 0.75000 0.50000
vt 0.78125 0.50000
vt 0.81250 0.50000
vt 0.84375 0.50000
vt 0.87500 0.50000
vt 0.90625 0.50000
vt 0.93750 0.50000
vt 0.96875 0.50000
vt 1.00000 0.50000
vt 1.00000 0.50000
vt 1.00000 1.00000
vt 0.96875 1.00000
vt 0.96875 0.50000
vt 0.93750 1.00000
vt 0.93750 0.50000
vt 0.90625 1.00000
vt 0.90625 0.50000
vt 0.87500 1.00000
vt 0.87500 0.50000
vt 0.84375 1.00000
vt 0.84375 0.50000
vt 0.81250 1.00000
vt 0.81250 0.50000
vt 0.78125 1.00000
vt 0.78125 0.50000
vt 0.75000 1.00000
vt 0.75000 0.50000
vt 0.71875 1.00000
vt 0.71875 0.50000
vt 0.68750 1.00000
vt 0.68750 0.50000
vt 0.65625 1.00000
vt 0.65625 0.50000
vt 0.62500 1.00000
vt 0.62500 0.50000
vt 0.59375 1.00000
vt 0.59375 0.50000
vt 0.56250 1.00000
vt 0.56250 0.50000
vt 0.53125 1.00000
vt 0.53125 0.50000
vt 0.50000 1.00000
vt 0.50000 0.50000
vt 0.46875 1.00000
vt 0.46875 0.50000
vt 0.43750 1.00000
vt 0.43750 0.50000
vt 0.40625 1.00000
vt 0.40625 0.50000
vt 0.37500 1.00000
vt 0.37500 0.50000
vt 0.34375 1.00000
vt 0.34375 0.50000
vt 0.31250 1.00000
vt 0.31250 0.50000
vt 0.28125 1.00000
vt 0.28125 0.50000
vt 0.25000 1.00000
vt 0.25000 0.50000
vt 0.21875 1.00000
vt 0.21875 0.50000
vt 0.18750 1.00000
vt 0.18750 0.50000
vt 0.15625 1.00000
vt 0.15625 0.50000
vt 0.12500 1.00000
vt 0.12500 0.50000
vt 0.09375 1.00000
vt 0.09375 0.50000
vt 0.06250 1.00000
vt 0.06250 0.50000
vt 0.29682 0.48539
vt 0.25000 0.49000
vt 0.20318 0.48539
vt 0.15816 0.47173
vt 0.11666 0.44955
vt 0.08030 0.41971
vt 0.05045 0.38334
vt 0.02827 0.34184
vt 0.01461 0.29682
vt 0.01000 0.25000
vt 0.01461 0.20318
vt 0.02827 0.15816
vt 0.05045 0.11666
vt 0.08029 0.08029
vt 0.11666 0.05045
vt 0.15816 0.02827
vt 0.20318 0.01461
vt 0.25000 0.01000
vt 0.29682 0.01461
vt 0.34184 0.02827
vt 0.38334 0.05045
vt 0.41971 0.08029
vt 0.44955 0.11666
vt 0.47173 0.15816
vt 0.48539 0.20318
vt 0.49000 0.25000
vt 0.48539 0.29682
vt 0.47173 0.34184
vt 0.44955 0.38334
vt 0.41971 0.41971
vt 0.38334 0.44955
vt 0.34184 0.47173
vt 0.03125 1.00000
vt 0.03125 0.50000
vt 0.00000 1.00000
vt 0.00000 0.50000
vt 0.75000 0.49000
vt 0.79682 0.48539
vt 0.84184 0.47173
vt 0.88334 0.44955
vt 0.91971 0.41971
vt 0.94955 0.38334
vt 0.97173 0.34184
vt 0.98539 0.29682
vt 0.99000 0.25000
vt 0.98539 0.20318
vt 0.97173 0.15816
vt 0.94955 0.11666
vt 0.91971 0.08029
vt 0.88334 0.05045
vt 0.84184 0.02827
vt 0.79682 0.01461
vt 0.75000 0.01000
vt 0.70318 0.01461
vt 0.65816 0.02827
vt 0.61666 0.05045
vt 0.58029 0.08029
vt 0.55045 0.11666
vt 0.52827 0.15816
vt 0.51461 0.20318
vt 0.51000 0.25000
vt 0.51461 0.29682
vt 0.52827 0.34184
vt 0.55045 0.38334
vt 0.58030 0.41971
vt 0.61666 0.44955
vt 0.65816 0.47173
vt 0.70318 0.48539
vt 1.00000 0.50000
vt 1.00000 1.00000
vt 0.96875 1.00000
vt 0.96875 0.50000
vt 0.93750 1.00000
vt 0.93750 0.50000
vt 0.90625 1.00000
vt 0.90625 0.50000
vt 0.87500 1.00000
vt 0.87500 0.50000
vt 0.84375 1.00000
vt 0.84375 0.50000
vt 0.81250 1.00000
vt 0.81250 0.50000
vt 0.78125 1.00000
vt 0.78125 0.50000
vt 0.75000 1.00000
vt 0.75000 0.50000
vt 0.71875 1.00000
vt 0.71875 0.50000
vt 0.68750 1.00000
vt 0.68750 0.50000
vt 0.65625 1.00000
vt 0.65625 0.50000
vt 0.62500 1.00000
vt 0.62500 0.50000
vt 0.59375 1.00000
vt 0.59375 0.50000
vt 0.56250 1.00000
vt 0.56250 0.50000
vt 0.53125 1.00000
vt 0.53125 0.50000
vt 0.50000 1.00000
vt 0.50000 0.50000
vt 0.46875 1.00000
vt 0.46875 0.50000
vt 0.43750 1.00000
vt 0.43750 0.50000
vt 0.40625 1.00000
vt 0.40625 0.50000
vt 0.37500 1.00000
vt 0.37500 0.50000
vt 0.34375 1.00000
vt 0.34375 0.50000
vt 0.31250 1.00000
vt 0.31250 0.50000
vt 0.28125 1.00000
vt 0.28125 0.50000
vt 0.25000 1.00000
vt 0.25000 0.50000
vt 0.21875 1.00000
vt 0.21875 0.50000
vt 0.18750 1.00000
vt 0.18750 0.50000
vt 0.15625 1.00000
vt 0.15625 0.50000
vt 0.12500 1.00000
vt 0.12500 0.50000
vt 0.09375 1.00000
vt 0.09375 0.50000
vt 0.06250 1.00000
vt 0.06250 0.50000
vt 0.29682 0.48539
vt 0.25000 0.49000
vt 0.20318 0.48539
vt 0.15816 0.47173
vt 0.11666 0.44955
vt 0.08030 0.41971
vt 0.05045 0.38334
vt 0.02827 0.34184
vt 0.01461 0.29682
vt 0.01000 0.25000
vt 0.01461 0.20318
vt 0.02827 0.15816
vt 0.05045 0.11666
vt 0.08029 0.08029
vt 0.11666 0.05045
vt 0.15816 0.02827
vt 0.20318 0.01461
vt 0.25000 0.01000
vt 0.29682 0.01461
vt 0.34184 0.02827
vt 0.38334 0.05045
vt 0.41971 0.08029
vt 0.44955 0.11666
vt 0.47173 0.15816
vt 0.48539 0.20318
vt 0.49000 0.25000
vt 0.48539 0.29682
vt 0.47173 0.34184
vt 0.44955 0.38334
vt 0.41971 0.41971
vt 0.38334 0.44955
vt 0.34184 0.47173
vt 0.03125 1.00000
vt 0.03125 0.50000
vt 0.00000 1.00000
vt 0.00000 0.50000
vt 0.75000 0.49000
vt 0.79682 0.48539
vt 0.84184 0.47173
vt 0.88334 0.44955
vt 0.91971 0.41971
vt 0.94955 0.38334
vt 0.97173 0.34184
vt 0.98539 0.29682
vt 0.99000 0.25000
vt 0.98539 0.20318
vt 0.97173 0.15816
vt 0.94955 0.11666
vt 0.91971 0.08029
vt 0.88334 0.05045
vt 0.84184 0.02827
vt 0.79682 0.01461
vt 0.75000 0.01000
vt 0.70318 0.01461
vt 0.65816 0.02827
vt 0.61666 0.05045
vt 0.58029 0.08029
vt 0.55045 0.11666
vt 0.52827 0.15816
vt 0.51461 0.20318
vt 0.51000 0.25000
vt 0.51461 0.29682
vt 0.52827 0.34184
vt 0.55045 0.38334
vt 0.58030 0.41971
vt 0.61666 0.44955
vt 0.65816 0.47173
vt 0.70318 0.48539
vt 0.37500 0.00000
vt 0.62500 0.00000
vt 0.62500 0.25000
vt 0.37500 0.25000
vt 0.62500 0.50000
vt 0.37500 0.50000
vt 0.62500 0.75000
vt 0.37500 0.75000
vt 0.62500 1.00000
vt 0.37500 1.00000
vt 0.12500 0.50000
vt 0.12500 0.75000
vt 0.62500 1.00000
vt 0.62500 0.75000
vt 0.62500 0.75000
vt 0.62500 1.00000
vt 0.62500 0.75000
vt 0.62500 0.50000
vt 0.62500 0.50000
vt 0.62500 0.75000
vt 0.62500 0.50000
vt 0.62500 0.25000
vt 0.62500 0.25000
vt 0.62500 0.50000
vt 0.62500 0.00000
vt 0.62500 0.00000
vt 0.87500 0.50000
vt 0.87500 0.75000
vt 0.62500 1.00000
vt 0.62500 1.00000
vt 0.62500 1.00000
vt 0.62500 1.00000
vt 0.62500 1.00000
vt 0.62500 1.00000
vt 0.62500 0.25000
vt 0.62500 0.25000
vt 0.62500 0.00000
vt 0.62500 0.25000
vt 0.62500 0.00000
vt 0.62500 0.00000
vt 0.62500 0.25000
vt 0.87500 0.75000
vt 0.87500 0.50000
vt 0.87500 0.50000
vt 0.87500 0.75000
vt 0.62500 0.25000
vt 0.62500 0.25000
vt 0.62500 0.25000
vt 0.62500 0.25000
vt 0.62500 0.25000
vt 0.62500 0.00000
vt 0.62500 0.00000
vt 0.62500 0.25000
vt 0.62500 1.00000
vt 0.62500 1.00000
vt 0.62500 0.25000
vt 0.62500 0.00000
vt 0.62500 0.00000
vt 0.62500 1.00000
vt 0.62500 0.00000
vt 0.62500 0.00000
vt 0.62500 0.25000
vt 0.62500 0.25000
vt 0.62500 0.00000
vt 0.62500 1.00000
vt 0.62500 1.00000
vt 0.62500 1.00000
vt 0.62500 1.00000
vt 0.62500 1.00000
vt 0.62500 1.00000
vt 0.62500 0.25000
vt 0.62500 0.00000
vt 0.62500 0.25000
vt 0.62500 0.00000
vt 0.62500 0.25000
vt 0.62500 0.00000
vt 0.62500 0.25000
vt 0.62500 0.00000
vt 0.62500 1.00000
vt 0.62500 1.00000
vt 1.00000 0.99055
vt 1.00000 1.00000
vt 0.96875 1.00000
vt 0.96875 0.99055
vt 0.93750 1.00000
vt 0.93750 0.99055
vt 0.90625 1.00000
vt 0.90625 0.99055
vt 0.87500 1.00000
vt 0.87500 0.99055
vt 0.84375 1.00000
vt 0.84375 0.99055
vt 0.81250 1.00000
vt 0.81250 0.99055
vt 0.78125 1.00000
vt 0.78125 0.99055
vt 0.75000 1.00000
vt 0.75000 0.99055
vt 0.71875 1.00000
vt 0.71875 0.99055
vt 0.68750 1.00000
vt 0.68750 0.99055
vt 0.65625 1.00000
vt 0.65625 0.99055
vt 0.62500 1.00000
vt 0.62500 0.99055
vt 0.59375 1.00000
vt 0.59375 0.99055
vt 0.56250 1.00000
vt 0.56250 0.99055
vt 0.53125 1.00000
vt 0.53125 0.99055
vt 0.50000 1.00000
vt 0.50000 0.99055
vt 0.46875 1.00000
vt 0.46875 0.99055
vt 0.43750 1.00000
vt 0.43750 0.99055
vt 0.40625 1.00000
vt 0.40625 0.99055
vt 0.37500 1.00000
vt 0.37500 0.99055
vt 0.34375 1.00000
vt 0.34375 0.99055
vt 0.31250 1.00000
vt 0.31250 0.99055
vt 0.28125 1.00000
vt 0.28125 0.99055
vt 0.25000 1.00000
vt 0.25000 0.99055
vt 0.21875 1.00000
vt 0.21875 0.99055
vt 0.18750 1.00000
vt 0.18750 0.99055
vt 0.15625 1.00000
vt 0.15625 0.99055
vt 0.12500 1.00000
vt 0.12500 0.99055
vt 0.09375 1.00000
vt 0.09375 0.99055
vt 0.06250 1.00000
vt 0.06250 0.99055
vt 0.25000 1.00000
vt 0.21875 1.00000
vt 0.03125 1.00000
vt 0.03125 0.99055
vt 0.00000 1.00000
vt 0.00000 0.99055
vt 0.75000 0.49000
vt 0.79682 0.48539
vt 0.84184 0.47173
vt 0.88334 0.44955
vt 0.91971 0.41971
vt 0.94955 0.38334
vt 0.97173 0.34184
vt 0.98539 0.29682
vt 0.99000 0.25000
vt 0.98539 0.20318
vt 0.97173 0.15816
vt 0.94955 0.11666
vt 0.91971 0.08029
vt 0.88334 0.05045
vt 0.84184 0.02827
vt 0.79682 0.01461
vt 0.75000 0.01000
vt 0.70318 0.01461
vt 0.65816 0.02827
vt 0.61666 0.05045
vt 0.58029 0.08029
vt 0.55045 0.11666
vt 0.52827 0.15816
vt 0.51461 0.20318
vt 0.51000 0.25000
vt 0.51461 0.29682
vt 0.52827 0.34184
vt 0.55045 0.38334
vt 0.58030 0.41971
vt 0.61666 0.44955
vt 0.65816 0.47173
vt 0.70318 0.48539
vt 0.03125 0.58725
vt 0.03125 0.59222
vt 0.00000 0.59222
vt 0.00000 0.58725
vt 0.06250 0.58725
vt 0.06250 0.59222
vt 0.09375 0.58725
vt 0.09375 0.59222
vt 0.12500 0.58725
vt 0.12500 0.59222
vt 0.15625 0.58725
vt 0.15625 0.59222
vt 0.18750 0.58725
vt 0.18750 0.59222
vt 0.21875 0.58725
vt 0.21875 0.59222
vt 0.25000 0.58725
vt 0.25000 0.59222
vt 0.28125 0.58725
vt 0.28125 0.59222
vt 0.31250 0.58725
vt 0.31250 0.59222
vt 0.34375 0.58725
vt 0.34375 0.59222
vt 0.37500 0.58725
vt 0.37500 0.59222
vt 0.40625 0.58725
vt 0.40625 0.59222
vt 0.43750 0.58725
vt 0.43750 0.59222
vt 0.46875 0.58725
vt 0.46875 0.59222
vt 0.50000 0.58725
vt 0.50000 0.59222
vt 0.53125 0.58725
vt 0.53125 0.59222
vt 0.56250 0.58725
vt 0.56250 0.59222
vt 0.59375 0.58725
vt 0.59375 0.59222
vt 0.62500 0.58725
vt 0.62500 0.59222
vt 0.65625 0.58725
vt 0.65625 0.59222
vt 0.68750 0.58725
vt 0.68750 0.59222
vt 0.71875 0.58725
vt 0.71875 0.59222
vt 0.75000 0.58725
vt 0.75000 0.59222
vt 0.78125 0.58725
vt 0.78125 0.59222
vt 0.81250 0.58725
vt 0.81250 0.59222
vt 0.84375 0.58725
vt 0.84375 0.59222
vt 0.87500 0.58725
vt 0.87500 0.59222
vt 0.90625 0.58725
vt 0.90625 0.59222
vt 0.93750 0.58725
vt 0.93750 0.59222
vt 0.96875 0.58725
vt 0.96875 0.59222
vt 1.00000 0.58725
vt 1.00000 0.59222
vt 1.00000 0.50000
vt 0.96875 0.50000
vt 0.93750 0.50000
vt 0.90625 0.50000
vt 0.87500 0.50000
vt 0.84375 0.50000
vt 0.81250 0.50000
vt 0.78125 0.50000
vt 0.75000 0.50000
vt 0.71875 0.50000
vt 0.68750 0.50000
vt 0.65625 0.50000
vt 0.62500 0.50000
vt 0.59375 0.50000
vt 0.56250 0.50000
vt 0.53125 0.50000
vt 0.50000 0.50000
vt 0.46875 0.50000
vt 0.43750 0.50000
vt 0.40625 0.50000
vt 0.37500 0.50000
vt 0.34375 0.50000
vt 0.31250 0.50000
vt 0.28125 0.50000
vt 0.25000 0.50000
vt 0.21875 0.50000
vt 0.18750 0.50000
vt 0.15625 0.50000
vt 0.12500 0.50000
vt 0.09375 0.50000
vt 0.06250 0.50000
vt 0.03125 0.50000
vt 0.00000 0.50000
vt 0.03125 0.80791
vt 0.00000 0.80791
vt 0.06250 0.80791
vt 0.09375 0.80791
vt 0.12500 0.80791
vt 0.15625 0.80791
vt 0.18750 0.80791
vt 0.21875 0.80791
vt 0.25000 0.80791
vt 0.28125 0.80791
vt 0.31250 0.80791
vt 0.34375 0.80791
vt 0.37500 0.80791
vt 0.40625 0.80791
vt 0.43750 0.80791
vt 0.46875 0.80791
vt 0.50000 0.80791
vt 0.53125 0.80791
vt 0.56250 0.80791
vt 0.59375 0.80791
vt 0.62500 0.80791
vt 0.65625 0.80791
vt 0.68750 0.80791
vt 0.71875 0.80791
vt 0.75000 0.80791
vt 0.78125 0.80791
vt 0.81250 0.80791
vt 0.84375 0.80791
vt 0.87500 0.80791
vt 0.90625 0.80791
vt 0.93750 0.80791
vt 0.96875 0.80791
vt 1.00000 0.80791
vt 0.03125 0.81124
vt 0.00000 0.81124
vt 0.06250 0.81124
vt 0.09375 0.81124
vt 0.12500 0.81124
vt 0.15625 0.81124
vt 0.18750 0.81124
vt 0.21875 0.81124
vt 0.25000 0.81124
vt 0.28125 0.81124
vt 0.31250 0.81124
vt 0.34375 0.81124
vt 0.37500 0.81124
vt 0.40625 0.81124
vt 0.43750 0.81124
vt 0.46875 0.81124
vt 0.50000 0.81124
vt 0.53125 0.81124
vt 0.56250 0.81124
vt 0.59375 0.81124
vt 0.62500 0.81124
vt 0.65625 0.81124
vt 0.68750 0.81124
vt 0.71875 0.81124
vt 0.75000 0.81124
vt 0.78125 0.81124
vt 0.81250 0.81124
vt 0.84375 0.81124
vt 0.87500 0.81124
vt 0.90625 0.81124
vt 0.93750 0.81124
vt 0.96875 0.81124
vt 1.00000 0.81124
vt 0.03125 0.83712
vt 0.00000 0.83712
vt 0.06250 0.83712
vt 0.09375 0.83712
vt 0.12500 0.83712
vt 0.15625 0.83712
vt 0.18750 0.83712
vt 0.21875 0.83712
vt 0.25000 0.83712
vt 0.28125 0.83712
vt 0.31250 0.83712
vt 0.34375 0.83712
vt 0.37500 0.83712
vt 0.40625 0.83712
vt 0.43750 0.83712
vt 0.46875 0.83712
vt 0.50000 0.83712
vt 0.53125 0.83712
vt 0.56250 0.83712
vt 0.59375 0.83712
vt 0.62500 0.83712
vt 0.65625 0.83712
vt 0.68750 0.83712
vt 0.71875 0.83712
vt 0.75000 0.83712
vt 0.78125 0.83712
vt 0.81250 0.83712
vt 0.84375 0.83712
vt 0.87500 0.83712
vt 0.90625 0.83712
vt 0.93750 0.83712
vt 0.96875 0.83712
vt 1.00000 0.83712
vt 0.03125 0.86105
vt 0.00000 0.86105
vt 0.06250 0.86105
vt 0.09375 0.86105
vt 0.12500 0.86105
vt 0.15625 0.86105
vt 0.18750 0.86105
vt 0.21875 0.86105
vt 0.25000 0.86105
vt 0.28125 0.86105
vt 0.31250 0.86105
vt 0.34375 0.86105
vt 0.37500 0.86105
vt 0.40625 0.86105
vt 0.43750 0.86105
vt 0.46875 0.86105
vt 0.50000 0.86105
vt 0.53125 0.86105
vt 0.56250 0.86105
vt 0.59375 0.86105
vt 0.62500 0.86105
vt 0.65625 0.86105
vt 0.68750 0.86105
vt 0.71875 0.86105
vt 0.75000 0.86105
vt 0.78125 0.86105
vt 0.81250 0.86105
vt 0.84375 0.86105
vt 0.87500 0.86105
vt 0.90625 0.86105
vt 0.93750 0.86105
vt 0.96875 0.86105
vt 1.00000 0.86105
vt 0.03125 0.96666
vt 0.00000 0.96666
vt 0.06250 0.96666
vt 0.09375 0.96666
vt 0.12500 0.96666
vt 0.15625 0.96666
vt 0.18750 0.96666
vt 0.21875 0.96666
vt 0.25000 0.96666
vt 0.28125 0.96666
vt 0.31250 0.96666
vt 0.34375 0.96666
vt 0.37500 0.96666
vt 0.40625 0.96666
vt 0.43750 0.96666
vt 0.46875 0.96666
vt 0.50000 0.96666
vt 0.53125 0.96666
vt 0.56250 0.96666
vt 0.59375 0.96666
vt 0.62500 0.96666
vt 0.65625 0.96666
vt 0.68750 0.96666
vt 0.71875 0.96666
vt 0.75000 0.96666
vt 0.78125 0.96666
vt 0.81250 0.96666
vt 0.84375 0.96666
vt 0.87500 0.96666
vt 0.90625 0.96666
vt 0.93750 0.96666
vt 0.96875 0.96666
vt 1.00000 0.96666
vt 0.03125 0.98333
vt 0.00000 0.98333
vt 0.06250 0.98333
vt 0.09375 0.98333
vt 0.12500 0.98333
vt 0.15625 0.98333
vt 0.18750 0.98333
vt 0.21875 0.98333
vt 0.25000 0.98333
vt 0.28125 0.98333
vt 0.31250 0.98333
vt 0.34375 0.98333
vt 0.37500 0.98333
vt 0.40625 0.98333
vt 0.43750 0.98333
vt 0.46875 0.98333
vt 0.50000 0.98333
vt 0.53125 0.98333
vt 0.56250 0.98333
vt 0.59375 0.98333
vt 0.62500 0.98333
vt 0.65625 0.98333
vt 0.68750 0.98333
vt 0.71875 0.98333
vt 0.75000 0.98333
vt 0.78125 0.98333
vt 0.81250 0.98333
vt 0.84375 0.98333
vt 0.87500 0.98333
vt 0.90625 0.98333
vt 0.93750 0.98333
vt 0.96875 0.98333
vt 1.00000 0.98333
vt 0.29682 0.48539
vt 0.25000 0.49000
vt 0.20318 0.48539
vt 0.15816 0.47173
vt 0.11666 0.44955
vt 0.08030 0.41971
vt 0.05045 0.38334
vt 0.02827 0.34184
vt 0.01461 0.29682
vt 0.01000 0.25000
vt 0.01461 0.20318
vt 0.02827 0.15816
vt 0.05045 0.11666
vt 0.08029 0.08029
vt 0.11666 0.05045
vt 0.15816 0.02827
vt 0.20318 0.01461
vt 0.25000 0.01000
vt 0.29682 0.01461
vt 0.34184 0.02827
vt 0.38334 0.05045
vt 0.41971 0.08029
vt 0.44955 0.11666
vt 0.47173 0.15816
vt 0.48539 0.20318
vt 0.49000 0.25000
vt 0.48539 0.29682
vt 0.47173 0.34184
vt 0.44955 0.38334
vt 0.41971 0.41971
vt 0.38334 0.44955
vt 0.34184 0.47173
vt 0.93750 1.00000
vt 0.90625 1.00000
vt 0.65625 1.00000
vt 0.62500 1.00000
vt 0.37500 1.00000
vt 0.34375 1.00000
vt 0.09375 1.00000
vt 0.06250 1.00000
vt 0.78125 1.00000
vt 0.75000 1.00000
vt 0.50000 1.00000
vt 0.46875 1.00000
vt 0.18750 1.00000
vt 0.87500 1.00000
vt 0.59375 1.00000
vt 0.31250 1.00000
vt 0.03125 1.00000
vt 0.71875 1.00000
vt 0.43750 1.00000
vt 0.15625 1.00000
vt 0.84375 1.00000
vt 0.56250 1.00000
vt 0.28125 1.00000
vt 1.00000 1.00000
vt 0.96875 1.00000
vt 0.00000 1.00000
vt 0.68750 1.00000
vt 0.40625 1.00000
vt 0.12500 1.00000
vt 0.81250 1.00000
vt 0.53125 1.00000
vt 1.00000 0.85105
vt 1.00000 1.00000
vt 0.96875 1.00000
vt 0.96875 0.85105
vt 0.93750 1.00000
vt 0.93750 0.85105
vt 0.90625 1.00000
vt 0.90625 0.85105
vt 0.87500 1.00000
vt 0.87500 0.85105
vt 0.84375 1.00000
vt 0.84375 0.85105
vt 0.81250 1.00000
vt 0.81250 0.85105
vt 0.78125 1.00000
vt 0.78125 0.85105
vt 0.75000 1.00000
vt 0.75000 0.85105
vt 0.71875 1.00000
vt 0.71875 0.85105
vt 0.68750 1.00000
vt 0.68750 0.85105
vt 0.65625 1.00000
vt 0.65625 0.85105
vt 0.62500 1.00000
vt 0.62500 0.85105
vt 0.59375 1.00000
vt 0.59375 0.85105
vt 0.56250 1.00000
vt 0.56250 0.85105
vt 0.53125 1.00000
vt 0.53125 0.85105
vt 0.50000 1.00000
vt 0.50000 0.85105
vt 0.46875 1.00000
vt 0.46875 0.85105
vt 0.43750 1.00000
vt 0.43750 0.85105
vt 0.40625 1.00000
vt 0.40625 0.85105
vt 0.37500 1.00000
vt 0.37500 0.85105
vt 0.34375 1.00000
vt 0.34375 0.85105
vt 0.31250 1.00000
vt 0.31250 0.85105
vt 0.28125 1.00000
vt 0.28125 0.85105
vt 0.25000 1.00000
vt 0.25000 0.85105
vt 0.21875 1.00000
vt 0.21875 0.85105
vt 0.18750 1.00000
vt 0.18750 0.85105
vt 0.15625 1.00000
vt 0.15625 0.85105
vt 0.12500 1.00000
vt 0.12500 0.85105
vt 0.09375 1.00000
vt 0.09375 0.85105
vt 0.06250 1.00000
vt 0.06250 0.85105
vt 0.29682 0.48539
vt 0.25000 0.49000
vt 0.20318 0.48539
vt 0.15816 0.47173
vt 0.11666 0.44955
vt 0.08030 0.41971
vt 0.05045 0.38334
vt 0.02827 0.34184
vt 0.01461 0.29682
vt 0.01000 0.25000
vt 0.01461 0.20318
vt 0.02827 0.15816
vt 0.05045 0.11666
vt 0.08029 0.08029
vt 0.11666 0.05045
vt 0.15816 0.02827
vt 0.20318 0.01461
vt 0.25000 0.01000
vt 0.29682 0.01461
vt 0.34184 0.02827
vt 0.38334 0.05045
vt 0.41971 0.08029
vt 0.44955 0.11666
vt 0.47173 0.15816
vt 0.48539 0.20318
vt 0.49000 0.25000
vt 0.48539 0.29682
vt 0.47173 0.34184
vt 0.44955 0.38334
vt 0.41971 0.41971
vt 0.38334 0.44955
vt 0.34184 0.47173
vt 0.03125 1.00000
vt 0.03125 0.85105
vt 0.00000 1.00000
vt 0.00000 0.85105
vt 0.75000 0.49000
vt 0.79682 0.48539
vt 0.84184 0.47173
vt 0.88334 0.44955
vt 0.91971 0.41971
vt 0.94955 0.38334
vt 0.97173 0.34184
vt 0.98539 0.29682
vt 0.99000 0.25000
vt 0.98539 0.20318
vt 0.97173 0.15816
vt 0.94955 0.11666
vt 0.91971 0.08029
vt 0.88334 0.05045
vt 0.84184 0.02827
vt 0.79682 0.01461
vt 0.75000 0.01000
vt 0.70318 0.01461
vt 0.65816 0.02827
vt 0.61666 0.05045
vt 0.58029 0.08029
vt 0.55045 0.11666
vt 0.52827 0.15816
vt 0.51461 0.20318
vt 0.51000 0.25000
vt 0.51461 0.29682
vt 0.52827 0.34184
vt 0.55045 0.38334
vt 0.58030 0.41971
vt 0.61666 0.44955
vt 0.65816 0.47173
vt 0.70318 0.48539
vt 0.03125 0.50000
vt 0.03125 0.60982
vt 0.00000 0.60982
vt 0.00000 0.50000
vt 0.06250 0.50000
vt 0.06250 0.60982
vt 0.09375 0.50000
vt 0.09375 0.60982
vt 0.12500 0.50000
vt 0.12500 0.60982
vt 0.15625 0.50000
vt 0.15625 0.60982
vt 0.18750 0.50000
vt 0.18750 0.60982
vt 0.21875 0.50000
vt 0.21875 0.60982
vt 0.25000 0.50000
vt 0.25000 0.60982
vt 0.28125 0.50000
vt 0.28125 0.60982
vt 0.31250 0.50000
vt 0.31250 0.60982
vt 0.34375 0.50000
vt 0.34375 0.60982
vt 0.37500 0.50000
vt 0.37500 0.60982
vt 0.40625 0.50000
vt 0.40625 0.60982
vt 0.43750 0.50000
vt 0.43750 0.60982
vt 0.46875 0.50000
vt 0.46875 0.60982
vt 0.50000 0.50000
vt 0.50000 0.60982
vt 0.53125 0.50000
vt 0.53125 0.60982
vt 0.56250 0.50000
vt 0.56250 0.60982
vt 0.59375 0.50000
vt 0.59375 0.60982
vt 0.62500 0.50000
vt 0.62500 0.60982
vt 0.65625 0.50000
vt 0.65625 0.60982
vt 0.68750 0.50000
vt 0.68750 0.60982
vt 0.71875 0.50000
vt 0.71875 0.60982
vt 0.75000 0.50000
vt 0.75000 0.60982
vt 0.78125 0.50000
vt 0.78125 0.60982
vt 0.81250 0.50000
vt 0.81250 0.60982
vt 0.84375 0.50000
vt 0.84375 0.60982
vt 0.87500 0.50000
vt 0.87500 0.60982
vt 0.90625 0.50000
vt 0.90625 0.60982
vt 0.93750 0.50000
vt 0.93750 0.60982
vt 0.96875 0.50000
vt 0.96875 0.60982
vt 1.00000 0.50000
vt 1.00000 0.60982
vt 0.03125 0.61855
vt 0.00000 0.61855
vt 0.06250 0.61855
vt 0.09375 0.61855
vt 0.12500 0.61855
vt 0.15625 0.61855
vt 0.18750 0.61855
vt 0.21875 0.61855
vt 0.25000 0.61855
vt 0.28125 0.61855
vt 0.31250 0.61855
vt 0.34375 0.61855
vt 0.37500 0.61855
vt 0.40625 0.61855
vt 0.43750 0.61855
vt 0.46875 0.61855
vt 0.50000 0.61855
vt 0.53125 0.61855
vt 0.56250 0.61855
vt 0.59375 0.61855
vt 0.62500 0.61855
vt 0.65625 0.61855
vt 0.68750 0.61855
vt 0.71875 0.61855
vt 0.75000 0.61855
vt 0.78125 0.61855
vt 0.81250 0.61855
vt 0.84375 0.61855
vt 0.87500 0.61855
vt 0.90625 0.61855
vt 0.93750 0.61855
vt 0.96875 0.61855
vt 1.00000 0.61855
vt 0.03125 0.65228
vt 0.00000 0.65228
vt 0.06250 0.65228
vt 0.09375 0.65228
vt 0.12500 0.65228
vt 0.15625 0.65228
vt 0.18750 0.65228
vt 0.21875 0.65228
vt 0.25000 0.65228
vt 0.28125 0.65228
vt 0.31250 0.65228
vt 0.34375 0.65228
vt 0.37500 0.65228
vt 0.40625 0.65228
vt 0.43750 0.65228
vt 0.46875 0.65228
vt 0.50000 0.65228
vt 0.53125 0.65228
vt 0.56250 0.65228
vt 0.59375 0.65228
vt 0.62500 0.65228
vt 0.65625 0.65228
vt 0.68750 0.65228
vt 0.71875 0.65228
vt 0.75000 0.65228
vt 0.78125 0.65228
vt 0.81250 0.65228
vt 0.84375 0.65228
vt 0.87500 0.65228
vt 0.90625 0.65228
vt 0.93750 0.65228
vt 0.96875 0.65228
vt 1.00000 0.65228
vt 0.03125 0.67100
vt 0.00000 0.67100
vt 0.06250 0.67100
vt 0.09375 0.67100
vt 0.12500 0.67100
vt 0.15625 0.67100
vt 0.18750 0.67100
vt 0.21875 0.67100
vt 0.25000 0.67100
vt 0.28125 0.67100
vt 0.31250 0.67100
vt 0.34375 0.67100
vt 0.37500 0.67100
vt 0.40625 0.67100
vt 0.43750 0.67100
vt 0.46875 0.67100
vt 0.50000 0.67100
vt 0.53125 0.67100
vt 0.56250 0.67100
vt 0.59375 0.67100
vt 0.62500 0.67100
vt 0.65625 0.67100
vt 0.68750 0.67100
vt 0.71875 0.67100
vt 0.75000 0.67100
vt 0.78125 0.67100
vt 0.81250 0.67100
vt 0.84375 0.67100
vt 0.87500 0.67100
vt 0.90625 0.67100
vt 0.93750 0.67100
vt 0.96875 0.67100
vt 1.00000 0.67100
vt 0.03125 0.83550
vt 0.00000 0.83550
vt 0.06250 0.83550
vt 0.09375 0.83550
vt 0.12500 0.83550
vt 0.15625 0.83550
vt 0.18750 0.83550
vt 0.21875 0.83550
vt 0.25000 0.83550
vt 0.28125 0.83550
vt 0.31250 0.83550
vt 0.34375 0.83550
vt 0.37500 0.83550
vt 0.40625 0.83550
vt 0.43750 0.83550
vt 0.46875 0.83550
vt 0.50000 0.83550
vt 0.53125 0.83550
vt 0.56250 0.83550
vt 0.59375 0.83550
vt 0.62500 0.83550
vt 0.65625 0.83550
vt 0.68750 0.83550
vt 0.71875 0.83550
vt 0.75000 0.83550
vt 0.78125 0.83550
vt 0.81250 0.83550
vt 0.84375 0.83550
vt 0.87500 0.83550
vt 0.90625 0.83550
vt 0.93750 0.83550
vt 0.96875 0.83550
vt 1.00000 0.83550
vt 1.00000 0.50000
vt 1.00000 1.00000
vt 0.96875 1.00000
vt 0.96875 0.50000
vt 0.93750 1.00000
vt 0.93750 0.50000
vt 0.90625 1.00000
vt 0.90625 0.50000
vt 0.87500 1.00000
vt 0.87500 0.50000
vt 0.84375 1.00000
vt 0.84375 0.50000
vt 0.81250 1.00000
vt 0.81250 0.50000
vt 0.78125 1.00000
vt 0.78125 0.50000
vt 0.75000 1.00000
vt 0.75000 0.50000
vt 0.71875 1.00000
vt 0.71875 0.50000
vt 0.68750 1.00000
vt 0.68750 0.50000
vt 0.65625 1.00000
vt 0.65625 0.50000
vt 0.62500 1.00000
vt 0.62500 0.50000
vt 0.59375 1.00000
vt 0.59375 0.50000
vt 0.56250 1.00000
vt 0.56250 0.50000
vt 0.53125 1.00000
vt 0.53125 0.50000
vt 0.50000 1.00000
vt 0.50000 0.50000
vt 0.46875 1.00000
vt 0.46875 0.50000
vt 0.43750 1.00000
vt 0.43750 0.50000
vt 0.40625 1.00000
vt 0.40625 0.50000
vt 0.37500 1.00000
vt 0.37500 0.50000
vt 0.34375 1.00000
vt 0.34375 0.50000
vt 0.31250 1.00000
vt 0.31250 0.50000
vt 0.28125 1.00000
vt 0.28125 0.50000
vt 0.25000 1.00000
vt 0.25000 0.50000
vt 0.21875 1.00000
vt 0.21875 0.50000
vt 0.18750 1.00000
vt 0.18750 0.50000
vt 0.15625 1.00000
vt 0.15625 0.50000
vt 0.12500 1.00000
vt 0.12500 0.50000
vt 0.09375 1.00000
vt 0.09375 0.50000
vt 0.06250 1.00000
vt 0.06250 0.50000
vt 0.29682 0.48539
vt 0.25000 0.49000
vt 0.20318 0.48539
vt 0.15816 0.47173
vt 0.11666 0.44955
vt 0.08030 0.41971
vt 0.05045 0.38334
vt 0.02827 0.34184
vt 0.01461 0.29682
vt 0.01000 0.25000
vt 0.01461 0.20318
vt 0.02827 0.15816
vt 0.05045 0.11666
vt 0.08029 0.08029
vt 0.11666 0.05045
vt 0.15816 0.02827
vt 0.20318 0.01461
vt 0.25000 0.01000
vt 0.29682 0.01461
vt 0.34184 0.02827
vt 0.38334 0.05045
vt 0.41971 0.08029
vt 0.44955 0.11666
vt 0.47173 0.15816
vt 0.48539 0.20318
vt 0.49000 0.25000
vt 0.48539 0.29682
vt 0.47173 0.34184
vt 0.44955 0.38334
vt 0.41971 0.41971
vt 0.38334 0.44955
vt 0.34184 0.47173
vt 0.03125 1.00000
vt 0.03125 0.50000
vt 0.00000 1.00000
vt 0.00000 0.50000
vt 0.75000 0.49000
vt 0.79682 0.48539
vt 0.84184 0.47173
vt 0.88334 0.44955
vt 0.91971 0.41971
vt 0.94955 0.38334
vt 0.97173 0.34184
vt 0.98539 0.29682
vt 0.99000 0.25000
vt 0.98539 0.20318
vt 0.97173 0.15816
vt 0.94955 0.11666
vt 0.91971 0.08029
vt 0.88334 0.05045
vt 0.84184 0.02827
vt 0.79682 0.01461
vt 0.75000 0.01000
vt 0.70318 0.01461
vt 0.65816 0.02827
vt 0.61666 0.05045
vt 0.58029 0.08029
vt 0.55045 0.11666
vt 0.52827 0.15816
vt 0.51461 0.20318
vt 0.51000 0.25000
vt 0.51461 0.29682
vt 0.52827 0.34184
vt 0.55045 0.38334
vt 0.58030 0.41971
vt 0.61666 0.44955
vt 0.65816 0.47173
vt 0.70318 0.48539
vt 0.58333 0.00000
vt 0.62500 0.00000
vt 0.62500 0.25000
vt 0.58333 0.25000
vt 0.62500 0.50000
vt 0.58333 0.50000
vt 0.62500 0.75000
vt 0.58333 0.75000
vt 0.62500 1.00000
vt 0.58333 1.00000
vt 0.12500 0.50000
vt 0.37500 0.50000
vt 0.37500 0.75000
vt 0.12500 0.75000
vt 0.87500 0.50000
vt 0.87500 0.75000
vt 0.41667 0.75000
vt 0.41667 1.00000
vt 0.37500 1.00000
vt 0.45833 0.75000
vt 0.45833 1.00000
vt 0.50000 0.75000
vt 0.50000 1.00000
vt 0.54167 0.75000
vt 0.54167 1.00000
vt 0.41667 0.50000
vt 0.45833 0.50000
vt 0.50000 0.50000
vt 0.54167 0.50000
vt 0.37500 0.25000
vt 0.41667 0.25000
vt 0.45833 0.25000
vt 0.50000 0.25000
vt 0.54167 0.25000
vt 0.37500 0.00000
vt 0.41667 0.00000
vt 0.45833 0.00000
vt 0.50000 0.00000
vt 0.54167 0.00000
vn 1.0000 0.0000 -0.0000
vn -0.0000 0.0000 1.0000
vn -1.0000 0.0000 0.0000
vn -0.0000 -0.0000 -1.0000
vn 0.1002 -0.9950 -0.0000
vn -0.0074 1.0000 0.0000
vn 0.0679 -0.9977 -0.0000
vn 0.1544 -0.9880 -0.0000
vn -0.0144 -0.9999 -0.0000
vn 0.0046 -1.0000 -0.0000
vn 0.8088 0.5880 -0.0000
vn 0.9986 -0.0522 -0.0000
vn 0.2317 0.9728 -0.0000
vn 0.9249 -0.3802 -0.0000
vn 0.0986 -0.9951 -0.0000
vn -0.0000 1.0000 0.0000
vn 0.9999 0.0104 0.0000
vn 0.2027 -0.9792 0.0000
vn -0.9985 -0.0553 -0.0000
vn -0.9852 -0.1712 0.0000
vn 0.9900 0.1408 0.0000
vn 0.9958 -0.0914 0.0012
vn -0.9693 -0.2459 -0.0000
vn -0.0598 -0.9981 0.0161
vn 0.0420 0.9991 0.0000
vn -0.9812 0.1932 0.0000
vn 0.9970 -0.0770 0.0090
vn 0.9970 -0.0770 0.0064
vn -0.9426 0.3338 0.0000
vn 0.2287 -0.9735 0.0011
vn 0.9970 -0.0770 0.0116
vn -0.9957 -0.0924 0.0000
vn 0.0821 -0.9966 0.0000
vn -0.3951 -0.9187 0.0000
vn -0.9537 -0.3007 0.0000
vn -0.0946 0.9955 0.0000
vn -0.0669 0.9978 0.0000
vn 0.1154 -0.9933 0.0000
vn -0.0268 0.9996 0.0000
vn -0.9930 -0.1183 -0.0000
vn 0.3930 0.9196 0.0000
vn 0.0871 0.9962 0.0000
vn 0.9977 0.0682 0.0000
vn 0.9992 0.0411 -0.0000
vn -0.0372 0.9993 0.0000
vn -0.6416 -0.7671 0.0000
vn 0.6456 -0.7636 -0.0000
vn 0.0148 0.9999 0.0000
vn -0.0682 0.9977 0.0000
vn 0.0434 -0.9991 -0.0000
vn -0.0683 0.9977 0.0000
vn -0.3214 -0.9469 -0.0000
vn 0.0379 -0.9993 -0.0000
vn -0.0820 0.9966 0.0000
vn -0.0226 -0.9997 -0.0000
vn -0.3448 0.9387 0.0000
vn -0.9337 0.3580 0.0000
vn 0.9941 -0.1089 0.0029
vn 0.0120 -0.9999 -0.0000
vn -0.1043 0.9945 0.0000
vn 0.0002 -0.0001 -1.0000
vn 0.0001 -0.0001 -1.0000
vn -0.6604 -0.7509 -0.0057
vn -0.6604 -0.7509 -0.0068
vn -0.0003 0.0001 1.0000
vn -0.0001 0.0001 1.0000
vn 0.8227 0.5684 0.0057
vn 0.8227 0.5685 0.0056
vn 0.8227 0.5684 0.0069
vn -0.0001 0.0005 1.0000
vn -0.0007 -0.0009 1.0000
vn 0.7137 0.7005 0.0045
vn -0.6132 -0.7899 -0.0044
vn -0.7118 0.7023 -0.0019
vn 0.1324 0.9912 0.0023
vn 0.0676 -0.9977 -0.0009
vn 0.0005 0.0011 -1.0000
vn -0.0001 -0.0005 -1.0000
vn 0.0000 -1.0000 0.0034
vn 0.0000 1.0000 -0.0025
vn -0.9986 0.0521 -0.0036
vn 0.7118 -0.7023 0.0025
vn 0.0002 0.0004 -1.0000
vn 0.0004 0.0004 -1.0000
vn -0.0004 -0.0004 1.0000
vn -0.0003 -0.0004 1.0000
vn 1.0000 0.0000 0.0003
vn 1.0000 0.0000 0.0002
vn 0.9476 -0.3194 0.0020
vn 0.0000 0.0002 -1.0000
vn 0.0000 0.0001 -1.0000
vn -0.0000 -0.0007 1.0000
vn -0.0001 -0.0002 1.0000
vn -0.0841 0.9964 0.0036
vn 0.0848 -0.9160 -0.3921
vn 0.0700 -0.9173 0.3919
vn -1.0000 -0.0000 -0.0002
vn 0.8227 0.5685 0.0043
vn 0.9903 -0.1322 0.0419
vn -0.6603 -0.7510 -0.0045
vn 0.9911 -0.1261 -0.0414
vn -1.0000 0.0000 -0.0003
vn 1.0000 0.0000 0.0004
vn 0.0000 -1.0000 -0.0000
vn -0.0976 0.0000 0.9952
vn -0.2907 0.0000 0.9568
vn -0.4713 0.0000 0.8820
vn -0.6345 0.0000 0.7729
vn -0.7730 0.0000 0.6344
vn -0.8819 0.0000 0.4713
vn -0.9570 0.0000 0.2902
vn -0.9952 0.0000 0.0983
vn -0.9952 0.0000 -0.0982
vn -0.9570 0.0000 -0.2902
vn -0.8819 0.0000 -0.4713
vn -0.7730 0.0000 -0.6344
vn -0.6345 0.0000 -0.7729
vn -0.4709 0.0000 -0.8822
vn -0.2907 0.0000 -0.9568
vn -0.0981 0.0000 -0.9952
vn 0.0981 0.0000 -0.9952
vn 0.2907 0.0000 -0.9568
vn 0.4709 0.0000 -0.8822
vn 0.6345 0.0000 -0.7729
vn 0.7730 0.0000 -0.6344
vn 0.8819 0.0000 -0.4713
vn 0.9570 0.0000 -0.2902
vn 0.9952 0.0000 -0.0982
vn 0.9952 0.0000 0.0983
vn 0.9570 0.0000 0.2902
vn 0.8819 0.0000 0.4713
vn 0.7730 0.0000 0.6344
vn 0.6345 0.0000 0.7729
vn 0.4713 0.0000 0.8820
vn 0.2907 0.0000 0.9568
vn 0.0976 0.0000 0.9952
vn -0.0974 0.0000 0.9952
vn -0.2909 0.0000 0.9567
vn -0.4711 0.0000 0.8821
vn -0.7729 0.0000 0.6346
vn -0.8820 0.0000 0.4713
vn -0.9569 0.0000 0.2904
vn -0.9952 0.0000 0.0982
vn -0.8819 0.0000 -0.4715
vn -0.7731 0.0000 -0.6343
vn -0.4711 0.0000 -0.8821
vn -0.2899 0.0000 -0.9571
vn -0.0985 0.0000 -0.9951
vn 0.0985 0.0000 -0.9951
vn 0.2899 0.0000 -0.9571
vn 0.4711 0.0000 -0.8821
vn 0.7731 0.0000 -0.6343
vn 0.8819 0.0000 -0.4715
vn 0.9952 0.0000 0.0982
vn 0.9569 0.0000 0.2904
vn 0.8820 0.0000 0.4713
vn 0.7729 0.0000 0.6346
vn 0.4711 0.0000 0.8821
vn 0.2909 0.0000 0.9567
vn 0.0974 0.0000 0.9952
vn -0.4714 0.0000 0.8819
vn -0.7730 0.0000 0.6345
vn -0.8819 0.0000 0.4714
vn -0.9952 0.0000 0.0980
vn -0.9952 0.0000 -0.0980
vn -0.8819 0.0000 -0.4714
vn -0.7730 0.0000 -0.6345
vn -0.4714 0.0000 -0.8819
vn -0.2902 0.0000 -0.9570
vn 0.2902 0.0000 -0.9570
vn 0.4714 0.0000 -0.8819
vn 0.7730 0.0000 -0.6345
vn 0.8819 0.0000 -0.4714
vn 0.9952 0.0000 -0.0980
vn 0.9952 0.0000 0.0980
vn 0.8819 0.0000 0.4714
vn 0.7730 0.0000 0.6345
vn 0.4714 0.0000 0.8819
vn 0.2906 0.0000 0.9568
vn -0.8601 0.5102 0.0000
vn -0.0045 -1.0000 -0.0000
vn -0.9993 -0.0373 -0.0000
vn -0.3707 0.9287 0.0000
vn 0.9999 -0.0151 -0.0000
vn 0.1647 0.9863 0.0000
vn 0.3467 0.9380 0.0000
vn 0.9995 0.0315 0.0000
vn -0.7634 0.6459 0.0000
vn -0.9999 0.0151 0.0000
vn 0.9983 0.0576 0.0000
vn -0.9983 -0.0576 -0.0000
vn 1.0000 0.0024 0.0000
vn -1.0000 -0.0025 -0.0000
vn 0.9999 -0.0122 -0.0000
vn -0.0001 0.0000 1.0000
vn 0.3580 -0.9337 -0.0000
vn 0.9862 -0.1653 -0.0000
vn -0.9973 -0.0741 0.0000
vn 0.9984 -0.0571 -0.0000
vn -0.4206 -0.9072 0.0000
vn 0.7858 -0.6185 0.0000
vn -0.7842 0.6205 0.0000
vn 0.9685 -0.2492 -0.0000
vn 0.0172 -0.9999 -0.0000
vn -0.9999 0.0164 0.0000
vn -0.7106 -0.7036 0.0000
vn 0.0181 0.9998 0.0000
vn -0.7637 0.6456 0.0000
vn -0.0122 -0.9999 -0.0000
vn 0.0000 -0.1018 0.9948
vn 0.0003 -0.3005 0.9538
vn 0.0009 -0.4853 0.8744
vn 0.0016 -0.6486 0.7611
vn 0.0023 -0.7845 0.6202
vn 0.0030 -0.8891 0.4578
vn 0.0035 -0.9598 0.2805
vn 0.0038 -0.9955 0.0945
vn 0.0038 -0.9955 -0.0945
vn 0.0035 -0.9598 -0.2805
vn 0.0030 -0.8891 -0.4578
vn 0.0023 -0.7845 -0.6202
vn 0.0016 -0.6486 -0.7611
vn 0.0009 -0.4853 -0.8744
vn 0.0003 -0.3005 -0.9538
vn 0.0000 -0.1018 -0.9948
vn 0.0000 0.1018 -0.9948
vn 0.0003 0.3006 -0.9537
vn 0.0009 0.4856 -0.8742
vn 0.0016 0.6489 -0.7608
vn 0.0024 0.7848 -0.6197
vn 0.0031 0.8893 -0.4573
vn 0.0036 0.9600 -0.2801
vn 0.0039 0.9955 -0.0943
vn 0.0039 0.9955 0.0943
vn 0.0036 0.9600 0.2801
vn 0.0031 0.8893 0.4573
vn 0.0024 0.7848 0.6197
vn 0.0016 0.6489 0.7608
vn 0.0009 0.4856 0.8742
vn 0.0003 0.3006 0.9537
vn 0.0000 0.1018 0.9948
vn 0.9254 0.3790 0.0000
vn 0.0000 -0.1003 0.9950
vn 0.0001 -0.2965 0.9550
vn 0.0002 -0.4799 0.8773
vn 0.0003 -0.6431 0.7658
vn 0.0005 -0.7801 0.6256
vn 0.0006 -0.8864 0.4630
vn 0.0007 -0.9588 0.2842
vn 0.0008 -0.9954 0.0958
vn 0.0008 -0.9954 -0.0958
vn 0.0007 -0.9588 -0.2842
vn 0.0006 -0.8864 -0.4630
vn 0.0005 -0.7801 -0.6256
vn 0.0003 -0.6431 -0.7658
vn 0.0002 -0.4799 -0.8773
vn 0.0001 -0.2965 -0.9550
vn 0.0000 -0.1002 -0.9950
vn 0.0000 0.1002 -0.9950
vn 0.0001 0.2965 -0.9550
vn 0.0002 0.4798 -0.8774
vn 0.0003 0.6431 -0.7658
vn 0.0005 0.7801 -0.6257
vn 0.0006 0.8864 -0.4630
vn 0.0007 0.9588 -0.2842
vn 0.0008 0.9954 -0.0958
vn 0.0008 0.9954 0.0958
vn 0.0007 0.9588 0.2842
vn 0.0006 0.8864 0.4630
vn 0.0005 0.7801 0.6257
vn 0.0003 0.6431 0.7658
vn 0.0002 0.4798 0.8774
vn 0.0001 0.2965 0.9550
vn 0.0000 0.1003 0.9950
vn 0.9995 -0.0304 -0.0000
vn -0.0000 -0.0980 0.9952
vn 0.0000 -0.2903 0.9569
vn -0.0000 -0.4714 0.8819
vn 0.0000 -0.6344 0.7730
vn 0.0000 -0.7730 0.6344
vn -0.0000 -0.8819 0.4714
vn 0.0000 -0.9569 0.2903
vn 0.0000 -0.9952 0.0980
vn -0.0000 -0.9952 -0.0980
vn -0.0000 -0.9569 -0.2903
vn -0.0000 -0.8819 -0.4714
vn -0.0000 -0.7730 -0.6344
vn -0.0000 -0.6344 -0.7730
vn 0.0000 -0.4714 -0.8819
vn -0.0000 -0.2903 -0.9569
vn -0.0000 -0.0980 -0.9952
vn -0.0000 0.0980 -0.9952
vn -0.0000 0.2903 -0.9569
vn 0.0000 0.4714 -0.8819
vn -0.0000 0.6344 -0.7730
vn -0.0000 0.7730 -0.6344
vn -0.0000 0.8819 -0.4714
vn -0.0000 0.9569 -0.2903
vn 0.0000 0.9952 -0.0980
vn 0.0000 0.9952 0.0980
vn 0.0000 0.9569 0.2903
vn 0.0000 0.8819 0.4714
vn 0.0000 0.7730 0.6344
vn 0.0000 0.6344 0.7730
vn -0.0000 0.4714 0.8819
vn -0.0000 0.2903 0.9569
vn -0.0000 0.0980 0.9952
vn -0.2363 -0.1135 0.9650
vn -0.2377 -0.3016 0.9233
vn -0.2384 -0.4766 0.8462
vn -0.2385 -0.6319 0.7374
vn -0.2382 -0.7622 0.6019
vn -0.2379 -0.8632 0.4452
vn -0.2375 -0.9322 0.2733
vn -0.2373 -0.9671 0.0921
vn -0.2372 -0.9671 -0.0921
vn -0.2375 -0.9321 -0.2733
vn -0.2379 -0.8632 -0.4452
vn -0.2383 -0.7622 -0.6019
vn -0.2385 -0.6319 -0.7374
vn -0.2384 -0.4766 -0.8462
vn -0.2377 -0.3016 -0.9233
vn -0.2363 -0.1136 -0.9650
vn -0.2342 0.0801 -0.9689
vn -0.2315 0.2712 -0.9343
vn -0.2283 0.4518 -0.8624
vn -0.2248 0.6143 -0.7563
vn -0.2215 0.7522 -0.6206
vn -0.2186 0.8601 -0.4609
vn -0.2165 0.9342 -0.2837
vn -0.2154 0.9718 -0.0957
vn -0.2154 0.9718 0.0957
vn -0.2165 0.9342 0.2837
vn -0.2186 0.8601 0.4609
vn -0.2215 0.7522 0.6206
vn -0.2248 0.6143 0.7563
vn -0.2282 0.4518 0.8624
vn -0.2315 0.2712 0.9343
vn -0.2342 0.0800 0.9689
vn 0.9091 0.4166 0.0000
vn 0.0001 0.1038 0.9946
vn 0.0008 0.3062 0.9520
vn 0.0021 0.4933 0.8698
vn 0.0039 0.6569 0.7540
vn 0.0057 0.7912 0.6115
vn 0.0074 0.8932 0.4495
vn 0.0086 0.9615 0.2746
vn 0.0093 0.9957 0.0923
vn 0.0093 0.9957 -0.0923
vn 0.0086 0.9615 -0.2745
vn 0.0074 0.8932 -0.4495
vn 0.0057 0.7912 -0.6115
vn 0.0039 0.6569 -0.7540
vn 0.0021 0.4933 -0.8699
vn 0.0008 0.3062 -0.9520
vn 0.0001 0.1039 -0.9946
vn 0.0001 -0.1038 -0.9946
vn 0.0008 -0.3058 -0.9521
vn 0.0021 -0.4924 -0.8703
vn 0.0037 -0.6557 -0.7550
vn 0.0053 -0.7901 -0.6129
vn 0.0068 -0.8925 -0.4511
vn 0.0080 -0.9612 -0.2758
vn 0.0086 -0.9957 -0.0928
vn 0.0086 -0.9957 0.0927
vn 0.0080 -0.9612 0.2758
vn 0.0068 -0.8925 0.4511
vn 0.0053 -0.7901 0.6130
vn 0.0037 -0.6557 0.7550
vn 0.0021 -0.4925 0.8703
vn 0.0008 -0.3058 0.9521
vn 0.0001 -0.1037 0.9946
vn -0.0705 -0.0678 0.9952
vn -0.2099 -0.2007 0.9569
vn -0.3407 -0.3258 0.8819
vn -0.4583 -0.4386 0.7730
vn -0.5586 -0.5344 0.6343
vn -0.6372 -0.6097 0.4714
vn -0.6915 -0.6615 0.2903
vn -0.7191 -0.6880 0.0980
vn -0.7189 -0.6882 -0.0980
vn -0.6913 -0.6616 -0.2903
vn -0.6372 -0.6098 -0.4714
vn -0.5585 -0.5344 -0.6344
vn -0.4582 -0.4386 -0.7731
vn -0.3405 -0.3260 -0.8819
vn -0.2099 -0.2006 -0.9569
vn -0.0707 -0.0678 -0.9952
vn 0.0707 0.0678 -0.9952
vn 0.2099 0.2006 -0.9569
vn 0.3407 0.3260 -0.8819
vn 0.4583 0.4386 -0.7730
vn 0.5585 0.5344 -0.6344
vn 0.6372 0.6098 -0.4714
vn 0.6914 0.6616 -0.2903
vn 0.7190 0.6881 -0.0980
vn 0.7189 0.6881 0.0980
vn 0.6914 0.6616 0.2903
vn 0.6373 0.6096 0.4713
vn 0.5587 0.5344 0.6342
vn 0.4583 0.4386 0.7730
vn 0.3407 0.3258 0.8819
vn -0.6914 0.7225 0.0000
vn 0.2094 0.2007 0.9570
vn 0.0707 0.0678 0.9952
vn 0.6914 -0.7225 -0.0000
vn -0.9994 0.0356 0.0000
vn -0.9116 0.4110 0.0000
vn 0.9773 -0.2121 -0.0000
vn 0.9783 -0.2071 -0.0000
vn 0.9987 0.0506 0.0000
vn -0.9984 0.0559 0.0000
vn 0.9794 -0.2021 -0.0000
vn -0.8961 0.4438 0.0000
vn -0.9778 0.2096 0.0000
vn 0.9180 -0.0389 0.3946
vn 0.9203 -0.1136 0.3743
vn 0.9224 -0.1821 0.3406
vn 0.9242 -0.2423 0.2952
vn 0.9257 -0.2924 0.2400
vn 0.9268 -0.3311 0.1770
vn 0.9276 -0.3575 0.1084
vn 0.9280 -0.3708 0.0365
vn 0.9280 -0.3708 -0.0365
vn 0.9276 -0.3575 -0.1084
vn 0.9268 -0.3311 -0.1770
vn 0.9257 -0.2924 -0.2400
vn 0.9242 -0.2423 -0.2952
vn 0.9224 -0.1821 -0.3406
vn 0.9203 -0.1136 -0.3743
vn 0.9180 -0.0389 -0.3946
vn 0.9156 0.0394 -0.4002
vn 0.9131 0.1184 -0.3902
vn 0.9107 0.1948 -0.3644
vn 0.9084 0.2653 -0.3233
vn 0.9064 0.3266 -0.2681
vn 0.9047 0.3757 -0.2008
vn 0.9036 0.4100 -0.1244
vn 0.9030 0.4276 -0.0421
vn 0.9030 0.4276 0.0421
vn 0.9036 0.4100 0.1244
vn 0.9047 0.3757 0.2008
vn 0.9063 0.3266 0.2681
vn 0.9084 0.2653 0.3233
vn 0.9106 0.1948 0.3644
vn 0.9131 0.1184 0.3902
vn 0.9156 0.0394 0.4002
vn -0.4178 0.0890 0.9042
vn -0.4178 0.2637 0.8694
vn -0.4178 0.4283 0.8013
vn -0.4178 0.5764 0.7023
vn -0.4178 0.7023 0.5764
vn -0.4178 0.8012 0.4283
vn -0.4178 0.8694 0.2637
vn -0.4178 0.9042 0.0891
vn -0.4178 0.9041 -0.0891
vn -0.4178 0.8694 -0.2637
vn -0.4178 0.8013 -0.4283
vn -0.4178 0.7023 -0.5764
vn -0.4178 0.5764 -0.7023
vn -0.4178 0.4283 -0.8012
vn -0.4178 0.2637 -0.8694
vn -0.4178 0.0891 -0.9041
vn -0.4178 -0.0891 -0.9042
vn -0.4178 -0.2637 -0.8694
vn -0.4178 -0.4283 -0.8012
vn -0.4178 -0.5764 -0.7023
vn -0.4178 -0.7023 -0.5764
vn -0.4178 -0.8012 -0.4283
vn -0.4178 -0.8694 -0.2637
vn -0.4178 -0.9041 -0.0890
vn -0.4178 -0.9042 0.0890
vn -0.4178 -0.8694 0.2637
vn -0.4178 -0.8012 0.4283
vn -0.4178 -0.7023 0.5764
vn -0.4178 -0.5764 0.7023
vn -0.4178 -0.4283 0.8012
vn -0.4178 -0.2637 0.8694
vn -0.4178 -0.0891 0.9042
vn -0.7102 0.0690 0.7006
vn -0.7102 0.2044 0.6737
vn -0.7102 0.3319 0.6209
vn -0.7102 0.4466 0.5442
vn -0.7102 0.5442 0.4466
vn -0.7102 0.6209 0.3319
vn -0.7102 0.6737 0.2044
vn -0.7102 0.7006 0.0690
vn -0.7102 0.7006 -0.0690
vn -0.7102 0.6737 -0.2044
vn -0.7102 0.6209 -0.3319
vn -0.7102 0.5442 -0.4466
vn -0.7102 0.4466 -0.5442
vn -0.7102 0.3319 -0.6209
vn -0.7102 0.2044 -0.6737
vn -0.7102 0.0690 -0.7006
vn -0.7102 -0.0690 -0.7006
vn -0.7102 -0.2044 -0.6737
vn -0.7102 -0.3319 -0.6209
vn -0.7102 -0.4466 -0.5442
vn -0.7102 -0.5442 -0.4466
vn -0.7101 -0.6209 -0.3319
vn -0.7102 -0.6737 -0.2044
vn -0.7102 -0.7006 -0.0690
vn -0.7102 -0.7006 0.0690
vn -0.7102 -0.6737 0.2044
vn -0.7102 -0.6209 0.3319
vn -0.7102 -0.5442 0.4466
vn -0.7102 -0.4466 0.5442
vn -0.7102 -0.3319 0.6209
vn -0.7102 -0.2044 0.6737
vn -0.7102 -0.0690 0.7006
vn 0.4346 0.0883 0.8963
vn 0.4346 0.2614 0.8618
vn 0.4346 0.4245 0.7943
vn 0.4346 0.5713 0.6962
vn 0.4346 0.6962 0.5713
vn 0.4346 0.7943 0.4245
vn 0.4347 0.8618 0.2614
vn 0.4346 0.8963 0.0883
vn 0.4346 0.8963 -0.0883
vn 0.4347 0.8618 -0.2614
vn 0.4346 0.7943 -0.4245
vn 0.4347 0.6962 -0.5713
vn 0.4347 0.5713 -0.6962
vn 0.4346 0.4245 -0.7943
vn 0.4346 0.2614 -0.8618
vn 0.4347 0.0883 -0.8963
vn 0.4347 -0.0883 -0.8963
vn 0.4346 -0.2614 -0.8618
vn 0.4346 -0.4245 -0.7943
vn 0.4347 -0.5713 -0.6962
vn 0.4346 -0.6962 -0.5713
vn 0.4346 -0.7943 -0.4245
vn 0.4346 -0.8618 -0.2614
vn 0.4346 -0.8963 -0.0883
vn 0.4347 -0.8963 0.0883
vn 0.4347 -0.8618 0.2614
vn 0.4346 -0.7943 0.4245
vn 0.4347 -0.6962 0.5713
vn 0.4347 -0.5713 0.6962
vn 0.4346 -0.4245 0.7943
vn 0.4346 -0.2614 0.8618
vn 0.4346 -0.0883 0.8963
vn 0.0338 0.0980 0.9946
vn 0.0338 0.2901 0.9564
vn 0.0338 0.4711 0.8814
vn 0.0338 0.6340 0.7726
vn 0.0338 0.7726 0.6340
vn 0.0338 0.8814 0.4711
vn 0.0338 0.9564 0.2901
vn 0.0338 0.9946 0.0980
vn 0.0338 0.9946 -0.0980
vn 0.0338 0.9564 -0.2901
vn 0.0338 0.8814 -0.4711
vn 0.0338 0.7726 -0.6340
vn 0.0338 0.6340 -0.7726
vn 0.0338 0.4711 -0.8814
vn 0.0338 0.2901 -0.9564
vn 0.0338 0.0980 -0.9946
vn 0.0338 -0.0980 -0.9946
vn 0.0338 -0.2901 -0.9564
vn 0.0338 -0.4711 -0.8814
vn 0.0338 -0.6340 -0.7726
vn 0.0338 -0.7726 -0.6340
vn 0.0338 -0.8814 -0.4711
vn 0.0338 -0.9564 -0.2901
vn 0.0338 -0.9946 -0.0980
vn 0.0338 -0.9946 0.0980
vn 0.0338 -0.9564 0.2901
vn 0.0338 -0.8814 0.4711
vn 0.0338 -0.7726 0.6340
vn 0.0338 -0.6340 0.7726
vn 0.0338 -0.4711 0.8814
vn 0.0338 -0.2901 0.9564
vn 0.0338 -0.0980 0.9946
vn -0.6968 0.0703 0.7138
vn -0.6968 0.2082 0.6864
vn -0.6968 0.3381 0.6326
vn -0.6968 0.4550 0.5544
vn -0.6968 0.5545 0.4550
vn -0.6968 0.6325 0.3381
vn -0.6968 0.6864 0.2082
vn -0.6968 0.7138 0.0703
vn -0.6968 0.7138 -0.0703
vn -0.6968 0.6864 -0.2082
vn -0.6968 0.6326 -0.3381
vn -0.6968 0.5544 -0.4550
vn -0.6968 0.4550 -0.5545
vn -0.6968 0.3381 -0.6326
vn -0.6968 0.2082 -0.6864
vn -0.6968 0.0703 -0.7138
vn -0.6968 -0.0703 -0.7138
vn -0.6968 -0.2082 -0.6864
vn -0.6968 -0.3381 -0.6326
vn -0.6968 -0.4550 -0.5545
vn -0.6968 -0.5544 -0.4550
vn -0.6968 -0.6326 -0.3381
vn -0.6968 -0.6864 -0.2082
vn -0.6968 -0.7138 -0.0703
vn -0.6968 -0.7138 0.0703
vn -0.6968 -0.6864 0.2082
vn -0.6968 -0.6326 0.3381
vn -0.6968 -0.5545 0.4550
vn -0.6968 -0.4550 0.5544
vn -0.6968 -0.3381 0.6326
vn -0.6968 -0.2082 0.6864
vn -0.6968 -0.0703 0.7138
vn 0.1681 0.0966 0.9810
vn 0.1555 0.2868 0.9453
vn 0.1436 0.4665 0.8728
vn 0.1328 0.6288 0.7662
vn 0.1235 0.7671 0.6295
vn 0.1163 0.8759 0.4682
vn 0.1112 0.9510 0.2885
vn 0.1087 0.9893 0.0974
vn 0.1087 0.9893 -0.0974
vn 0.1112 0.9510 -0.2885
vn 0.1163 0.8759 -0.4682
vn 0.1235 0.7671 -0.6295
vn 0.1328 0.6288 -0.7662
vn 0.1436 0.4665 -0.8728
vn 0.1555 0.2868 -0.9453
vn 0.1681 0.0966 -0.9810
vn 0.1809 -0.0964 -0.9788
vn 0.1933 -0.2848 -0.9389
vn 0.2049 -0.4614 -0.8632
vn 0.2154 -0.6195 -0.7549
vn 0.2242 -0.7533 -0.6183
vn 0.2310 -0.8581 -0.4586
vn 0.2357 -0.9300 -0.2821
vn 0.2381 -0.9666 -0.0952
vn 0.2381 -0.9666 0.0952
vn 0.2357 -0.9300 0.2821
vn 0.2310 -0.8581 0.4586
vn 0.2241 -0.7533 0.6183
vn 0.2154 -0.6195 0.7549
vn 0.2050 -0.4614 0.8632
vn 0.1933 -0.2848 0.9389
vn 0.1809 -0.0964 0.9788
vn -0.9287 0.0364 0.3692
vn -0.9287 0.1077 0.3550
vn -0.9287 0.1749 0.3271
vn -0.9287 0.2353 0.2867
vn -0.9287 0.2867 0.2353
vn -0.9287 0.3271 0.1749
vn -0.9287 0.3550 0.1077
vn -0.9287 0.3692 0.0364
vn -0.9287 0.3692 -0.0364
vn -0.9287 0.3550 -0.1077
vn -0.9287 0.3271 -0.1749
vn -0.9287 0.2867 -0.2353
vn -0.9287 0.2353 -0.2867
vn -0.9287 0.1749 -0.3272
vn -0.9287 0.1077 -0.3550
vn -0.9287 0.0364 -0.3691
vn -0.9287 -0.0364 -0.3692
vn -0.9287 -0.1077 -0.3550
vn -0.9287 -0.1749 -0.3271
vn -0.9287 -0.2353 -0.2867
vn -0.9287 -0.2867 -0.2353
vn -0.9287 -0.3271 -0.1749
vn -0.9287 -0.3550 -0.1077
vn -0.9287 -0.3692 -0.0364
vn -0.9287 -0.3692 0.0364
vn -0.9287 -0.3550 0.1077
vn -0.9287 -0.3271 0.1749
vn -0.9287 -0.2867 0.2353
vn -0.9287 -0.2353 0.2867
vn -0.9287 -0.1749 0.3271
vn -0.9287 -0.1077 0.3550
vn -0.9287 -0.0364 0.3692
vn 0.9089 0.0409 0.4150
vn 0.9089 0.1210 0.3990
vn 0.9089 0.1966 0.3677
vn 0.9089 0.2645 0.3223
vn 0.9089 0.3223 0.2645
vn 0.9089 0.3677 0.1966
vn 0.9089 0.3990 0.1210
vn 0.9089 0.4149 0.0409
vn 0.9089 0.4150 -0.0409
vn 0.9089 0.3990 -0.1210
vn 0.9089 0.3677 -0.1966
vn 0.9089 0.3223 -0.2645
vn 0.9089 0.2645 -0.3223
vn 0.9089 0.1966 -0.3677
vn 0.9089 0.1210 -0.3990
vn 0.9089 0.0409 -0.4150
vn 0.9089 -0.0409 -0.4150
vn 0.9089 -0.1210 -0.3990
vn 0.9089 -0.1966 -0.3677
vn 0.9089 -0.2645 -0.3223
vn 0.9089 -0.3223 -0.2645
vn 0.9089 -0.3677 -0.1966
vn 0.9089 -0.3990 -0.1210
vn 0.9089 -0.4150 -0.0409
vn 0.9089 -0.4150 0.0409
vn 0.9089 -0.3990 0.1210
vn 0.9089 -0.3677 0.1966
vn 0.9089 -0.3223 0.2645
vn 0.9089 -0.2645 0.3223
vn 0.9089 -0.1966 0.3677
vn 0.9089 -0.1210 0.3990
vn 0.9089 -0.0409 0.4150
vn -0.7728 0.0622 0.6316
vn -0.7728 0.1842 0.6074
vn -0.7728 0.2992 0.5597
vn -0.7728 0.4026 0.4906
vn -0.7728 0.4906 0.4026
vn -0.7728 0.5597 0.2992
vn -0.7728 0.6074 0.1842
vn -0.7728 0.6316 0.0622
vn -0.7728 0.6316 -0.0622
vn -0.7728 0.6074 -0.1842
vn -0.7728 0.5598 -0.2992
vn -0.7728 0.4906 -0.4027
vn -0.7728 0.4026 -0.4906
vn -0.7728 0.2992 -0.5597
vn -0.7728 0.1842 -0.6074
vn -0.7728 0.0622 -0.6316
vn -0.7728 -0.0622 -0.6316
vn -0.7728 -0.1842 -0.6074
vn -0.7728 -0.2992 -0.5597
vn -0.7728 -0.4026 -0.4906
vn -0.7728 -0.4906 -0.4026
vn -0.7728 -0.5597 -0.2992
vn -0.7728 -0.6074 -0.1842
vn -0.7728 -0.6316 -0.0622
vn -0.7728 -0.6316 0.0622
vn -0.7728 -0.6074 0.1842
vn -0.7728 -0.5598 0.2992
vn -0.7728 -0.4906 0.4026
vn -0.7728 -0.4026 0.4906
vn -0.7728 -0.2992 0.5597
vn -0.7728 -0.1842 0.6074
vn -0.7728 -0.0622 0.6316
vn -0.0980 0.0000 0.9952
vn -0.2902 0.0000 0.9570
vn -0.6344 0.0000 0.7730
vn -0.9569 0.0000 0.2903
vn -0.9569 0.0000 -0.2903
vn -0.6344 0.0000 -0.7730
vn -0.2903 0.0000 -0.9569
vn -0.0980 0.0000 -0.9952
vn 0.0980 0.0000 -0.9952
vn 0.2903 0.0000 -0.9569
vn 0.6344 0.0000 -0.7730
vn 0.9569 0.0000 -0.2903
vn 0.9569 0.0000 0.2903
vn 0.6344 0.0000 0.7730
vn 0.2903 0.0000 0.9569
vn 0.0980 0.0000 0.9952
vn -0.6616 -0.7499 0.0000
vn -0.9231 -0.3846 0.0000
vn -0.9983 0.0582 0.0000
vn -0.9642 0.2652 0.0000
vn -0.7777 -0.6287 0.0000
vn 0.6925 0.7214 0.0000
vn 0.9062 0.4229 0.0000
vn 0.9988 -0.0499 0.0000
vn 0.9701 -0.2426 0.0000
vn 0.5590 -0.8292 0.0000
usemtl Material.003
s 1
f 1867/2928/492 1820/2929/492 1822/2930/492 1868/2931/492
f 1874/2932/493 1831/2933/493 1826/2934/493 1869/2935/493
f 1869/2935/494 1826/2934/494 1824/2936/494 1870/2937/494
f 1876/2938/495 1836/2939/495 1820/2940/495 1867/2941/495
f 1833/2942/496 1825/2943/496 1823/2944/496 1832/2945/496
f 1837/2946/497 1822/2947/497 1820/2948/497 1836/2949/497
f 1831/2950/497 1828/2951/497 1830/2952/497 1834/2953/497
f 1841/2954/498 1827/2955/498 1829/2956/498 1840/2957/498
f 1873/2958/495 1834/2959/495 1830/2960/495 1871/2961/495
f 1878/2962/493 1839/2963/493 1828/2964/493 1872/2965/493
f 1870/2937/495 1824/2936/495 1834/2959/495 1873/2958/495
f 1826/2934/497 1831/2950/497 1834/2953/497 1824/2936/497
f 1827/2955/499 1833/2942/499 1832/2945/499 1829/2956/499
f 1872/2965/493 1828/2964/493 1831/2933/493 1874/2932/493
f 1868/2931/493 1822/2930/493 1837/2966/493 1875/2967/493
f 1821/2968/500 1835/2969/500 1838/2970/500 1819/2971/500
f 1839/2972/497 1837/2946/497 1836/2949/497 1842/2973/497
f 1877/2974/495 1842/2975/495 1836/2939/495 1876/2938/495
f 1871/2961/495 1830/2960/495 1842/2975/495 1877/2974/495
f 1828/2951/497 1839/2972/497 1842/2973/497 1830/2952/497
f 1875/2967/493 1837/2966/493 1839/2963/493 1878/2962/493
f 1835/2969/501 1841/2954/501 1840/2957/501 1838/2970/501
f 1862/2976/493 1851/2977/493 1854/2978/493 1865/2979/493
f 1858/2980/495 1847/2981/495 1853/2982/495 1864/2983/495
f 1864/2983/495 1853/2982/495 1852/2984/495 1863/2985/495
f 1855/2986/493 1844/2987/493 1851/2977/493 1862/2976/493
f 1859/2988/493 1848/2989/493 1850/2990/493 1861/2991/493
f 1857/2992/495 1846/2993/495 1849/2994/495 1860/2995/495
f 1865/2979/493 1854/2978/493 1848/2989/493 1859/2988/493
f 1860/2995/495 1849/2994/495 1847/2981/495 1858/2980/495
f 1863/2985/495 1852/2984/495 1843/2996/495 1866/2997/495
f 1856/2998/494 1845/2999/494 1846/2993/494 1857/2992/494
f 1861/2991/493 1850/2990/493 1845/2999/493 1856/2998/493
f 1866/3000/502 1843/3001/502 1844/2987/502 1855/2986/502
f 1891/3002/503 1866/3000/503 1855/2986/503 1892/3003/503
f 1898/3004/493 1861/2991/493 1856/2998/493 1893/3005/493
f 1893/3005/494 1856/2998/494 1857/2992/494 1894/3006/494
f 1900/3007/495 1863/2985/495 1866/2997/495 1891/3008/495
f 1897/3009/495 1860/2995/495 1858/2980/495 1895/3010/495
f 1902/3011/493 1865/2979/493 1859/2988/493 1896/3012/493
f 1894/3006/495 1857/2992/495 1860/2995/495 1897/3009/495
f 1896/3012/493 1859/2988/493 1861/2991/493 1898/3004/493
f 1892/3003/493 1855/2986/493 1862/2976/493 1899/3013/493
f 1901/3014/495 1864/2983/495 1863/2985/495 1900/3007/495
f 1895/3010/495 1858/2980/495 1864/2983/495 1901/3014/495
f 1899/3013/493 1862/2976/493 1865/2979/493 1902/3011/493
f 1851/2977/493 1875/2967/493 1878/2962/493 1854/2978/493
f 1847/2981/495 1871/2961/495 1877/2974/495 1853/2982/495
f 1853/2982/495 1877/2974/495 1876/2938/495 1852/2984/495
f 1844/2987/493 1868/2931/493 1875/2967/493 1851/2977/493
f 1848/2989/493 1872/2965/493 1874/2932/493 1850/2990/493
f 1846/2993/495 1870/2937/495 1873/2958/495 1849/2994/495
f 1854/2978/493 1878/2962/493 1872/2965/493 1848/2989/493
f 1849/2994/495 1873/2958/495 1871/2961/495 1847/2981/495
f 1852/2984/495 1876/2938/495 1867/2941/495 1843/2996/495
f 1845/2999/494 1869/2935/494 1870/2937/494 1846/2993/494
f 1850/2990/493 1874/2932/493 1869/2935/493 1845/2999/493
f 1843/3001/504 1867/2928/504 1868/2931/504 1844/2987/504
f 1835/3015/493 1886/3016/493 1889/3017/493 1841/3018/493
f 1829/3019/495 1882/3020/495 1888/3021/495 1840/3022/495
f 1840/3022/495 1888/3021/495 1887/3023/495 1838/3024/495
f 1821/3025/493 1879/3026/493 1886/3016/493 1835/3015/493
f 1827/3027/493 1883/3028/493 1885/3029/493 1833/3030/493
f 1823/2944/495 1881/3031/495 1884/3032/495 1832/3033/495
f 1841/3018/493 1889/3017/493 1883/3028/493 1827/3027/493
f 1832/3033/495 1884/3032/495 1882/3020/495 1829/3019/495
f 1838/3024/495 1887/3023/495 1890/3034/495 1819/3035/495
f 1825/2943/494 1880/3036/494 1881/3031/494 1823/2944/494
f 1833/3030/493 1885/3029/493 1880/3036/493 1825/2943/493
f 1819/3037/505 1890/3038/505 1879/3026/505 1821/3025/505
f 1886/3016/493 1899/3013/493 1902/3011/493 1889/3017/493
f 1882/3020/495 1895/3010/495 1901/3014/495 1888/3021/495
f 1888/3021/495 1901/3014/495 1900/3007/495 1887/3023/495
f 1879/3026/493 1892/3003/493 1899/3013/493 1886/3016/493
f 1883/3028/493 1896/3012/493 1898/3004/493 1885/3029/493
f 1881/3031/495 1894/3006/495 1897/3009/495 1884/3032/495
f 1889/3017/493 1902/3011/493 1896/3012/493 1883/3028/493
f 1884/3032/495 1897/3009/495 1895/3010/495 1882/3020/495
f 1887/3023/495 1900/3007/495 1891/3008/495 1890/3034/495
f 1880/3036/494 1893/3005/494 1894/3006/494 1881/3031/494
f 1885/3029/493 1898/3004/493 1893/3005/493 1880/3036/493
f 1890/3038/506 1891/3002/506 1892/3003/506 1879/3026/506
f 1903/3039/507 1907/3040/507 1909/3041/507 1905/3042/507
f 1913/3043/495 1905/3044/495 1909/3045/495 1912/3046/495
f 1912/3046/508 1909/3045/508 1907/3047/508 1914/3048/508
f 1908/3049/509 1904/3050/509 1906/3051/509 1910/3052/509
f 1911/3053/510 1903/3054/510 1905/3055/510 1913/3056/510
f 1914/3057/493 1907/3058/493 1903/3059/493 1911/3060/493
f 1908/3061/493 1914/3057/493 1911/3060/493 1904/3050/493
f 1904/3062/511 1911/3053/511 1913/3056/511 1906/3063/511
f 1910/3064/512 1912/3046/512 1914/3048/512 1908/3049/512
f 1906/3065/495 1913/3043/495 1912/3046/495 1910/3064/495
f 1999/3066/513 1916/3067/513 1918/3068/513 2000/3069/513
f 2000/3069/493 1918/3068/493 1922/3070/493 2001/3071/493
f 2001/3071/514 1922/3070/514 1920/3072/514 2002/3073/514
f 2002/3073/495 1920/3072/495 1916/3074/495 1999/3075/495
f 1917/3076/515 1921/3077/515 1919/3078/515 1915/3079/515
f 1922/3070/516 1918/3080/516 1916/3081/516 1920/3072/516
f 1933/3082/495 1926/3083/495 1923/3084/495 1934/3085/495
f 1932/3086/517 1925/3087/517 1926/3083/517 1933/3082/517
f 1931/3088/493 1924/3089/493 1925/3087/493 1932/3086/493
f 1934/3090/518 1923/3091/519 1924/3089/519 1931/3088/518
f 1926/3083/495 1930/3092/495 1927/3093/495 1923/3084/495
f 1925/3087/520 1929/3094/520 1930/3092/520 1926/3083/520
f 1924/3089/493 1928/3095/493 1929/3094/493 1925/3087/493
f 1923/3091/521 1927/3096/521 1928/3095/521 1924/3089/521
f 1915/3097/522 1934/3090/518 1931/3088/518 1917/3098/522
f 1917/3098/493 1931/3088/493 1932/3086/493 1921/3077/493
f 1957/3099/495 1955/3100/495 1937/3101/495 1938/3102/495
f 1919/3078/495 1933/3082/495 1934/3085/495 1915/3103/495
f 1936/3104/523 1935/3105/523 1938/3102/523 1937/3101/523
f 1955/3100/524 1956/3106/524 1936/3104/524 1937/3101/524
f 1972/3107/495 1967/3108/495 1952/3109/495 1959/3110/495
f 1956/3106/493 1958/3111/493 1935/3105/493 1936/3104/493
f 1946/3112/493 1944/3113/493 1942/3114/493 1941/3115/493
f 1944/3113/507 1943/3116/507 1940/3117/507 1942/3114/507
f 1945/3118/525 1946/3112/525 1941/3115/525 1939/3119/525
f 1943/3116/495 1945/3118/495 1939/3119/495 1940/3117/495
f 1933/3082/495 1919/3078/495 1945/3118/495 1943/3116/495
f 1919/3078/526 1921/3077/526 1946/3112/526 1945/3118/526
f 1932/3086/527 1933/3082/527 1943/3116/527 1944/3113/527
f 1921/3077/493 1932/3086/493 1944/3113/493 1946/3112/493
f 1941/3115/493 1942/3114/493 1950/3120/493 1948/3121/493
f 1942/3114/528 1940/3117/528 1949/3122/528 1950/3120/528
f 1939/3119/529 1941/3115/529 1948/3121/529 1947/3123/529
f 1940/3117/495 1939/3119/495 1947/3123/495 1949/3122/495
f 1960/3124/530 1959/3110/530 1952/3109/530 1951/3125/530
f 2006/3126/495 2003/3127/495 1975/3128/495 1977/3129/495
f 1974/3130/493 1969/3131/493 1954/3132/493 1964/3133/493
f 1967/3108/531 1970/3134/531 1951/3125/531 1952/3109/531
f 1970/3134/493 1971/3135/493 1960/3124/493 1951/3125/493
f 1964/3133/532 1963/3136/532 1959/3110/532 1960/3124/532
f 1966/3137/493 1962/3138/493 1958/3111/493 1956/3106/493
f 1973/3139/495 1972/3107/495 1959/3110/495 1963/3136/495
f 1965/3140/524 1966/3137/524 1956/3106/524 1955/3100/524
f 1961/3141/495 1965/3140/495 1955/3100/495 1957/3099/495
f 1949/3122/495 1947/3123/495 1965/3140/495 1961/3141/495
f 1947/3123/524 1948/3121/524 1966/3137/524 1965/3140/524
f 1968/3142/495 1973/3139/495 1963/3136/495 1953/3143/495
f 1948/3121/493 1950/3120/493 1962/3138/493 1966/3137/493
f 1954/3132/533 1953/3143/533 1963/3136/533 1964/3133/533
f 1971/3135/493 1974/3130/493 1964/3133/493 1960/3124/493
f 1958/3111/493 1962/3138/493 1974/3130/493 1971/3135/493
f 1949/3122/495 1961/3141/495 1973/3139/495 1968/3142/495
f 1961/3141/495 1957/3099/495 1972/3107/495 1973/3139/495
f 1935/3105/493 1958/3111/493 1971/3135/493 1970/3134/493
f 1938/3102/531 1935/3105/531 1970/3134/531 1967/3108/531
f 1962/3138/493 1950/3120/493 1969/3131/493 1974/3130/493
f 1950/3120/534 1949/3122/534 1968/3142/534 1969/3131/534
f 1957/3099/495 1938/3102/495 1967/3108/495 1972/3107/495
f 1978/3144/535 1977/3129/535 1975/3128/535 1976/3145/535
f 2003/3127/536 2004/3146/536 1976/3145/536 1975/3128/536
f 2004/3146/493 2005/3147/493 1978/3144/493 1976/3145/493
f 2005/3147/537 2006/3126/537 1977/3129/537 1978/3144/537
f 1989/3148/538 1990/3149/538 1980/3150/538 1982/3151/538
f 1988/3152/493 1989/3148/493 1982/3151/493 1981/3153/493
f 1987/3154/539 1988/3152/539 1981/3153/539 1979/3155/539
f 1990/3149/495 1987/3154/495 1979/3155/495 1980/3150/495
f 1968/3142/495 1953/3143/495 1984/3156/495 1983/3157/495
f 1953/3143/540 1954/3132/540 1985/3158/540 1984/3156/540
f 1954/3132/493 1969/3131/493 1986/3159/493 1985/3158/493
f 1969/3131/541 1968/3142/541 1983/3157/541 1986/3159/541
f 1983/3157/495 1984/3156/495 1987/3154/495 1990/3149/495
f 1984/3156/540 1985/3158/540 1988/3152/542 1987/3154/542
f 1985/3158/493 1986/3159/493 1989/3148/493 1988/3152/493
f 1986/3159/543 1983/3157/543 1990/3149/543 1989/3148/543
f 1982/3151/544 1980/3150/544 1994/3160/544 1993/3161/544
f 1981/3153/493 1982/3151/493 1993/3161/493 1992/3162/493
f 1979/3155/545 1981/3153/545 1992/3162/545 1991/3163/545
f 1980/3150/495 1979/3155/495 1991/3163/495 1994/3160/495
f 1993/3161/546 1994/3160/546 1998/3164/546 1997/3165/546
f 1992/3162/493 1993/3161/493 1997/3165/493 1996/3166/493
f 1991/3163/547 1992/3162/547 1996/3166/547 1995/3167/547
f 1994/3160/495 1991/3163/495 1995/3167/495 1998/3164/495
f 2009/3168/495 2002/3073/495 1999/3075/495 2010/3169/495
f 2008/3170/548 2001/3071/548 2002/3073/548 2009/3168/548
f 2007/3171/493 2000/3069/493 2001/3071/493 2008/3170/493
f 2010/3172/549 1999/3066/549 2000/3069/549 2007/3171/549
f 1997/3165/550 1998/3164/550 2006/3126/550 2005/3147/550
f 1996/3166/493 1997/3165/493 2005/3147/493 2004/3146/493
f 1995/3167/551 1996/3166/551 2004/3146/551 2003/3127/551
f 1998/3164/495 1995/3167/495 2003/3127/495 2006/3126/495
f 2040/3173/552 2039/3174/552 2014/3175/553 2013/3176/552
f 1928/3095/493 2007/3171/493 2008/3170/493 1929/3094/493
f 1929/3094/548 2008/3170/548 2009/3168/548 1930/3092/548
f 1930/3092/495 2009/3168/495 2010/3169/495 1927/3093/495
f 2013/3176/552 2014/3175/553 2018/3177/495 2017/3178/495
f 2041/3179/554 2040/3180/554 2013/3181/555 2012/3182/555
f 2042/3183/556 2041/3179/556 2012/3182/557 2011/3184/557
f 2039/3185/558 2042/3183/559 2011/3184/560 2014/3186/560
f 2024/3187/493 2023/3188/493 2020/3189/561 2019/3190/562
f 2011/3184/557 2012/3182/557 2016/3191/493 2015/3192/493
f 2014/3186/563 2011/3184/563 2015/3192/563 2018/3193/563
f 2012/3182/564 2013/3181/564 2017/3194/564 2016/3191/564
f 2022/3195/565 2019/3190/565 2027/3196/565 2030/3197/565
f 2025/3198/566 2024/3187/566 2019/3190/566 2022/3195/566
f 2023/3188/567 2026/3199/567 2021/3200/567 2020/3189/567
f 2026/3201/495 2025/3202/495 2022/3203/568 2021/3204/569
f 2017/3178/495 2018/3177/495 2025/3202/495 2026/3201/495
f 2016/3191/570 2017/3194/570 2026/3199/570 2023/3188/570
f 2018/3193/571 2015/3192/571 2024/3187/571 2025/3198/571
f 2015/3192/493 2016/3191/493 2023/3188/493 2024/3187/493
f 2030/3197/572 2027/3196/572 2031/3205/572 2034/3206/572
f 2020/3189/573 2021/3200/573 2029/3207/573 2028/3208/573
f 2021/3204/569 2022/3203/568 2030/3209/574 2029/3210/575
f 2019/3190/562 2020/3189/561 2028/3208/576 2027/3196/577
f 2044/3211/578 2043/3212/578 2037/3213/579 2036/3214/579
f 2028/3208/580 2029/3207/580 2033/3215/580 2032/3216/580
f 2029/3210/575 2030/3209/574 2034/3217/581 2033/3218/582
f 2027/3196/577 2028/3208/576 2032/3216/583 2031/3205/584
f 2037/3213/585 2038/3219/585 2035/3220/585 2036/3214/585
f 2043/3221/586 2045/3222/586 2038/3223/586 2037/3224/586
f 2046/3225/587 2044/3211/587 2036/3214/587 2035/3220/587
f 2045/3226/588 2046/3225/588 2035/3220/588 2038/3219/588
f 2010/3172/589 2007/3171/589 2042/3183/559 2039/3185/558
f 2007/3171/590 1928/3095/590 2041/3179/590 2042/3183/590
f 1928/3095/591 1927/3096/591 2040/3180/554 2041/3179/554
f 1927/3093/592 2010/3169/592 2039/3174/592 2040/3173/592
f 2034/3206/593 2031/3205/593 2046/3225/588 2045/3226/588
f 2031/3205/584 2032/3216/583 2044/3211/493 2046/3225/493
f 2033/3218/582 2034/3217/581 2045/3222/495 2043/3221/495
f 2032/3216/594 2033/3215/594 2043/3212/578 2044/3211/578
f 2047/3227/492 2048/3228/492 2050/3229/492 2049/3230/492
f 2049/3230/493 2050/3229/493 2054/3231/493 2053/3232/493
f 2053/3232/494 2054/3231/494 2052/3233/494 2051/3234/494
f 2051/3234/495 2052/3233/495 2048/3235/495 2047/3236/495
f 2049/3237/595 2053/3232/595 2051/3234/595 2047/3238/595
f 2054/3231/507 2050/3239/507 2048/3240/507 2052/3233/507
f 2055/3241/596 2056/3242/596 2058/3243/596 2057/3244/596
f 2057/3244/597 2058/3243/597 2060/3245/597 2059/3246/597
f 2059/3246/598 2060/3245/598 2062/3247/598 2061/3248/598
f 2061/3248/599 2062/3247/599 2064/3249/599 2063/3250/599
f 2063/3250/600 2064/3249/600 2066/3251/600 2065/3252/600
f 2065/3252/601 2066/3251/601 2068/3253/601 2067/3254/601
f 2067/3254/602 2068/3253/602 2070/3255/602 2069/3256/602
f 2069/3256/603 2070/3255/603 2072/3257/603 2071/3258/603
f 2071/3258/604 2072/3257/604 2074/3259/604 2073/3260/604
f 2073/3260/605 2074/3259/605 2076/3261/605 2075/3262/605
f 2075/3262/606 2076/3261/606 2078/3263/606 2077/3264/606
f 2077/3264/607 2078/3263/607 2080/3265/607 2079/3266/607
f 2079/3266/608 2080/3265/608 2082/3267/608 2081/3268/608
f 2081/3268/609 2082/3267/609 2084/3269/609 2083/3270/609
f 2083/3270/610 2084/3269/610 2086/3271/610 2085/3272/610
f 2085/3272/611 2086/3271/611 2088/3273/611 2087/3274/611
f 2087/3274/612 2088/3273/612 2090/3275/612 2089/3276/612
f 2089/3276/613 2090/3275/613 2092/3277/613 2091/3278/613
f 2091/3278/614 2092/3277/614 2094/3279/614 2093/3280/614
f 2093/3280/615 2094/3279/615 2096/3281/615 2095/3282/615
f 2095/3282/616 2096/3281/616 2098/3283/616 2097/3284/616
f 2097/3284/617 2098/3283/617 2100/3285/617 2099/3286/617
f 2099/3286/618 2100/3285/618 2102/3287/618 2101/3288/618
f 2101/3288/619 2102/3287/619 2104/3289/619 2103/3290/619
f 2103/3290/620 2104/3289/620 2106/3291/620 2105/3292/620
f 2105/3292/621 2106/3291/621 2108/3293/621 2107/3294/621
f 2107/3294/622 2108/3293/622 2110/3295/622 2109/3296/622
f 2109/3296/623 2110/3295/623 2112/3297/623 2111/3298/623
f 2111/3298/624 2112/3297/624 2114/3299/624 2113/3300/624
f 2113/3300/625 2114/3299/625 2116/3301/625 2115/3302/625
f 2058/3303/507 2056/3304/507 2118/3305/507 2116/3306/507 2114/3307/507 2112/3308/507 2110/3309/507 2108/3310/507 2106/3311/507 2104/3312/507 2102/3313/507 2100/3314/507 2098/3315/507 2096/3316/507 2094/3317/507 2092/3318/507 2090/3319/507 2088/3320/507 2086/3321/507 2084/3322/507 2082/3323/507 2080/3324/507 2078/3325/507 2076/3326/507 2074/3327/507 2072/3328/507 2070/3329/507 2068/3330/507 2066/3331/507 2064/3332/507 2062/3333/507 2060/3334/507
f 2115/3302/626 2116/3301/626 2118/3335/626 2117/3336/626
f 2117/3336/627 2118/3335/627 2056/3337/627 2055/3338/627
f 2055/3339/595 2057/3340/595 2059/3341/595 2061/3342/595 2063/3343/595 2065/3344/595 2067/3345/595 2069/3346/595 2071/3347/595 2073/3348/595 2075/3349/595 2077/3350/595 2079/3351/595 2081/3352/595 2083/3353/595 2085/3354/595 2087/3355/595 2089/3356/595 2091/3357/595 2093/3358/595 2095/3359/595 2097/3360/595 2099/3361/595 2101/3362/595 2103/3363/595 2105/3364/595 2107/3365/595 2109/3366/595 2111/3367/595 2113/3368/595 2115/3369/595 2117/3370/595
f 2119/3371/628 2120/3372/628 2122/3373/628 2121/3374/628
f 2121/3374/629 2122/3373/629 2124/3375/629 2123/3376/629
f 2123/3376/630 2124/3375/630 2126/3377/630 2125/3378/630
f 2125/3378/599 2126/3377/599 2128/3379/599 2127/3380/599
f 2127/3380/631 2128/3379/631 2130/3381/631 2129/3382/631
f 2129/3382/632 2130/3381/632 2132/3383/632 2131/3384/632
f 2131/3384/633 2132/3383/633 2134/3385/633 2133/3386/633
f 2133/3386/634 2134/3385/634 2136/3387/634 2135/3388/634
f 2135/3388/604 2136/3387/604 2138/3389/604 2137/3390/604
f 2137/3390/605 2138/3389/605 2140/3391/605 2139/3392/605
f 2139/3392/635 2140/3391/635 2142/3393/635 2141/3394/635
f 2141/3394/636 2142/3393/636 2144/3395/636 2143/3396/636
f 2143/3396/608 2144/3395/608 2146/3397/608 2145/3398/608
f 2145/3398/637 2146/3397/637 2148/3399/637 2147/3400/637
f 2147/3400/638 2148/3399/638 2150/3401/638 2149/3402/638
f 2149/3402/639 2150/3401/639 2152/3403/639 2151/3404/639
f 2151/3404/640 2152/3403/640 2154/3405/640 2153/3406/640
f 2153/3406/641 2154/3405/641 2156/3407/641 2155/3408/641
f 2155/3408/642 2156/3407/642 2158/3409/642 2157/3410/642
f 2157/3410/615 2158/3409/615 2160/3411/615 2159/3412/615
f 2159/3412/643 2160/3411/643 2162/3413/643 2161/3414/643
f 2161/3414/644 2162/3413/644 2164/3415/644 2163/3416/644
f 2163/3416/618 2164/3415/618 2166/3417/618 2165/3418/618
f 2165/3418/619 2166/3417/619 2168/3419/619 2167/3420/619
f 2167/3420/645 2168/3419/645 2170/3421/645 2169/3422/645
f 2169/3422/646 2170/3421/646 2172/3423/646 2171/3424/646
f 2171/3424/647 2172/3423/647 2174/3425/647 2173/3426/647
f 2173/3426/648 2174/3425/648 2176/3427/648 2175/3428/648
f 2175/3428/624 2176/3427/624 2178/3429/624 2177/3430/624
f 2177/3430/649 2178/3429/649 2180/3431/649 2179/3432/649
f 2122/3433/507 2120/3434/507 2182/3435/507 2180/3436/507 2178/3437/507 2176/3438/507 2174/3439/507 2172/3440/507 2170/3441/507 2168/3442/507 2166/3443/507 2164/3444/507 2162/3445/507 2160/3446/507 2158/3447/507 2156/3448/507 2154/3449/507 2152/3450/507 2150/3451/507 2148/3452/507 2146/3453/507 2144/3454/507 2142/3455/507 2140/3456/507 2138/3457/507 2136/3458/507 2134/3459/507 2132/3460/507 2130/3461/507 2128/3462/507 2126/3463/507 2124/3464/507
f 2179/3432/650 2180/3431/650 2182/3465/650 2181/3466/650
f 2181/3466/651 2182/3465/651 2120/3467/651 2119/3468/651
f 2119/3469/595 2121/3470/595 2123/3471/595 2125/3472/595 2127/3473/595 2129/3474/595 2131/3475/595 2133/3476/595 2135/3477/595 2137/3478/595 2139/3479/595 2141/3480/595 2143/3481/595 2145/3482/595 2147/3483/595 2149/3484/595 2151/3485/595 2153/3486/595 2155/3487/595 2157/3488/595 2159/3489/595 2161/3490/595 2163/3491/595 2165/3492/595 2167/3493/595 2169/3494/595 2171/3495/595 2173/3496/595 2175/3497/595 2177/3498/595 2179/3499/595 2181/3500/595
f 2183/3501/596 2184/3502/596 2186/3503/596 2185/3504/596
f 2185/3504/597 2186/3503/597 2188/3505/597 2187/3506/597
f 2187/3506/652 2188/3505/652 2190/3507/652 2189/3508/652
f 2189/3508/599 2190/3507/599 2192/3509/599 2191/3510/599
f 2191/3510/653 2192/3509/653 2194/3511/653 2193/3512/653
f 2193/3512/654 2194/3511/654 2196/3513/654 2195/3514/654
f 2195/3514/602 2196/3513/602 2198/3515/602 2197/3516/602
f 2197/3516/655 2198/3515/655 2200/3517/655 2199/3518/655
f 2199/3518/656 2200/3517/656 2202/3519/656 2201/3520/656
f 2201/3520/605 2202/3519/605 2204/3521/605 2203/3522/605
f 2203/3522/657 2204/3521/657 2206/3523/657 2205/3524/657
f 2205/3524/658 2206/3523/658 2208/3525/658 2207/3526/658
f 2207/3526/608 2208/3525/608 2210/3527/608 2209/3528/608
f 2209/3528/659 2210/3527/659 2212/3529/659 2211/3530/659
f 2211/3530/660 2212/3529/660 2214/3531/660 2213/3532/660
f 2213/3532/611 2214/3531/611 2216/3533/611 2215/3534/611
f 2215/3534/612 2216/3533/612 2218/3535/612 2217/3536/612
f 2217/3536/661 2218/3535/661 2220/3537/661 2219/3538/661
f 2219/3538/662 2220/3537/662 2222/3539/662 2221/3540/662
f 2221/3540/615 2222/3539/615 2224/3541/615 2223/3542/615
f 2223/3542/663 2224/3541/663 2226/3543/663 2225/3544/663
f 2225/3544/664 2226/3543/664 2228/3545/664 2227/3546/664
f 2227/3546/618 2228/3545/618 2230/3547/618 2229/3548/618
f 2229/3548/665 2230/3547/665 2232/3549/665 2231/3550/665
f 2231/3550/666 2232/3549/666 2234/3551/666 2233/3552/666
f 2233/3552/621 2234/3551/621 2236/3553/621 2235/3554/621
f 2235/3554/667 2236/3553/667 2238/3555/667 2237/3556/667
f 2237/3556/668 2238/3555/668 2240/3557/668 2239/3558/668
f 2239/3558/624 2240/3557/624 2242/3559/624 2241/3560/624
f 2241/3560/669 2242/3559/669 2244/3561/669 2243/3562/669
f 2186/3563/507 2184/3564/507 2246/3565/507 2244/3566/507 2242/3567/507 2240/3568/507 2238/3569/507 2236/3570/507 2234/3571/507 2232/3572/507 2230/3573/507 2228/3574/507 2226/3575/507 2224/3576/507 2222/3577/507 2220/3578/507 2218/3579/507 2216/3580/507 2214/3581/507 2212/3582/507 2210/3583/507 2208/3584/507 2206/3585/507 2204/3586/507 2202/3587/507 2200/3588/507 2198/3589/507 2196/3590/507 2194/3591/507 2192/3592/507 2190/3593/507 2188/3594/507
f 2243/3562/670 2244/3561/670 2246/3595/670 2245/3596/670
f 2245/3596/627 2246/3595/627 2184/3597/627 2183/3598/627
f 2183/3599/595 2185/3600/595 2187/3601/595 2189/3602/595 2191/3603/595 2193/3604/595 2195/3605/595 2197/3606/595 2199/3607/595 2201/3608/595 2203/3609/595 2205/3610/595 2207/3611/595 2209/3612/595 2211/3613/595 2213/3614/595 2215/3615/595 2217/3616/595 2219/3617/595 2221/3618/595 2223/3619/595 2225/3620/595 2227/3621/595 2229/3622/595 2231/3623/595 2233/3624/595 2235/3625/595 2237/3626/595 2239/3627/595 2241/3628/595 2243/3629/595 2245/3630/595
f 2259/3631/492 2248/3632/492 2250/3633/492 2260/3634/492
f 2270/3635/493 2264/3636/493 2254/3637/493 2261/3638/493
f 2261/3638/671 2254/3637/671 2252/3639/671 2262/3640/671
f 2298/3641/495 2296/3642/495 2248/3643/495 2259/3644/495
f 2263/3645/672 2253/3646/672 2251/3647/672 2265/3648/672
f 2299/3649/493 2250/3633/493 2312/3650/493 2314/3651/493
f 2300/3652/495 2297/3653/495 2255/3654/495 2247/3655/495
f 2253/3646/673 2257/3656/673 2258/3657/673 2251/3647/673
f 2263/3658/493 2268/3659/493 2257/3656/493 2253/3646/493
f 2247/3660/492 2255/3661/492 2256/3662/492 2249/3663/492
f 2297/3653/495 2298/3641/495 2259/3644/495 2255/3654/495
f 2257/3656/674 2261/3638/674 2262/3640/674 2258/3657/674
f 2268/3659/493 2270/3635/493 2261/3638/493 2257/3656/493
f 2255/3661/492 2259/3631/492 2260/3634/492 2256/3662/492
f 2289/3664/493 2290/3665/493 2270/3635/493 2268/3659/493
f 2258/3657/495 2262/3640/495 2269/3666/495 2267/3667/495
f 2291/3668/493 2289/3664/493 2268/3659/493 2263/3658/493
f 2251/3647/495 2258/3657/495 2267/3667/495 2265/3669/495
f 2254/3637/507 2264/3670/507 2266/3671/507 2252/3639/507
f 2291/3672/672 2263/3645/672 2265/3648/672 2288/3673/672
f 2262/3640/495 2252/3639/495 2266/3674/495 2269/3666/495
f 2290/3665/493 2287/3675/493 2264/3636/493 2270/3635/493
f 2302/3676/493 2299/3649/493 2275/3677/493 2278/3678/493
f 2295/3679/672 2271/3680/672 2276/3681/672 2300/3682/672
f 2295/3683/493 2301/3684/493 2277/3685/493 2271/3686/493
f 2301/3684/493 2302/3676/493 2278/3678/493 2277/3685/493
f 2285/3687/495 2286/3688/495 2274/3689/495 2273/3690/495
f 2280/3691/495 2285/3687/495 2273/3690/495 2276/3692/495
f 2275/3693/675 2272/3694/675 2308/3695/675 2309/3696/675
f 2286/3688/495 2284/3697/495 2272/3698/495 2274/3689/495
f 2294/3699/495 2292/3700/495 2284/3697/495 2286/3688/495
f 2287/3701/676 2279/3702/676 2284/3703/676 2292/3704/676
f 2288/3705/495 2293/3706/495 2285/3687/495 2280/3691/495
f 2293/3706/495 2294/3699/495 2286/3688/495 2285/3687/495
f 2278/3678/493 2275/3677/493 2279/3707/493 2282/3708/493
f 2271/3680/672 2283/3709/672 2280/3710/672 2276/3681/672
f 2271/3686/493 2277/3685/493 2281/3711/493 2283/3712/493
f 2277/3685/493 2278/3678/493 2282/3708/493 2281/3711/493
f 2267/3667/495 2269/3666/495 2294/3699/495 2293/3706/495
f 2265/3669/495 2267/3667/495 2293/3706/495 2288/3705/495
f 2292/3700/495 2266/3674/495 2305/3713/495 2306/3714/495
f 2269/3666/495 2266/3674/495 2292/3700/495 2294/3699/495
f 2282/3708/493 2279/3707/493 2287/3675/493 2290/3665/493
f 2283/3709/672 2291/3672/672 2288/3673/672 2280/3710/672
f 2283/3712/493 2281/3711/493 2289/3664/493 2291/3668/493
f 2281/3711/493 2282/3708/493 2290/3665/493 2289/3664/493
f 2256/3662/493 2260/3634/493 2302/3676/493 2301/3684/493
f 2249/3663/493 2256/3662/493 2301/3684/493 2295/3683/493
f 2249/3715/672 2295/3679/672 2300/3682/672 2247/3716/672
f 2260/3634/493 2250/3633/493 2299/3649/493 2302/3676/493
f 2273/3690/495 2274/3689/495 2298/3641/495 2297/3653/495
f 2276/3692/495 2273/3690/495 2297/3653/495 2300/3652/495
f 2275/3693/676 2299/3717/676 2296/3718/676 2272/3694/676
f 2274/3689/495 2272/3698/495 2296/3642/495 2298/3641/495
f 2304/3719/677 2303/3720/677 2306/3721/677 2305/3722/677
f 2287/3701/678 2292/3704/678 2306/3721/678 2303/3720/678
f 2264/3636/493 2287/3675/493 2303/3723/493 2304/3724/493
f 2266/3671/679 2264/3670/679 2304/3719/679 2305/3722/679
f 2310/3725/676 2309/3696/676 2308/3695/676 2307/3726/676
f 2284/3703/680 2279/3702/680 2310/3725/680 2307/3726/680
f 2272/3698/495 2284/3697/495 2307/3727/495 2308/3728/495
f 2279/3707/493 2275/3677/493 2309/3729/493 2310/3730/493
f 2314/3731/676 2312/3732/676 2311/3733/676 2313/3734/676
f 2250/3633/681 2248/3632/681 2311/3735/681 2312/3650/681
f 2248/3643/495 2296/3642/495 2313/3736/495 2311/3737/495
f 2296/3718/682 2299/3717/682 2314/3731/682 2313/3734/682
f 2315/3738/492 2316/3739/492 2318/3740/492 2317/3741/492
f 2323/3742/493 2324/3743/493 2322/3744/493 2321/3745/493
f 2321/3745/494 2322/3744/494 2320/3746/494 2319/3747/494
f 2325/3748/495 2326/3749/495 2316/3750/495 2315/3751/495
f 2323/3752/595 2321/3745/595 2319/3747/595 2325/3753/595
f 2324/3754/507 2318/3755/507 2316/3756/507 2326/3757/507
f 2322/3744/507 2324/3754/507 2326/3757/507 2320/3746/507
f 2317/3758/595 2323/3752/595 2325/3753/595 2315/3759/595
f 2319/3747/495 2320/3746/495 2326/3749/495 2325/3748/495
f 2317/3741/493 2318/3740/493 2324/3743/493 2323/3742/493
f 2327/3760/492 2328/3761/492 2330/3762/492 2329/3763/492
f 2329/3763/493 2330/3762/493 2334/3764/493 2333/3765/493
f 2333/3765/494 2334/3764/494 2332/3766/494 2331/3767/494
f 2331/3767/495 2332/3766/495 2328/3768/495 2327/3769/495
f 2329/3770/595 2333/3765/595 2331/3767/595 2327/3771/595
f 2334/3764/507 2330/3772/507 2328/3773/507 2332/3766/507
f 2335/3774/683 2336/3775/683 2338/3776/683 2337/3777/683
f 2343/3778/493 2344/3779/493 2342/3780/493 2341/3781/493
f 2341/3781/684 2342/3780/684 2340/3782/684 2339/3783/684
f 2350/3784/495 2348/3785/495 2336/3786/495 2335/3787/495
f 2343/3788/595 2341/3781/595 2339/3783/595 2345/3789/595
f 2349/3790/507 2338/3791/507 2336/3792/507 2348/3793/507
f 2342/3780/507 2344/3794/507 2346/3795/507 2340/3782/507
f 2356/3796/495 2350/3784/495 2351/3797/495 2359/3798/495
f 2339/3783/495 2340/3782/495 2346/3799/495 2345/3800/495
f 2370/3801/493 2367/3802/493 2344/3779/493 2343/3778/493
f 2337/3777/493 2338/3776/493 2349/3803/493 2347/3804/493
f 2337/3805/595 2347/3806/595 2350/3807/595 2335/3808/595
f 2355/3809/507 2349/3790/507 2348/3793/507 2358/3810/507
f 2356/3796/495 2358/3811/495 2348/3785/495 2350/3784/495
f 2372/3812/595 2353/3813/595 2352/3814/595 2369/3815/595
f 2350/3807/685 2347/3806/685 2354/3816/685 2351/3817/685
f 2343/3788/494 2345/3789/494 2352/3814/494 2353/3813/494
f 2370/3801/493 2343/3778/493 2353/3818/493 2372/3819/493
f 2347/3804/493 2357/3820/493 2360/3821/686 2354/3822/493
f 2354/3816/687 2360/3823/687 2359/3824/687 2351/3817/687
f 2362/3825/495 2365/3826/495 2358/3811/495 2356/3796/495
f 2361/3827/507 2355/3809/507 2358/3810/507 2365/3828/507
f 2347/3804/493 2349/3803/493 2355/3829/493 2357/3820/493
f 2362/3825/495 2356/3796/495 2359/3798/495 2363/3830/495
f 2377/3831/495 2362/3825/495 2363/3830/495 2378/3832/495
f 2376/3833/507 2361/3827/507 2365/3828/507 2374/3834/507
f 2377/3831/495 2374/3835/495 2365/3826/495 2362/3825/495
f 2357/3820/493 2364/3836/493 2366/3837/493 2360/3821/686
f 2360/3823/688 2366/3838/688 2363/3839/688 2359/3824/688
f 2357/3820/493 2355/3829/493 2361/3840/493 2364/3836/493
f 2345/3800/495 2346/3799/495 2371/3841/495 2368/3842/495
f 2344/3794/507 2367/3843/507 2371/3844/507 2346/3795/507
f 2345/3800/495 2368/3842/495 2369/3845/495 2352/3846/495
f 2373/3847/493 2370/3801/493 2372/3819/493 2375/3848/493
f 2369/3845/495 2378/3832/495 2379/3849/495 2380/3850/495
f 2373/3847/493 2376/3851/493 2367/3802/493 2370/3801/493
f 2364/3836/493 2361/3840/493 2376/3851/493 2373/3847/493
f 2366/3838/595 2375/3852/595 2378/3853/595 2363/3839/595
f 2364/3836/493 2373/3847/493 2375/3848/493 2366/3837/493
f 2368/3842/495 2371/3841/495 2374/3835/495 2377/3831/495
f 2367/3843/507 2376/3833/507 2374/3834/507 2371/3844/507
f 2368/3842/495 2377/3831/495 2378/3832/495 2369/3845/495
f 2380/3850/495 2379/3849/495 2383/3854/495 2384/3855/495
f 2375/3848/493 2372/3819/493 2381/3856/493 2382/3857/493
f 2372/3812/689 2369/3815/689 2380/3858/689 2381/3859/689
f 2378/3853/690 2375/3852/690 2382/3860/690 2379/3861/690
f 2386/3862/691 2385/3863/691 2384/3864/691 2383/3865/691
f 2379/3861/692 2382/3860/692 2386/3862/692 2383/3865/692
f 2381/3859/693 2380/3858/693 2384/3864/693 2385/3863/693
f 2382/3857/493 2381/3856/493 2385/3866/493 2386/3867/493
f 2387/3868/492 2388/3869/492 2390/3870/492 2389/3871/492
f 2413/3872/493 2411/3873/493 2394/3874/493 2393/3875/493
f 2393/3875/494 2394/3874/494 2392/3876/494 2391/3877/494
f 2402/3878/495 2400/3879/495 2388/3880/495 2387/3881/495
f 2413/3882/595 2393/3875/595 2391/3877/595 2412/3883/595
f 2401/3884/507 2390/3885/507 2388/3886/507 2400/3887/507
f 2403/3888/507 2396/3889/507 2398/3890/507 2406/3891/507
f 2399/3892/694 2395/3893/694 2397/3894/694 2402/3895/694
f 2404/3896/495 2406/3897/495 2398/3898/495 2397/3899/495
f 2399/3900/493 2401/3901/493 2396/3902/493 2395/3903/493
f 2389/3871/493 2390/3870/493 2401/3901/493 2399/3900/493
f 2389/3904/695 2399/3892/695 2402/3895/695 2387/3905/695
f 2396/3889/507 2401/3884/507 2400/3887/507 2398/3890/507
f 2397/3899/495 2398/3898/495 2400/3879/495 2402/3878/495
f 2412/3906/495 2414/3907/495 2406/3897/495 2404/3896/495
f 2411/3873/493 2403/3908/493 2407/3909/493 2415/3910/493
f 2395/3893/595 2405/3911/595 2404/3912/595 2397/3894/595
f 2395/3903/493 2396/3902/493 2403/3908/493 2405/3913/493
f 2415/3914/507 2407/3915/507 2410/3916/507 2416/3917/507
f 2392/3876/494 2394/3874/494 2408/3918/494 2409/3919/494
f 2403/3888/492 2406/3891/492 2410/3916/492 2407/3915/492
f 2414/3907/495 2392/3876/495 2409/3919/495 2416/3920/495
f 2406/3897/495 2414/3907/495 2416/3920/495 2410/3921/495
f 2426/3922/492 2425/3923/492 2420/3924/492 2417/3925/492
f 2394/3874/493 2411/3873/493 2415/3910/493 2408/3918/493
f 2391/3877/495 2392/3876/495 2414/3907/495 2412/3906/495
f 2405/3911/595 2413/3882/595 2412/3883/595 2404/3912/595
f 2405/3913/493 2403/3908/493 2411/3873/493 2413/3872/493
f 2418/3926/507 2417/3925/507 2420/3924/507 2419/3927/507
f 2425/3928/495 2427/3929/495 2419/3927/495 2420/3930/495
f 2428/3931/493 2426/3932/493 2417/3933/493 2418/3926/493
f 2427/3929/495 2409/3919/495 2422/3934/495 2429/3935/495
f 2429/3935/494 2430/3936/494 2423/3937/494 2424/3938/494
f 2428/3931/493 2418/3926/493 2423/3937/493 2430/3936/493
f 2409/3919/595 2408/3918/595 2421/3939/595 2422/3934/595
f 2418/3926/507 2419/3927/507 2424/3938/507 2423/3937/507
f 2408/3918/493 2428/3931/493 2430/3936/493 2421/3939/493
f 2436/3940/493 2435/3941/493 2433/3942/493 2431/3943/493
f 2419/3927/495 2427/3929/495 2429/3935/495 2424/3938/495
f 2408/3918/493 2415/3910/493 2426/3932/493 2428/3931/493
f 2416/3920/495 2409/3919/495 2427/3929/495 2425/3928/495
f 2415/3914/492 2416/3917/492 2425/3923/492 2426/3922/492
f 2432/3944/494 2431/3943/494 2433/3942/494 2434/3945/494
f 2438/3946/495 2437/3947/495 2432/3944/495 2434/3945/495
f 2435/3941/507 2438/3946/507 2434/3945/507 2433/3942/507
f 2437/3947/595 2436/3940/595 2431/3943/595 2432/3944/595
f 2421/3939/493 2436/3940/493 2441/3948/493 2439/3949/493
f 2430/3936/507 2429/3935/507 2438/3946/507 2435/3941/507
f 2429/3935/495 2422/3934/495 2437/3947/495 2438/3946/495
f 2421/3939/493 2430/3936/493 2435/3941/493 2436/3940/493
f 2440/3950/595 2439/3949/595 2441/3948/595 2442/3951/595
f 2436/3940/494 2437/3947/494 2442/3951/494 2441/3948/494
f 2437/3947/495 2422/3934/495 2440/3950/495 2442/3951/495
f 2422/3934/492 2421/3939/492 2439/3949/492 2440/3950/492
f 2443/3952/492 2444/3953/492 2446/3954/492 2445/3955/492
f 2445/3955/493 2446/3954/493 2450/3956/493 2449/3957/493
f 2449/3957/494 2450/3956/494 2448/3958/494 2447/3959/494
f 2447/3959/495 2448/3958/495 2444/3960/495 2443/3961/495
f 2445/3962/595 2449/3957/595 2447/3959/595 2443/3963/595
f 2450/3956/507 2446/3964/507 2444/3965/507 2448/3958/507
f 2451/3966/492 2452/3967/492 2454/3968/492 2453/3969/492
f 2459/3970/493 2460/3971/493 2458/3972/493 2457/3973/493
f 2457/3973/696 2458/3972/696 2456/3974/696 2455/3975/696
f 2461/3976/495 2462/3977/495 2452/3978/495 2451/3979/495
f 2459/3980/697 2457/3973/697 2455/3975/697 2461/3981/697
f 2460/3982/698 2454/3983/698 2452/3984/698 2462/3985/698
f 2458/3972/699 2460/3982/699 2462/3985/699 2456/3974/699
f 2453/3986/700 2459/3980/700 2461/3981/700 2451/3987/700
f 2455/3975/495 2456/3974/495 2462/3977/495 2461/3976/495
f 2453/3969/493 2454/3968/493 2460/3971/493 2459/3970/493
f 2463/3988/701 2464/3989/701 2466/3990/701 2465/3991/701
f 2465/3991/702 2466/3990/702 2468/3992/702 2467/3993/702
f 2467/3993/703 2468/3992/703 2470/3994/703 2469/3995/703
f 2469/3995/704 2470/3994/704 2472/3996/704 2471/3997/704
f 2471/3997/705 2472/3996/705 2474/3998/705 2473/3999/705
f 2473/3999/706 2474/3998/706 2476/4000/706 2475/4001/706
f 2475/4001/707 2476/4000/707 2478/4002/707 2477/4003/707
f 2477/4003/708 2478/4002/708 2480/4004/708 2479/4005/708
f 2479/4005/709 2480/4004/709 2482/4006/709 2481/4007/709
f 2481/4007/710 2482/4006/710 2484/4008/710 2483/4009/710
f 2483/4009/711 2484/4008/711 2486/4010/711 2485/4011/711
f 2485/4011/712 2486/4010/712 2488/4012/712 2487/4013/712
f 2487/4013/713 2488/4012/713 2490/4014/713 2489/4015/713
f 2489/4015/714 2490/4014/714 2492/4016/714 2491/4017/714
f 2491/4017/715 2492/4016/715 2494/4018/715 2493/4019/715
f 2493/4019/716 2494/4018/716 2496/4020/716 2495/4021/716
f 2495/4021/717 2496/4020/717 2498/4022/717 2497/4023/717
f 2497/4023/718 2498/4022/718 2500/4024/718 2499/4025/718
f 2499/4025/719 2500/4024/719 2502/4026/719 2501/4027/719
f 2501/4027/720 2502/4026/720 2504/4028/720 2503/4029/720
f 2503/4029/721 2504/4028/721 2506/4030/721 2505/4031/721
f 2505/4031/722 2506/4030/722 2508/4032/722 2507/4033/722
f 2507/4033/723 2508/4032/723 2510/4034/723 2509/4035/723
f 2509/4035/724 2510/4034/724 2512/4036/724 2511/4037/724
f 2511/4037/725 2512/4036/725 2514/4038/725 2513/4039/725
f 2513/4039/726 2514/4038/726 2516/4040/726 2515/4041/726
f 2515/4041/727 2516/4040/727 2518/4042/727 2517/4043/727
f 2517/4043/728 2518/4042/728 2520/4044/728 2519/4045/728
f 2519/4045/729 2520/4044/729 2522/4046/729 2521/4047/729
f 2521/4047/730 2522/4046/730 2524/4048/730 2523/4049/730
f 2466/4050/494 2464/4051/494 2526/4052/494 2524/4053/494 2522/4054/494 2520/4055/494 2518/4056/494 2516/4057/494 2514/4058/494 2512/4059/494 2510/4060/494 2508/4061/494 2506/4062/494 2504/4063/494 2502/4064/494 2500/4065/494 2498/4066/494 2496/4067/494 2494/4068/494 2492/4069/494 2490/4070/494 2488/4071/494 2486/4072/494 2484/4073/494 2482/4074/494 2480/4075/494 2478/4076/494 2476/4077/494 2474/4078/494 2472/4079/494 2470/4080/494 2468/4081/494
f 2523/4049/731 2524/4048/731 2526/4082/731 2525/4083/731
f 2525/4083/732 2526/4082/732 2464/4084/732 2463/4085/732
f 2463/4086/733 2465/4087/733 2467/4088/733 2469/4089/733 2471/4090/733 2473/4091/733 2475/4092/733 2477/4093/733 2479/4094/733 2481/4095/733 2483/4096/733 2485/4097/733 2487/4098/733 2489/4099/733 2491/4100/733 2493/4101/733 2495/4102/733 2497/4103/733 2499/4104/733 2501/4105/733 2503/4106/733 2505/4107/733 2507/4108/733 2509/4109/733 2511/4110/733 2513/4111/733 2515/4112/733 2517/4113/733 2519/4114/733 2521/4115/733 2523/4116/733 2525/4117/733
f 2527/4118/734 2528/4119/734 2530/4120/734 2529/4121/734
f 2529/4121/735 2530/4120/735 2532/4122/735 2531/4123/735
f 2531/4123/736 2532/4122/736 2534/4124/736 2533/4125/736
f 2533/4125/737 2534/4124/737 2536/4126/737 2535/4127/737
f 2535/4127/738 2536/4126/738 2538/4128/738 2537/4129/738
f 2537/4129/739 2538/4128/739 2540/4130/739 2539/4131/739
f 2539/4131/740 2540/4130/740 2542/4132/740 2541/4133/740
f 2541/4133/741 2542/4132/741 2544/4134/741 2543/4135/741
f 2543/4135/742 2544/4134/742 2546/4136/742 2545/4137/742
f 2545/4137/743 2546/4136/743 2548/4138/743 2547/4139/743
f 2547/4139/744 2548/4138/744 2550/4140/744 2549/4141/744
f 2549/4141/745 2550/4140/745 2552/4142/745 2551/4143/745
f 2551/4143/746 2552/4142/746 2554/4144/746 2553/4145/746
f 2553/4145/747 2554/4144/747 2556/4146/747 2555/4147/747
f 2555/4147/748 2556/4146/748 2558/4148/748 2557/4149/748
f 2557/4149/749 2558/4148/749 2560/4150/749 2559/4151/749
f 2559/4151/750 2560/4150/750 2562/4152/750 2561/4153/750
f 2561/4153/751 2562/4152/751 2564/4154/751 2563/4155/751
f 2563/4155/752 2564/4154/752 2566/4156/752 2565/4157/752
f 2565/4157/753 2566/4156/753 2568/4158/753 2567/4159/753
f 2567/4159/754 2568/4158/754 2570/4160/754 2569/4161/754
f 2569/4161/755 2570/4160/755 2572/4162/755 2571/4163/755
f 2571/4163/756 2572/4162/756 2574/4164/756 2573/4165/756
f 2573/4165/757 2574/4164/757 2576/4166/757 2575/4167/757
f 2575/4167/758 2576/4166/758 2578/4168/758 2577/4169/758
f 2577/4169/759 2578/4168/759 2580/4170/759 2579/4171/759
f 2579/4171/760 2580/4170/760 2582/4172/760 2581/4173/760
f 2581/4173/761 2582/4172/761 2584/4174/761 2583/4175/761
f 2583/4175/762 2584/4174/762 2586/4176/762 2585/4177/762
f 2585/4177/763 2586/4176/763 2588/4178/763 2587/4179/763
f 2530/4180/494 2528/4181/494 2590/4182/494 2588/4183/494 2586/4184/494 2584/4185/494 2582/4186/494 2580/4187/494 2578/4188/494 2576/4189/494 2574/4190/494 2572/4191/494 2570/4192/494 2568/4193/494 2566/4194/494 2564/4195/494 2562/4196/494 2560/4197/494 2558/4198/494 2556/4199/494 2554/4200/494 2552/4201/494 2550/4202/494 2548/4203/494 2546/4204/494 2544/4205/494 2542/4206/494 2540/4207/494 2538/4208/494 2536/4209/494 2534/4210/494 2532/4211/494
f 2587/4179/764 2588/4178/764 2590/4212/764 2589/4213/764
f 2589/4213/765 2590/4212/765 2528/4214/765 2527/4215/765
f 2527/4216/766 2529/4217/766 2531/4218/766 2533/4219/766 2535/4220/766 2537/4221/766 2539/4222/766 2541/4223/766 2543/4224/766 2545/4225/766 2547/4226/766 2549/4227/766 2551/4228/766 2553/4229/766 2555/4230/766 2557/4231/766 2559/4232/766 2561/4233/766 2563/4234/766 2565/4235/766 2567/4236/766 2569/4237/766 2571/4238/766 2573/4239/766 2575/4240/766 2577/4241/766 2579/4242/766 2581/4243/766 2583/4244/766 2585/4245/766 2587/4246/766 2589/4247/766
f 2591/4248/767 2592/4249/767 2594/4250/767 2593/4251/767
f 2593/4251/768 2594/4250/768 2596/4252/768 2595/4253/768
f 2595/4253/769 2596/4252/769 2598/4254/769 2597/4255/769
f 2597/4255/770 2598/4254/770 2600/4256/770 2599/4257/770
f 2599/4257/771 2600/4256/771 2602/4258/771 2601/4259/771
f 2601/4259/772 2602/4258/772 2604/4260/772 2603/4261/772
f 2603/4261/773 2604/4260/773 2606/4262/773 2605/4263/773
f 2605/4263/774 2606/4262/774 2608/4264/774 2607/4265/774
f 2607/4265/775 2608/4264/775 2610/4266/775 2609/4267/775
f 2609/4267/776 2610/4266/776 2612/4268/776 2611/4269/776
f 2611/4269/777 2612/4268/777 2614/4270/777 2613/4271/777
f 2613/4271/778 2614/4270/778 2616/4272/778 2615/4273/778
f 2615/4273/779 2616/4272/779 2618/4274/779 2617/4275/779
f 2617/4275/780 2618/4274/780 2620/4276/780 2619/4277/780
f 2619/4277/781 2620/4276/781 2622/4278/781 2621/4279/781
f 2621/4279/782 2622/4278/782 2624/4280/782 2623/4281/782
f 2623/4281/783 2624/4280/783 2626/4282/783 2625/4283/783
f 2625/4283/784 2626/4282/784 2628/4284/784 2627/4285/784
f 2627/4285/785 2628/4284/785 2630/4286/785 2629/4287/785
f 2629/4287/786 2630/4286/786 2632/4288/786 2631/4289/786
f 2631/4289/787 2632/4288/787 2634/4290/787 2633/4291/787
f 2633/4291/788 2634/4290/788 2636/4292/788 2635/4293/788
f 2635/4293/789 2636/4292/789 2638/4294/789 2637/4295/789
f 2637/4295/790 2638/4294/790 2640/4296/790 2639/4297/790
f 2639/4297/791 2640/4296/791 2642/4298/791 2641/4299/791
f 2641/4299/792 2642/4298/792 2644/4300/792 2643/4301/792
f 2643/4301/793 2644/4300/793 2646/4302/793 2645/4303/793
f 2645/4303/794 2646/4302/794 2648/4304/794 2647/4305/794
f 2647/4305/795 2648/4304/795 2650/4306/795 2649/4307/795
f 2649/4307/796 2650/4306/796 2652/4308/796 2651/4309/796
f 2594/4310/494 2592/4311/494 2654/4312/494 2652/4313/494 2650/4314/494 2648/4315/494 2646/4316/494 2644/4317/494 2642/4318/494 2640/4319/494 2638/4320/494 2636/4321/494 2634/4322/494 2632/4323/494 2630/4324/494 2628/4325/494 2626/4326/494 2624/4327/494 2622/4328/494 2620/4329/494 2618/4330/494 2616/4331/494 2614/4332/494 2612/4333/494 2610/4334/494 2608/4335/494 2606/4336/494 2604/4337/494 2602/4338/494 2600/4339/494 2598/4340/494 2596/4341/494
f 2651/4309/797 2652/4308/797 2654/4342/797 2653/4343/797
f 2653/4343/798 2654/4342/798 2592/4344/798 2591/4345/798
f 2591/4346/492 2593/4347/492 2595/4348/492 2597/4349/492 2599/4350/492 2601/4351/492 2603/4352/492 2605/4353/492 2607/4354/492 2609/4355/492 2611/4356/492 2613/4357/492 2615/4358/492 2617/4359/492 2619/4360/492 2621/4361/492 2623/4362/492 2625/4363/492 2627/4364/492 2629/4365/492 2631/4366/492 2633/4367/492 2635/4368/492 2637/4369/492 2639/4370/492 2641/4371/492 2643/4372/492 2645/4373/492 2647/4374/492 2649/4375/492 2651/4376/492 2653/4377/492
f 2719/4378/799 2656/4379/799 2658/4380/799 2720/4381/799
f 2720/4381/800 2658/4380/800 2660/4382/800 2721/4383/800
f 2721/4383/801 2660/4382/801 2662/4384/801 2722/4385/801
f 2722/4385/802 2662/4384/802 2664/4386/802 2723/4387/802
f 2723/4387/803 2664/4386/803 2666/4388/803 2724/4389/803
f 2724/4389/804 2666/4388/804 2668/4390/804 2725/4391/804
f 2725/4391/805 2668/4390/805 2670/4392/805 2726/4393/805
f 2726/4393/806 2670/4392/806 2672/4394/806 2727/4395/806
f 2727/4395/807 2672/4394/807 2674/4396/807 2728/4397/807
f 2728/4397/808 2674/4396/808 2676/4398/808 2729/4399/808
f 2729/4399/809 2676/4398/809 2678/4400/809 2730/4401/809
f 2730/4401/810 2678/4400/810 2680/4402/810 2731/4403/810
f 2731/4403/811 2680/4402/811 2682/4404/811 2732/4405/811
f 2732/4405/812 2682/4404/812 2684/4406/812 2733/4407/812
f 2733/4407/813 2684/4406/813 2686/4408/813 2734/4409/813
f 2734/4409/814 2686/4408/814 2688/4410/814 2735/4411/814
f 2735/4411/815 2688/4410/815 2690/4412/815 2736/4413/815
f 2736/4413/816 2690/4412/816 2692/4414/816 2737/4415/816
f 2737/4415/817 2692/4414/817 2694/4416/817 2738/4417/817
f 2738/4417/818 2694/4416/818 2696/4418/818 2739/4419/818
f 2739/4419/819 2696/4418/819 2698/4420/819 2740/4421/819
f 2740/4421/820 2698/4420/820 2700/4422/820 2741/4423/820
f 2741/4423/821 2700/4422/821 2702/4424/821 2742/4425/821
f 2742/4425/822 2702/4424/822 2704/4426/822 2743/4427/822
f 2743/4427/823 2704/4426/823 2706/4428/823 2744/4429/823
f 2744/4429/824 2706/4428/824 2708/4430/824 2745/4431/824
f 2745/4431/825 2708/4430/825 2710/4432/825 2746/4433/825
f 2746/4433/826 2710/4432/826 2712/4434/826 2747/4435/826
f 2747/4435/827 2712/4434/827 2714/4436/827 2748/4437/827
f 2748/4437/828 2714/4436/828 2716/4438/828 2749/4439/828
f 2658/4440/494 2656/4441/494 2718/4442/494 2716/4443/494 2714/4444/494 2712/4445/494 2710/4446/494 2708/4447/494 2706/4448/494 2704/4449/494 2702/4450/494 2700/4451/494 2698/4452/494 2696/4453/494 2694/4454/494 2692/4455/494 2690/4456/494 2688/4457/494 2686/4458/494 2684/4459/494 2682/4460/494 2680/4461/494 2678/4462/494 2676/4463/494 2674/4464/494 2672/4465/494 2670/4466/494 2668/4467/494 2666/4468/494 2664/4469/494 2662/4470/494 2660/4471/494
f 2749/4439/829 2716/4438/829 2718/4472/829 2750/4473/829
f 2750/4473/830 2718/4472/830 2656/4474/830 2719/4475/830
f 2655/4476/831 2657/4477/831 2659/4478/831 2661/4479/831 2663/4480/831 2665/4481/831 2667/4482/831 2669/4483/831 2671/4484/831 2673/4485/831 2675/4486/831 2677/4487/831 2679/4488/831 2681/4489/831 2683/4490/831 2685/4491/831 2687/4492/831 2689/4493/831 2691/4494/831 2693/4495/831 2695/4496/831 2697/4497/831 2699/4498/831 2701/4499/831 2703/4500/831 2705/4501/831 2707/4502/831 2709/4503/831 2711/4504/831 2713/4505/831 2715/4506/831 2717/4507/831
f 2717/4508/832 2750/4473/832 2719/4475/832 2655/4509/832
f 2715/4510/833 2749/4439/833 2750/4473/833 2717/4508/833
f 2713/4511/834 2748/4437/834 2749/4439/834 2715/4510/834
f 2711/4512/835 2747/4435/835 2748/4437/835 2713/4511/835
f 2709/4513/836 2746/4433/836 2747/4435/836 2711/4512/836
f 2707/4514/837 2745/4431/837 2746/4433/837 2709/4513/837
f 2705/4515/838 2744/4429/838 2745/4431/838 2707/4514/838
f 2703/4516/839 2743/4427/839 2744/4429/839 2705/4515/839
f 2701/4517/840 2742/4425/840 2743/4427/840 2703/4516/840
f 2699/4518/841 2741/4423/841 2742/4425/841 2701/4517/841
f 2697/4519/842 2740/4421/842 2741/4423/842 2699/4518/842
f 2695/4520/843 2739/4419/843 2740/4421/843 2697/4519/843
f 2693/4521/844 2738/4417/844 2739/4419/844 2695/4520/844
f 2691/4522/845 2737/4415/845 2738/4417/845 2693/4521/845
f 2689/4523/846 2736/4413/846 2737/4415/846 2691/4522/846
f 2687/4524/847 2735/4411/847 2736/4413/847 2689/4523/847
f 2685/4525/848 2734/4409/848 2735/4411/848 2687/4524/848
f 2683/4526/849 2733/4407/849 2734/4409/849 2685/4525/849
f 2681/4527/850 2732/4405/850 2733/4407/850 2683/4526/850
f 2679/4528/851 2731/4403/851 2732/4405/851 2681/4527/851
f 2677/4529/852 2730/4401/852 2731/4403/852 2679/4528/852
f 2675/4530/853 2729/4399/853 2730/4401/853 2677/4529/853
f 2673/4531/854 2728/4397/854 2729/4399/854 2675/4530/854
f 2671/4532/855 2727/4395/855 2728/4397/855 2673/4531/855
f 2669/4533/856 2726/4393/856 2727/4395/856 2671/4532/856
f 2667/4534/857 2725/4391/857 2726/4393/857 2669/4533/857
f 2665/4535/858 2724/4389/858 2725/4391/858 2667/4534/858
f 2663/4536/859 2723/4387/859 2724/4389/859 2665/4535/859
f 2661/4537/860 2722/4385/860 2723/4387/860 2663/4536/860
f 2659/4538/861 2721/4383/861 2722/4385/861 2661/4537/861
f 2657/4539/862 2720/4381/862 2721/4383/862 2659/4538/862
f 2655/4540/863 2719/4378/863 2720/4381/863 2657/4539/863
f 2751/4541/864 2752/4542/864 2754/4543/864 2753/4544/864
f 2753/4544/865 2754/4543/865 2756/4545/865 2755/4546/865
f 2755/4546/866 2756/4545/866 2758/4547/866 2757/4548/866
f 2757/4548/867 2758/4547/867 2760/4549/867 2759/4550/867
f 2759/4550/868 2760/4549/868 2762/4551/868 2761/4552/868
f 2761/4552/869 2762/4551/869 2764/4553/869 2763/4554/869
f 2763/4554/870 2764/4553/870 2766/4555/870 2765/4556/870
f 2765/4556/871 2766/4555/871 2768/4557/871 2767/4558/871
f 2767/4558/872 2768/4557/872 2770/4559/872 2769/4560/872
f 2769/4560/873 2770/4559/873 2772/4561/873 2771/4562/873
f 2771/4562/874 2772/4561/874 2774/4563/874 2773/4564/874
f 2773/4564/875 2774/4563/875 2776/4565/875 2775/4566/875
f 2775/4566/876 2776/4565/876 2778/4567/876 2777/4568/876
f 2777/4568/877 2778/4567/877 2780/4569/877 2779/4570/877
f 2779/4570/878 2780/4569/878 2782/4571/878 2781/4572/878
f 2781/4572/879 2782/4571/879 2784/4573/879 2783/4574/879
f 2783/4574/880 2784/4573/880 2786/4575/880 2785/4576/880
f 2785/4576/881 2786/4575/881 2788/4577/881 2787/4578/881
f 2787/4578/882 2788/4577/882 2790/4579/882 2789/4580/882
f 2789/4580/883 2790/4579/883 2792/4581/883 2791/4582/883
f 2791/4582/884 2792/4581/884 2794/4583/884 2793/4584/884
f 2793/4584/885 2794/4583/885 2796/4585/885 2795/4586/885
f 2795/4586/886 2796/4585/886 2798/4587/886 2797/4588/886
f 2797/4588/887 2798/4587/887 2800/4589/887 2799/4590/887
f 2799/4590/888 2800/4589/888 2802/4591/888 2801/4592/888
f 2801/4592/889 2802/4591/889 2804/4593/889 2803/4594/889
f 2803/4594/890 2804/4593/890 2806/4595/890 2805/4596/890
f 2805/4596/891 2806/4595/891 2808/4597/891 2807/4598/891
f 2807/4598/892 2808/4597/892 2810/4599/892 2809/4600/892
f 2809/4600/893 2810/4599/893 2812/4601/893 2811/4602/893
f 2754/4603/894 2752/4604/894 2814/4605/894 2812/4606/894 2810/4607/894 2808/4608/894 2806/4609/894 2804/4610/894 2802/4611/894 2800/4612/894 2798/4613/894 2796/4614/894 2794/4615/894 2792/4616/894 2790/4617/894 2788/4618/894 2786/4619/894 2784/4620/894 2782/4621/894 2780/4622/894 2778/4623/894 2776/4624/894 2774/4625/894 2772/4626/894 2770/4627/894 2768/4628/894 2766/4629/894 2764/4630/894 2762/4631/894 2760/4632/894 2758/4633/894 2756/4634/894
f 2811/4602/895 2812/4601/895 2814/4635/895 2813/4636/895
f 2813/4636/896 2814/4635/896 2752/4637/896 2751/4638/896
f 2751/4639/897 2753/4640/897 2755/4641/897 2757/4642/897 2759/4643/897 2761/4644/897 2763/4645/897 2765/4646/897 2767/4647/897 2769/4648/897 2771/4649/897 2773/4650/897 2775/4651/897 2777/4652/897 2779/4653/897 2781/4654/897 2783/4655/897 2785/4656/897 2787/4657/897 2789/4658/897 2791/4659/897 2793/4660/897 2795/4661/897 2797/4662/897 2799/4663/897 2801/4664/897 2803/4665/897 2805/4666/897 2807/4667/897 2809/4668/897 2811/4669/897 2813/4670/897
f 2815/4671/767 2816/4672/767 2818/4673/767 2817/4674/767
f 2817/4674/768 2818/4673/768 2820/4675/768 2819/4676/768
f 2819/4676/769 2820/4675/769 2822/4677/769 2821/4678/769
f 2821/4678/770 2822/4677/770 2824/4679/770 2823/4680/770
f 2823/4680/771 2824/4679/771 2826/4681/771 2825/4682/771
f 2825/4682/772 2826/4681/772 2828/4683/772 2827/4684/772
f 2827/4684/773 2828/4683/773 2830/4685/773 2829/4686/773
f 2829/4686/774 2830/4685/774 2832/4687/774 2831/4688/774
f 2831/4688/775 2832/4687/775 2834/4689/775 2833/4690/775
f 2833/4690/776 2834/4689/776 2836/4691/776 2835/4692/776
f 2835/4692/777 2836/4691/777 2838/4693/777 2837/4694/777
f 2837/4694/778 2838/4693/778 2840/4695/778 2839/4696/778
f 2839/4696/779 2840/4695/779 2842/4697/779 2841/4698/779
f 2841/4698/780 2842/4697/780 2844/4699/780 2843/4700/780
f 2843/4700/781 2844/4699/781 2846/4701/781 2845/4702/781
f 2845/4702/782 2846/4701/782 2848/4703/782 2847/4704/782
f 2847/4704/783 2848/4703/783 2850/4705/783 2849/4706/783
f 2849/4706/784 2850/4705/784 2852/4707/784 2851/4708/784
f 2851/4708/785 2852/4707/785 2854/4709/785 2853/4710/785
f 2853/4710/786 2854/4709/786 2856/4711/786 2855/4712/786
f 2855/4712/787 2856/4711/787 2858/4713/787 2857/4714/787
f 2857/4714/788 2858/4713/788 2860/4715/788 2859/4716/788
f 2859/4716/789 2860/4715/789 2862/4717/789 2861/4718/789
f 2861/4718/790 2862/4717/790 2864/4719/790 2863/4720/790
f 2863/4720/791 2864/4719/791 2866/4721/791 2865/4722/791
f 2865/4722/792 2866/4721/792 2868/4723/792 2867/4724/792
f 2867/4724/793 2868/4723/793 2870/4725/793 2869/4726/793
f 2869/4726/794 2870/4725/794 2872/4727/794 2871/4728/794
f 2871/4728/795 2872/4727/795 2874/4729/795 2873/4730/795
f 2873/4730/796 2874/4729/796 2876/4731/796 2875/4732/796
f 2818/4733/494 2816/4734/494 2878/4735/494 2876/4736/494 2874/4737/494 2872/4738/494 2870/4739/494 2868/4740/494 2866/4741/494 2864/4742/494 2862/4743/494 2860/4744/494 2858/4745/494 2856/4746/494 2854/4747/494 2852/4748/494 2850/4749/494 2848/4750/494 2846/4751/494 2844/4752/494 2842/4753/494 2840/4754/494 2838/4755/494 2836/4756/494 2834/4757/494 2832/4758/494 2830/4759/494 2828/4760/494 2826/4761/494 2824/4762/494 2822/4763/494 2820/4764/494
f 2875/4732/797 2876/4731/797 2878/4765/797 2877/4766/797
f 2877/4766/798 2878/4765/798 2816/4767/798 2815/4768/798
f 2815/4769/492 2817/4770/492 2819/4771/492 2821/4772/492 2823/4773/492 2825/4774/492 2827/4775/492 2829/4776/492 2831/4777/492 2833/4778/492 2835/4779/492 2837/4780/492 2839/4781/492 2841/4782/492 2843/4783/492 2845/4784/492 2847/4785/492 2849/4786/492 2851/4787/492 2853/4788/492 2855/4789/492 2857/4790/492 2859/4791/492 2861/4792/492 2863/4793/492 2865/4794/492 2867/4795/492 2869/4796/492 2871/4797/492 2873/4798/492 2875/4799/492 2877/4800/492
f 2879/4801/492 2880/4802/492 2882/4803/492 2881/4804/492
f 2881/4804/493 2882/4803/493 2886/4805/493 2885/4806/493
f 2885/4806/494 2886/4805/494 2884/4807/494 2883/4808/494
f 2883/4808/495 2884/4807/495 2880/4809/495 2879/4810/495
f 2881/4811/595 2885/4806/595 2883/4808/595 2879/4812/595
f 2892/4813/495 2891/4814/495 2890/4815/495 2887/4816/495
f 2900/4817/898 2899/4818/898 2897/4819/898 2898/4820/898
f 2894/4821/493 2893/4822/493 2888/4823/493 2889/4824/493
f 2891/4814/899 2894/4821/899 2889/4824/899 2890/4815/899
f 2893/4822/900 2892/4825/900 2887/4826/901 2888/4823/901
f 2882/4803/902 2880/4802/902 2892/4825/902 2893/4822/902
f 2884/4807/903 2886/4805/903 2894/4821/903 2891/4814/903
f 2886/4805/493 2882/4803/493 2893/4822/493 2894/4821/493
f 2880/4809/495 2884/4807/495 2891/4814/495 2892/4813/495
f 2897/4819/507 2896/4827/507 2895/4828/507 2898/4820/507
f 2912/4829/495 2911/4830/495 2903/4831/495 2905/4832/495
f 2901/4833/495 2900/4817/495 2898/4820/495 2895/4834/495
f 2899/4818/493 2902/4835/493 2896/4836/493 2897/4819/493
f 2889/4824/493 2888/4823/493 2902/4835/493 2899/4818/493
f 2887/4816/495 2890/4815/495 2900/4817/495 2901/4833/495
f 2888/4823/901 2887/4826/901 2901/4837/904 2902/4835/904
f 2890/4815/905 2889/4824/905 2899/4818/905 2900/4817/905
f 2906/4838/492 2905/4839/492 2903/4840/492 2904/4841/492
f 2911/4842/507 2913/4843/507 2904/4844/507 2903/4845/507
f 2913/4846/493 2914/4847/493 2906/4838/493 2904/4841/493
f 2914/4847/493 2902/4835/493 2908/4848/493 2916/4849/493
f 2926/4850/494 2925/4851/494 2920/4852/494 2919/4853/494
f 2912/4829/495 2905/4832/495 2909/4854/495 2915/4855/495
f 2905/4839/492 2906/4838/492 2910/4856/492 2909/4857/492
f 2902/4835/906 2901/4837/906 2907/4858/906 2908/4848/906
f 2901/4833/495 2912/4829/495 2915/4855/495 2907/4859/495
f 2908/4848/595 2907/4858/595 2915/4860/595 2916/4849/595
f 2906/4838/493 2914/4847/493 2916/4849/493 2910/4856/493
f 2896/4836/493 2902/4835/493 2914/4847/493 2913/4846/493
f 2895/4828/507 2896/4827/507 2913/4843/507 2911/4842/507
f 2901/4833/495 2895/4834/495 2911/4830/495 2912/4829/495
f 2919/4853/595 2920/4852/595 2917/4861/595 2918/4862/595
f 2927/4863/493 2926/4850/493 2919/4853/493 2918/4862/493
f 2928/4864/492 2927/4863/492 2918/4862/492 2917/4861/492
f 2925/4865/495 2928/4866/495 2917/4867/495 2920/4868/495
f 2915/4855/495 2909/4854/495 2924/4869/495 2921/4870/495
f 2909/4857/492 2910/4856/492 2923/4871/492 2924/4872/492
f 2910/4856/493 2916/4849/493 2922/4873/493 2923/4871/493
f 2916/4849/494 2915/4860/494 2921/4874/494 2922/4873/494
f 2921/4870/495 2924/4869/495 2928/4866/495 2925/4865/495
f 2924/4872/492 2923/4871/492 2927/4863/492 2928/4864/492
f 2923/4871/493 2922/4873/493 2926/4850/493 2927/4863/493
f 2925/4851/595 2926/4850/595 2929/4875/595 2932/4876/595
f 2930/4877/494 2931/4878/494 2932/4876/494 2929/4875/494
f 2922/4873/507 2921/4874/507 2931/4878/507 2930/4877/507
f 2926/4850/493 2922/4873/493 2930/4877/493 2929/4875/493
f 2921/4870/495 2925/4865/495 2932/4879/495 2931/4880/495
f 3253/4881/907 2934/4882/907 2936/4883/907 3254/4884/907
f 3254/4884/908 2936/4883/908 2938/4885/908 3255/4886/908
f 3255/4886/909 2938/4885/909 2940/4887/909 3256/4888/909
f 3256/4888/910 2940/4887/910 2942/4889/910 3257/4890/910
f 3257/4890/911 2942/4889/911 2944/4891/911 3258/4892/911
f 3258/4892/912 2944/4891/912 2946/4893/912 3259/4894/912
f 3259/4894/913 2946/4893/913 2948/4895/913 3260/4896/913
f 3260/4896/914 2948/4895/914 2950/4897/914 3261/4898/914
f 3261/4898/915 2950/4897/915 2952/4899/915 3262/4900/915
f 3262/4900/916 2952/4899/916 2954/4901/916 3263/4902/916
f 3263/4902/917 2954/4901/917 2956/4903/917 3264/4904/917
f 3264/4904/918 2956/4903/918 2958/4905/918 3265/4906/918
f 3265/4906/919 2958/4905/919 2960/4907/919 3266/4908/919
f 3266/4908/920 2960/4907/920 2962/4909/920 3267/4910/920
f 3267/4910/921 2962/4909/921 2964/4911/921 3268/4912/921
f 3268/4912/922 2964/4911/922 2966/4913/922 3269/4914/922
f 3269/4914/923 2966/4913/923 2968/4915/923 3270/4916/923
f 3270/4916/924 2968/4915/924 2970/4917/924 3271/4918/924
f 3271/4918/925 2970/4917/925 2972/4919/925 3272/4920/925
f 3272/4920/926 2972/4919/926 2974/4921/926 3273/4922/926
f 3273/4922/927 2974/4921/927 2976/4923/927 3274/4924/927
f 3274/4924/928 2976/4923/928 2978/4925/928 3275/4926/928
f 3275/4926/929 2978/4925/929 2980/4927/929 3276/4928/929
f 3276/4928/930 2980/4927/930 2982/4929/930 3277/4930/930
f 3277/4930/931 2982/4929/931 2984/4931/931 3278/4932/931
f 3278/4932/932 2984/4931/932 2986/4933/932 3279/4934/932
f 3279/4934/933 2986/4933/933 2988/4935/933 3280/4936/933
f 3280/4936/934 2988/4935/934 2990/4937/934 3281/4938/934
f 3281/4938/935 2990/4937/935 2992/4939/935 3282/4940/935
f 3282/4940/936 2992/4939/936 2994/4941/936 3283/4942/936
f 2984/4931/791 2982/4929/791 3309/4943/791 3310/4944/791
f 3283/4942/937 2994/4941/937 2996/4945/937 3284/4946/937
f 3284/4946/938 2996/4945/938 2934/4947/938 3253/4948/938
f 2933/4949/492 2935/4950/492 2937/4951/492 2939/4952/492 2941/4953/492 2943/4954/492 2945/4955/492 2947/4956/492 2949/4957/492 2951/4958/492 2953/4959/492 2955/4960/492 2957/4961/492 2959/4962/492 2961/4963/492 2963/4964/492 2965/4965/492 2967/4966/492 2969/4967/492 2971/4968/492 2973/4969/492 2975/4970/492 2977/4971/492 2979/4972/492 2981/4973/492 2983/4974/492 2985/4975/492 2987/4976/492 2989/4977/492 2991/4978/492 2993/4979/492 2995/4980/492
f 3059/4981/939 3028/4982/939 2997/4983/939 3060/4984/939
f 3058/4985/940 3027/4986/940 3028/4982/940 3059/4981/940
f 3057/4987/941 3026/4988/941 3027/4986/941 3058/4985/941
f 3056/4989/942 3025/4990/942 3026/4988/942 3057/4987/942
f 3055/4991/943 3024/4992/943 3025/4990/943 3056/4989/943
f 3054/4993/944 3023/4994/944 3024/4992/944 3055/4991/944
f 3053/4995/945 3022/4996/945 3023/4994/945 3054/4993/945
f 3052/4997/946 3021/4998/946 3022/4996/946 3053/4995/946
f 3051/4999/947 3020/5000/947 3021/4998/947 3052/4997/947
f 3050/5001/948 3019/5002/948 3020/5000/948 3051/4999/948
f 3049/5003/949 3018/5004/949 3019/5002/949 3050/5001/949
f 3048/5005/950 3017/5006/950 3018/5004/950 3049/5003/950
f 3047/5007/951 3016/5008/951 3017/5006/951 3048/5005/951
f 3046/5009/952 3015/5010/952 3016/5008/952 3047/5007/952
f 3045/5011/953 3014/5012/953 3015/5010/953 3046/5009/953
f 3044/5013/954 3013/5014/954 3014/5012/954 3045/5011/954
f 3043/5015/955 3012/5016/955 3013/5014/955 3044/5013/955
f 3042/5017/956 3011/5018/956 3012/5016/956 3043/5015/956
f 3041/5019/957 3010/5020/957 3011/5018/957 3042/5017/957
f 3040/5021/958 3009/5022/958 3010/5020/958 3041/5019/958
f 3039/5023/959 3008/5024/959 3009/5022/959 3040/5021/959
f 3038/5025/960 3007/5026/960 3008/5024/960 3039/5023/960
f 3037/5027/961 3006/5028/961 3007/5026/961 3038/5025/961
f 3036/5029/962 3005/5030/962 3006/5028/962 3037/5027/962
f 3035/5031/963 3004/5032/963 3005/5030/963 3036/5029/963
f 3034/5033/964 3003/5034/964 3004/5032/964 3035/5031/964
f 3033/5035/965 3002/5036/965 3003/5034/965 3034/5033/965
f 3032/5037/966 3001/5038/966 3002/5036/966 3033/5035/966
f 3031/5039/967 3000/5040/967 3001/5038/967 3032/5037/967
f 3030/5041/968 2999/5042/968 3000/5040/968 3031/5039/968
f 3029/5043/969 2998/5044/969 2999/5042/969 3030/5041/969
f 3060/5045/970 2997/5046/970 2998/5044/970 3029/5043/970
f 2933/5047/767 3060/5045/767 3029/5043/767 2935/5048/767
f 2935/5048/768 3029/5043/768 3030/5041/768 2937/5049/768
f 2937/5049/769 3030/5041/769 3031/5039/769 2939/5050/769
f 2939/5050/770 3031/5039/770 3032/5037/770 2941/5051/770
f 2941/5051/771 3032/5037/771 3033/5035/771 2943/5052/771
f 2943/5052/772 3033/5035/772 3034/5033/772 2945/5053/772
f 2945/5053/773 3034/5033/773 3035/5031/773 2947/5054/773
f 2947/5054/774 3035/5031/774 3036/5029/774 2949/5055/774
f 2949/5055/775 3036/5029/775 3037/5027/775 2951/5056/775
f 2951/5056/776 3037/5027/776 3038/5025/776 2953/5057/776
f 2953/5057/777 3038/5025/777 3039/5023/777 2955/5058/777
f 2955/5058/778 3039/5023/778 3040/5021/778 2957/5059/778
f 2957/5059/779 3040/5021/779 3041/5019/779 2959/5060/779
f 2959/5060/780 3041/5019/780 3042/5017/780 2961/5061/780
f 2961/5061/781 3042/5017/781 3043/5015/781 2963/5062/781
f 2963/5062/782 3043/5015/782 3044/5013/782 2965/5063/782
f 2965/5063/783 3044/5013/783 3045/5011/783 2967/5064/783
f 2967/5064/784 3045/5011/784 3046/5009/784 2969/5065/784
f 2969/5065/785 3046/5009/785 3047/5007/785 2971/5066/785
f 2971/5066/786 3047/5007/786 3048/5005/786 2973/5067/786
f 2973/5067/787 3048/5005/787 3049/5003/787 2975/5068/787
f 2975/5068/788 3049/5003/788 3050/5001/788 2977/5069/788
f 2977/5069/789 3050/5001/789 3051/4999/789 2979/5070/789
f 2979/5070/790 3051/4999/790 3052/4997/790 2981/5071/790
f 2981/5071/791 3052/4997/791 3053/4995/791 2983/5072/791
f 2983/5072/792 3053/4995/792 3054/4993/792 2985/5073/792
f 2985/5073/793 3054/4993/793 3055/4991/793 2987/5074/793
f 2987/5074/794 3055/4991/794 3056/4989/794 2989/5075/794
f 2989/5075/795 3056/4989/795 3057/4987/795 2991/5076/795
f 2991/5076/796 3057/4987/796 3058/4985/796 2993/5077/796
f 2993/5077/797 3058/4985/797 3059/4981/797 2995/5078/797
f 2995/5078/798 3059/4981/798 3060/4984/798 2933/5079/798
f 3028/4982/798 3092/5080/798 3061/5081/798 2997/4983/798
f 3027/4986/797 3091/5082/797 3092/5080/797 3028/4982/797
f 3026/4988/796 3090/5083/796 3091/5082/796 3027/4986/796
f 3025/4990/795 3089/5084/795 3090/5083/795 3026/4988/795
f 3024/4992/794 3088/5085/794 3089/5084/794 3025/4990/794
f 3023/4994/793 3087/5086/793 3088/5085/793 3024/4992/793
f 3022/4996/792 3086/5087/792 3087/5086/792 3023/4994/792
f 3021/4998/791 3085/5088/791 3086/5087/791 3022/4996/791
f 3020/5000/790 3084/5089/790 3085/5088/790 3021/4998/790
f 3019/5002/789 3083/5090/789 3084/5089/789 3020/5000/789
f 3018/5004/788 3082/5091/788 3083/5090/788 3019/5002/788
f 3017/5006/787 3081/5092/787 3082/5091/787 3018/5004/787
f 3016/5008/786 3080/5093/786 3081/5092/786 3017/5006/786
f 3015/5010/785 3079/5094/785 3080/5093/785 3016/5008/785
f 3014/5012/784 3078/5095/784 3079/5094/784 3015/5010/784
f 3013/5014/783 3077/5096/783 3078/5095/783 3014/5012/783
f 3012/5016/782 3076/5097/782 3077/5096/782 3013/5014/782
f 3011/5018/781 3075/5098/781 3076/5097/781 3012/5016/781
f 3010/5020/780 3074/5099/780 3075/5098/780 3011/5018/780
f 3009/5022/779 3073/5100/779 3074/5099/779 3010/5020/779
f 3008/5024/778 3072/5101/778 3073/5100/778 3009/5022/778
f 3007/5026/777 3071/5102/777 3072/5101/777 3008/5024/777
f 3006/5028/776 3070/5103/776 3071/5102/776 3007/5026/776
f 3005/5030/775 3069/5104/775 3070/5103/775 3006/5028/775
f 3004/5032/774 3068/5105/774 3069/5104/774 3005/5030/774
f 3003/5034/773 3067/5106/773 3068/5105/773 3004/5032/773
f 3002/5036/772 3066/5107/772 3067/5106/772 3003/5034/772
f 3001/5038/771 3065/5108/771 3066/5107/771 3002/5036/771
f 3000/5040/770 3064/5109/770 3065/5108/770 3001/5038/770
f 2999/5042/769 3063/5110/769 3064/5109/769 3000/5040/769
f 2998/5044/768 3062/5111/768 3063/5110/768 2999/5042/768
f 2997/5046/767 3061/5112/767 3062/5111/767 2998/5044/767
f 3092/5080/971 3124/5113/971 3093/5114/971 3061/5081/971
f 3091/5082/972 3123/5115/972 3124/5113/972 3092/5080/972
f 3090/5083/973 3122/5116/973 3123/5115/973 3091/5082/973
f 3089/5084/974 3121/5117/974 3122/5116/974 3090/5083/974
f 3088/5085/975 3120/5118/975 3121/5117/975 3089/5084/975
f 3087/5086/976 3119/5119/976 3120/5118/976 3088/5085/976
f 3086/5087/977 3118/5120/977 3119/5119/977 3087/5086/977
f 3085/5088/978 3117/5121/978 3118/5120/978 3086/5087/978
f 3084/5089/979 3116/5122/979 3117/5121/979 3085/5088/979
f 3083/5090/980 3115/5123/980 3116/5122/980 3084/5089/980
f 3082/5091/981 3114/5124/981 3115/5123/981 3083/5090/981
f 3081/5092/982 3113/5125/982 3114/5124/982 3082/5091/982
f 3080/5093/983 3112/5126/983 3113/5125/983 3081/5092/983
f 3079/5094/984 3111/5127/984 3112/5126/984 3080/5093/984
f 3078/5095/985 3110/5128/985 3111/5127/985 3079/5094/985
f 3077/5096/986 3109/5129/986 3110/5128/986 3078/5095/986
f 3076/5097/987 3108/5130/987 3109/5129/987 3077/5096/987
f 3075/5098/988 3107/5131/988 3108/5130/988 3076/5097/988
f 3074/5099/989 3106/5132/989 3107/5131/989 3075/5098/989
f 3073/5100/990 3105/5133/990 3106/5132/990 3074/5099/990
f 3072/5101/991 3104/5134/991 3105/5133/991 3073/5100/991
f 3071/5102/992 3103/5135/992 3104/5134/992 3072/5101/992
f 3070/5103/993 3102/5136/993 3103/5135/993 3071/5102/993
f 3069/5104/994 3101/5137/994 3102/5136/994 3070/5103/994
f 3068/5105/995 3100/5138/995 3101/5137/995 3069/5104/995
f 3067/5106/996 3099/5139/996 3100/5138/996 3068/5105/996
f 3066/5107/997 3098/5140/997 3099/5139/997 3067/5106/997
f 3065/5108/998 3097/5141/998 3098/5140/998 3066/5107/998
f 3064/5109/999 3096/5142/999 3097/5141/999 3065/5108/999
f 3063/5110/1000 3095/5143/1000 3096/5142/1000 3064/5109/1000
f 3062/5111/1001 3094/5144/1001 3095/5143/1001 3063/5110/1001
f 3061/5112/1002 3093/5145/1002 3094/5144/1002 3062/5111/1002
f 3124/5113/798 3156/5146/798 3125/5147/798 3093/5114/798
f 3123/5115/797 3155/5148/797 3156/5146/797 3124/5113/797
f 3122/5116/796 3154/5149/796 3155/5148/796 3123/5115/796
f 3121/5117/795 3153/5150/795 3154/5149/795 3122/5116/795
f 3120/5118/794 3152/5151/794 3153/5150/794 3121/5117/794
f 3119/5119/793 3151/5152/793 3152/5151/793 3120/5118/793
f 3118/5120/792 3150/5153/792 3151/5152/792 3119/5119/792
f 3117/5121/791 3149/5154/791 3150/5153/791 3118/5120/791
f 3116/5122/790 3148/5155/790 3149/5154/790 3117/5121/790
f 3115/5123/789 3147/5156/789 3148/5155/789 3116/5122/789
f 3114/5124/788 3146/5157/788 3147/5156/788 3115/5123/788
f 3113/5125/787 3145/5158/787 3146/5157/787 3114/5124/787
f 3112/5126/786 3144/5159/786 3145/5158/786 3113/5125/786
f 3111/5127/785 3143/5160/785 3144/5159/785 3112/5126/785
f 3110/5128/784 3142/5161/784 3143/5160/784 3111/5127/784
f 3109/5129/783 3141/5162/783 3142/5161/783 3110/5128/783
f 3108/5130/782 3140/5163/782 3141/5162/782 3109/5129/782
f 3107/5131/781 3139/5164/781 3140/5163/781 3108/5130/781
f 3106/5132/780 3138/5165/780 3139/5164/780 3107/5131/780
f 3105/5133/779 3137/5166/779 3138/5165/779 3106/5132/779
f 3104/5134/778 3136/5167/778 3137/5166/778 3105/5133/778
f 3103/5135/777 3135/5168/777 3136/5167/777 3104/5134/777
f 3102/5136/776 3134/5169/776 3135/5168/776 3103/5135/776
f 3101/5137/775 3133/5170/775 3134/5169/775 3102/5136/775
f 3100/5138/774 3132/5171/774 3133/5170/774 3101/5137/774
f 3099/5139/773 3131/5172/773 3132/5171/773 3100/5138/773
f 3098/5140/772 3130/5173/772 3131/5172/772 3099/5139/772
f 3097/5141/771 3129/5174/771 3130/5173/771 3098/5140/771
f 3096/5142/770 3128/5175/770 3129/5174/770 3097/5141/770
f 3095/5143/769 3127/5176/769 3128/5175/769 3096/5142/769
f 3094/5144/768 3126/5177/768 3127/5176/768 3095/5143/768
f 3093/5145/767 3125/5178/767 3126/5177/767 3094/5144/767
f 3156/5146/1003 3188/5179/1003 3157/5180/1003 3125/5147/1003
f 3155/5148/1004 3187/5181/1004 3188/5179/1004 3156/5146/1004
f 3154/5149/1005 3186/5182/1005 3187/5181/1005 3155/5148/1005
f 3153/5150/1006 3185/5183/1006 3186/5182/1006 3154/5149/1006
f 3152/5151/1007 3184/5184/1007 3185/5183/1007 3153/5150/1007
f 3151/5152/1008 3183/5185/1008 3184/5184/1008 3152/5151/1008
f 3150/5153/1009 3182/5186/1009 3183/5185/1009 3151/5152/1009
f 3149/5154/1010 3181/5187/1010 3182/5186/1010 3150/5153/1010
f 3148/5155/1011 3180/5188/1011 3181/5187/1011 3149/5154/1011
f 3147/5156/1012 3179/5189/1012 3180/5188/1012 3148/5155/1012
f 3146/5157/1013 3178/5190/1013 3179/5189/1013 3147/5156/1013
f 3145/5158/1014 3177/5191/1014 3178/5190/1014 3146/5157/1014
f 3144/5159/1015 3176/5192/1015 3177/5191/1015 3145/5158/1015
f 3143/5160/1016 3175/5193/1016 3176/5192/1016 3144/5159/1016
f 3142/5161/1017 3174/5194/1017 3175/5193/1017 3143/5160/1017
f 3141/5162/1018 3173/5195/1018 3174/5194/1018 3142/5161/1018
f 3140/5163/1019 3172/5196/1019 3173/5195/1019 3141/5162/1019
f 3139/5164/1020 3171/5197/1020 3172/5196/1020 3140/5163/1020
f 3138/5165/1021 3170/5198/1021 3171/5197/1021 3139/5164/1021
f 3137/5166/1022 3169/5199/1022 3170/5198/1022 3138/5165/1022
f 3136/5167/1023 3168/5200/1023 3169/5199/1023 3137/5166/1023
f 3135/5168/1024 3167/5201/1024 3168/5200/1024 3136/5167/1024
f 3134/5169/1025 3166/5202/1025 3167/5201/1025 3135/5168/1025
f 3133/5170/1026 3165/5203/1026 3166/5202/1026 3134/5169/1026
f 3132/5171/1027 3164/5204/1027 3165/5203/1027 3133/5170/1027
f 3131/5172/1028 3163/5205/1028 3164/5204/1028 3132/5171/1028
f 3130/5173/1029 3162/5206/1029 3163/5205/1029 3131/5172/1029
f 3129/5174/1030 3161/5207/1030 3162/5206/1030 3130/5173/1030
f 3128/5175/1031 3160/5208/1031 3161/5207/1031 3129/5174/1031
f 3127/5176/1032 3159/5209/1032 3160/5208/1032 3128/5175/1032
f 3126/5177/1033 3158/5210/1033 3159/5209/1033 3127/5176/1033
f 3125/5178/1034 3157/5211/1034 3158/5210/1034 3126/5177/1034
f 3188/5179/1035 3220/5212/1035 3189/5213/1035 3157/5180/1035
f 3187/5181/1036 3219/5214/1036 3220/5212/1036 3188/5179/1036
f 3186/5182/1037 3218/5215/1037 3219/5214/1037 3187/5181/1037
f 3185/5183/1038 3217/5216/1038 3218/5215/1038 3186/5182/1038
f 3184/5184/1039 3216/5217/1039 3217/5216/1039 3185/5183/1039
f 3183/5185/1040 3215/5218/1040 3216/5217/1040 3184/5184/1040
f 3182/5186/1041 3214/5219/1041 3215/5218/1041 3183/5185/1041
f 3181/5187/1042 3213/5220/1042 3214/5219/1042 3182/5186/1042
f 3180/5188/1043 3212/5221/1043 3213/5220/1043 3181/5187/1043
f 3179/5189/1044 3211/5222/1044 3212/5221/1044 3180/5188/1044
f 3178/5190/1045 3210/5223/1045 3211/5222/1045 3179/5189/1045
f 3177/5191/1046 3209/5224/1046 3210/5223/1046 3178/5190/1046
f 3176/5192/1047 3208/5225/1047 3209/5224/1047 3177/5191/1047
f 3175/5193/1048 3207/5226/1048 3208/5225/1048 3176/5192/1048
f 3174/5194/1049 3206/5227/1049 3207/5226/1049 3175/5193/1049
f 3173/5195/1050 3205/5228/1050 3206/5227/1050 3174/5194/1050
f 3172/5196/1051 3204/5229/1051 3205/5228/1051 3173/5195/1051
f 3171/5197/1052 3203/5230/1052 3204/5229/1052 3172/5196/1052
f 3170/5198/1053 3202/5231/1053 3203/5230/1053 3171/5197/1053
f 3169/5199/1054 3201/5232/1054 3202/5231/1054 3170/5198/1054
f 3168/5200/1055 3200/5233/1055 3201/5232/1055 3169/5199/1055
f 3167/5201/1056 3199/5234/1056 3200/5233/1056 3168/5200/1056
f 3166/5202/1057 3198/5235/1057 3199/5234/1057 3167/5201/1057
f 3165/5203/1058 3197/5236/1058 3198/5235/1058 3166/5202/1058
f 3164/5204/1059 3196/5237/1059 3197/5236/1059 3165/5203/1059
f 3163/5205/1060 3195/5238/1060 3196/5237/1060 3164/5204/1060
f 3162/5206/1061 3194/5239/1061 3195/5238/1061 3163/5205/1061
f 3161/5207/1062 3193/5240/1062 3194/5239/1062 3162/5206/1062
f 3160/5208/1063 3192/5241/1063 3193/5240/1063 3161/5207/1063
f 3159/5209/1064 3191/5242/1064 3192/5241/1064 3160/5208/1064
f 3158/5210/1065 3190/5243/1065 3191/5242/1065 3159/5209/1065
f 3157/5211/1066 3189/5244/1066 3190/5243/1066 3158/5210/1066
f 3220/5212/1067 3252/5245/1067 3221/5246/1067 3189/5213/1067
f 3219/5214/1068 3251/5247/1068 3252/5245/1068 3220/5212/1068
f 3218/5215/1069 3250/5248/1069 3251/5247/1069 3219/5214/1069
f 3217/5216/1070 3249/5249/1070 3250/5248/1070 3218/5215/1070
f 3216/5217/1071 3248/5250/1071 3249/5249/1071 3217/5216/1071
f 3215/5218/1072 3247/5251/1072 3248/5250/1072 3216/5217/1072
f 3214/5219/1073 3246/5252/1073 3247/5251/1073 3215/5218/1073
f 3213/5220/1074 3245/5253/1074 3246/5252/1074 3214/5219/1074
f 3212/5221/1075 3244/5254/1075 3245/5253/1075 3213/5220/1075
f 3211/5222/1076 3243/5255/1076 3244/5254/1076 3212/5221/1076
f 3210/5223/1077 3242/5256/1077 3243/5255/1077 3211/5222/1077
f 3209/5224/1078 3241/5257/1078 3242/5256/1078 3210/5223/1078
f 3208/5225/1079 3240/5258/1079 3241/5257/1079 3209/5224/1079
f 3207/5226/1080 3239/5259/1080 3240/5258/1080 3208/5225/1080
f 3206/5227/1081 3238/5260/1081 3239/5259/1081 3207/5226/1081
f 3205/5228/1082 3237/5261/1082 3238/5260/1082 3206/5227/1082
f 3204/5229/1083 3236/5262/1083 3237/5261/1083 3205/5228/1083
f 3203/5230/1084 3235/5263/1084 3236/5262/1084 3204/5229/1084
f 3202/5231/1085 3234/5264/1085 3235/5263/1085 3203/5230/1085
f 3201/5232/1086 3233/5265/1086 3234/5264/1086 3202/5231/1086
f 3200/5233/1087 3232/5266/1087 3233/5265/1087 3201/5232/1087
f 3199/5234/1088 3231/5267/1088 3232/5266/1088 3200/5233/1088
f 3198/5235/1089 3230/5268/1089 3231/5267/1089 3199/5234/1089
f 3197/5236/1090 3229/5269/1090 3230/5268/1090 3198/5235/1090
f 3196/5237/1091 3228/5270/1091 3229/5269/1091 3197/5236/1091
f 3195/5238/1092 3227/5271/1092 3228/5270/1092 3196/5237/1092
f 3194/5239/1093 3226/5272/1093 3227/5271/1093 3195/5238/1093
f 3193/5240/1094 3225/5273/1094 3226/5272/1094 3194/5239/1094
f 3192/5241/1095 3224/5274/1095 3225/5273/1095 3193/5240/1095
f 3191/5242/1096 3223/5275/1096 3224/5274/1096 3192/5241/1096
f 3190/5243/1097 3222/5276/1097 3223/5275/1097 3191/5242/1097
f 3189/5244/1098 3221/5277/1098 3222/5276/1098 3190/5243/1098
f 3252/5245/1099 3284/4946/1099 3253/4948/1099 3221/5246/1099
f 3251/5247/1100 3283/4942/1100 3284/4946/1100 3252/5245/1100
f 3250/5248/1101 3282/4940/1101 3283/4942/1101 3251/5247/1101
f 3249/5249/1102 3281/4938/1102 3282/4940/1102 3250/5248/1102
f 3248/5250/1103 3280/4936/1103 3281/4938/1103 3249/5249/1103
f 3247/5251/1104 3279/4934/1104 3280/4936/1104 3248/5250/1104
f 3246/5252/1105 3278/4932/1105 3279/4934/1105 3247/5251/1105
f 3245/5253/1106 3277/4930/1106 3278/4932/1106 3246/5252/1106
f 3244/5254/1107 3276/4928/1107 3277/4930/1107 3245/5253/1107
f 3243/5255/1108 3275/4926/1108 3276/4928/1108 3244/5254/1108
f 3242/5256/1109 3274/4924/1109 3275/4926/1109 3243/5255/1109
f 3241/5257/1110 3273/4922/1110 3274/4924/1110 3242/5256/1110
f 3240/5258/1111 3272/4920/1111 3273/4922/1111 3241/5257/1111
f 3239/5259/1112 3271/4918/1112 3272/4920/1112 3240/5258/1112
f 3238/5260/1113 3270/4916/1113 3271/4918/1113 3239/5259/1113
f 3237/5261/1114 3269/4914/1114 3270/4916/1114 3238/5260/1114
f 3236/5262/1115 3268/4912/1115 3269/4914/1115 3237/5261/1115
f 3235/5263/1116 3267/4910/1116 3268/4912/1116 3236/5262/1116
f 3234/5264/1117 3266/4908/1117 3267/4910/1117 3235/5263/1117
f 3233/5265/1118 3265/4906/1118 3266/4908/1118 3234/5264/1118
f 3232/5266/1119 3264/4904/1119 3265/4906/1119 3233/5265/1119
f 3231/5267/1120 3263/4902/1120 3264/4904/1120 3232/5266/1120
f 3230/5268/1121 3262/4900/1121 3263/4902/1121 3231/5267/1121
f 3229/5269/1122 3261/4898/1122 3262/4900/1122 3230/5268/1122
f 3228/5270/1123 3260/4896/1123 3261/4898/1123 3229/5269/1123
f 3227/5271/1124 3259/4894/1124 3260/4896/1124 3228/5270/1124
f 3226/5272/1125 3258/4892/1125 3259/4894/1125 3227/5271/1125
f 3225/5273/1126 3257/4890/1126 3258/4892/1126 3226/5272/1126
f 3224/5274/1127 3256/4888/1127 3257/4890/1127 3225/5273/1127
f 3223/5275/1128 3255/4886/1128 3256/4888/1128 3224/5274/1128
f 3222/5276/1129 3254/4884/1129 3255/4886/1129 3223/5275/1129
f 3221/5277/1130 3253/4881/1130 3254/4884/1130 3222/5276/1130
f 3285/5278/494 3286/5279/494 3316/5280/494 3315/5281/494 3314/5282/494 3313/5283/494 3312/5284/494 3311/5285/494 3310/5286/494 3309/5287/494 3308/5288/494 3307/5289/494 3306/5290/494 3305/5291/494 3304/5292/494 3303/5293/494 3302/5294/494 3301/5295/494 3300/5296/494 3299/5297/494 3298/5298/494 3297/5299/494 3296/5300/494 3295/5301/494 3294/5302/494 3293/5303/494 3292/5304/494 3291/5305/494 3290/5306/494 3289/5307/494 3288/5308/494 3287/5309/494
f 2940/4887/769 2938/4885/769 3287/5310/769 3288/5311/769
f 2958/4905/778 2956/4903/778 3296/5312/778 3297/5313/778
f 2976/4923/787 2974/4921/787 3305/5314/787 3306/5315/787
f 2994/4941/796 2992/4939/796 3314/5316/796 3315/5317/796
f 2950/4897/774 2948/4895/774 3292/5318/774 3293/5319/774
f 2968/4915/783 2966/4913/783 3301/5320/783 3302/5321/783
f 2986/4933/792 2984/4931/792 3310/4944/792 3311/5322/792
f 2942/4889/770 2940/4887/770 3288/5311/770 3289/5323/770
f 2960/4907/779 2958/4905/779 3297/5313/779 3298/5324/779
f 2978/4925/788 2976/4923/788 3306/5315/788 3307/5325/788
f 2996/4945/797 2994/4941/797 3315/5317/797 3316/5326/797
f 2952/4899/775 2950/4897/775 3293/5319/775 3294/5327/775
f 2970/4917/784 2968/4915/784 3302/5321/784 3303/5328/784
f 2988/4935/793 2986/4933/793 3311/5322/793 3312/5329/793
f 2944/4891/771 2942/4889/771 3289/5323/771 3290/5330/771
f 2962/4909/780 2960/4907/780 3298/5324/780 3299/5331/780
f 2980/4927/789 2978/4925/789 3307/5325/789 3308/5332/789
f 2936/4883/767 2934/4882/767 3286/5333/767 3285/5334/767
f 2934/4947/798 2996/4945/798 3316/5326/798 3286/5335/798
f 2954/4901/776 2952/4899/776 3294/5327/776 3295/5336/776
f 2972/4919/785 2970/4917/785 3303/5328/785 3304/5337/785
f 2990/4937/794 2988/4935/794 3312/5329/794 3313/5338/794
f 2946/4893/772 2944/4891/772 3290/5330/772 3291/5339/772
f 2964/4911/781 2962/4909/781 3299/5331/781 3300/5340/781
f 2982/4929/790 2980/4927/790 3308/5332/790 3309/4943/790
f 2938/4885/768 2936/4883/768 3285/5334/768 3287/5310/768
f 2956/4903/777 2954/4901/777 3295/5336/777 3296/5312/777
f 2974/4921/786 2972/4919/786 3304/5337/786 3305/5314/786
f 2992/4939/795 2990/4937/795 3313/5338/795 3314/5316/795
f 2948/4895/773 2946/4893/773 3291/5339/773 3292/5318/773
f 2966/4913/782 2964/4911/782 3300/5340/782 3301/5320/782
f 3541/5341/767 3318/5342/767 3320/5343/767 3542/5344/767
f 3542/5344/768 3320/5343/768 3322/5345/768 3543/5346/768
f 3543/5346/769 3322/5345/769 3324/5347/769 3544/5348/769
f 3544/5348/770 3324/5347/770 3326/5349/770 3545/5350/770
f 3545/5350/771 3326/5349/771 3328/5351/771 3546/5352/771
f 3546/5352/772 3328/5351/772 3330/5353/772 3547/5354/772
f 3547/5354/773 3330/5353/773 3332/5355/773 3548/5356/773
f 3548/5356/774 3332/5355/774 3334/5357/774 3549/5358/774
f 3549/5358/775 3334/5357/775 3336/5359/775 3550/5360/775
f 3550/5360/776 3336/5359/776 3338/5361/776 3551/5362/776
f 3551/5362/777 3338/5361/777 3340/5363/777 3552/5364/777
f 3552/5364/778 3340/5363/778 3342/5365/778 3553/5366/778
f 3553/5366/779 3342/5365/779 3344/5367/779 3554/5368/779
f 3554/5368/780 3344/5367/780 3346/5369/780 3555/5370/780
f 3555/5370/781 3346/5369/781 3348/5371/781 3556/5372/781
f 3556/5372/782 3348/5371/782 3350/5373/782 3557/5374/782
f 3557/5374/783 3350/5373/783 3352/5375/783 3558/5376/783
f 3558/5376/784 3352/5375/784 3354/5377/784 3559/5378/784
f 3559/5378/785 3354/5377/785 3356/5379/785 3560/5380/785
f 3560/5380/786 3356/5379/786 3358/5381/786 3561/5382/786
f 3561/5382/787 3358/5381/787 3360/5383/787 3562/5384/787
f 3562/5384/788 3360/5383/788 3362/5385/788 3563/5386/788
f 3563/5386/789 3362/5385/789 3364/5387/789 3564/5388/789
f 3564/5388/790 3364/5387/790 3366/5389/790 3565/5390/790
f 3565/5390/791 3366/5389/791 3368/5391/791 3566/5392/791
f 3566/5392/792 3368/5391/792 3370/5393/792 3567/5394/792
f 3567/5394/793 3370/5393/793 3372/5395/793 3568/5396/793
f 3568/5396/794 3372/5395/794 3374/5397/794 3569/5398/794
f 3569/5398/795 3374/5397/795 3376/5399/795 3570/5400/795
f 3570/5400/796 3376/5399/796 3378/5401/796 3571/5402/796
f 3320/5403/494 3318/5404/494 3380/5405/494 3378/5406/494 3376/5407/494 3374/5408/494 3372/5409/494 3370/5410/494 3368/5411/494 3366/5412/494 3364/5413/494 3362/5414/494 3360/5415/494 3358/5416/494 3356/5417/494 3354/5418/494 3352/5419/494 3350/5420/494 3348/5421/494 3346/5422/494 3344/5423/494 3342/5424/494 3340/5425/494 3338/5426/494 3336/5427/494 3334/5428/494 3332/5429/494 3330/5430/494 3328/5431/494 3326/5432/494 3324/5433/494 3322/5434/494
f 3571/5402/797 3378/5401/797 3380/5435/797 3572/5436/797
f 3572/5436/798 3380/5435/798 3318/5437/798 3541/5438/798
f 3317/5439/492 3319/5440/492 3321/5441/492 3323/5442/492 3325/5443/492 3327/5444/492 3329/5445/492 3331/5446/492 3333/5447/492 3335/5448/492 3337/5449/492 3339/5450/492 3341/5451/492 3343/5452/492 3345/5453/492 3347/5454/492 3349/5455/492 3351/5456/492 3353/5457/492 3355/5458/492 3357/5459/492 3359/5460/492 3361/5461/492 3363/5462/492 3365/5463/492 3367/5464/492 3369/5465/492 3371/5466/492 3373/5467/492 3375/5468/492 3377/5469/492 3379/5470/492
f 3379/5471/798 3412/5472/798 3381/5473/798 3317/5474/798
f 3377/5475/797 3411/5476/797 3412/5472/797 3379/5471/797
f 3375/5477/796 3410/5478/796 3411/5476/796 3377/5475/796
f 3373/5479/795 3409/5480/795 3410/5478/795 3375/5477/795
f 3371/5481/794 3408/5482/794 3409/5480/794 3373/5479/794
f 3369/5483/793 3407/5484/793 3408/5482/793 3371/5481/793
f 3367/5485/792 3406/5486/792 3407/5484/792 3369/5483/792
f 3365/5487/791 3405/5488/791 3406/5486/791 3367/5485/791
f 3363/5489/790 3404/5490/790 3405/5488/790 3365/5487/790
f 3361/5491/789 3403/5492/789 3404/5490/789 3363/5489/789
f 3359/5493/788 3402/5494/788 3403/5492/788 3361/5491/788
f 3357/5495/787 3401/5496/787 3402/5494/787 3359/5493/787
f 3355/5497/786 3400/5498/786 3401/5496/786 3357/5495/786
f 3353/5499/785 3399/5500/785 3400/5498/785 3355/5497/785
f 3351/5501/784 3398/5502/784 3399/5500/784 3353/5499/784
f 3349/5503/783 3397/5504/783 3398/5502/783 3351/5501/783
f 3347/5505/782 3396/5506/782 3397/5504/782 3349/5503/782
f 3345/5507/781 3395/5508/781 3396/5506/781 3347/5505/781
f 3343/5509/780 3394/5510/780 3395/5508/780 3345/5507/780
f 3341/5511/779 3393/5512/779 3394/5510/779 3343/5509/779
f 3339/5513/778 3392/5514/778 3393/5512/778 3341/5511/778
f 3337/5515/777 3391/5516/777 3392/5514/777 3339/5513/777
f 3335/5517/776 3390/5518/776 3391/5516/776 3337/5515/776
f 3333/5519/775 3389/5520/775 3390/5518/775 3335/5517/775
f 3331/5521/774 3388/5522/774 3389/5520/774 3333/5519/774
f 3329/5523/773 3387/5524/773 3388/5522/773 3331/5521/773
f 3327/5525/772 3386/5526/772 3387/5524/772 3329/5523/772
f 3325/5527/771 3385/5528/771 3386/5526/771 3327/5525/771
f 3323/5529/770 3384/5530/770 3385/5528/770 3325/5527/770
f 3321/5531/769 3383/5532/769 3384/5530/769 3323/5529/769
f 3319/5533/768 3382/5534/768 3383/5532/768 3321/5531/768
f 3317/5535/767 3381/5536/767 3382/5534/767 3319/5533/767
f 3412/5472/1131 3444/5537/1131 3413/5538/1131 3381/5473/1131
f 3411/5476/1132 3443/5539/1132 3444/5537/1132 3412/5472/1132
f 3410/5478/1133 3442/5540/1133 3443/5539/1133 3411/5476/1133
f 3409/5480/1134 3441/5541/1134 3442/5540/1134 3410/5478/1134
f 3408/5482/1135 3440/5542/1135 3441/5541/1135 3409/5480/1135
f 3407/5484/1136 3439/5543/1136 3440/5542/1136 3408/5482/1136
f 3406/5486/1137 3438/5544/1137 3439/5543/1137 3407/5484/1137
f 3405/5488/1138 3437/5545/1138 3438/5544/1138 3406/5486/1138
f 3404/5490/1139 3436/5546/1139 3437/5545/1139 3405/5488/1139
f 3403/5492/1140 3435/5547/1140 3436/5546/1140 3404/5490/1140
f 3402/5494/1141 3434/5548/1141 3435/5547/1141 3403/5492/1141
f 3401/5496/1142 3433/5549/1142 3434/5548/1142 3402/5494/1142
f 3400/5498/1143 3432/5550/1143 3433/5549/1143 3401/5496/1143
f 3399/5500/1144 3431/5551/1144 3432/5550/1144 3400/5498/1144
f 3398/5502/1145 3430/5552/1145 3431/5551/1145 3399/5500/1145
f 3397/5504/1146 3429/5553/1146 3430/5552/1146 3398/5502/1146
f 3396/5506/1147 3428/5554/1147 3429/5553/1147 3397/5504/1147
f 3395/5508/1148 3427/5555/1148 3428/5554/1148 3396/5506/1148
f 3394/5510/1149 3426/5556/1149 3427/5555/1149 3395/5508/1149
f 3393/5512/1150 3425/5557/1150 3426/5556/1150 3394/5510/1150
f 3392/5514/1151 3424/5558/1151 3425/5557/1151 3393/5512/1151
f 3391/5516/1152 3423/5559/1152 3424/5558/1152 3392/5514/1152
f 3390/5518/1153 3422/5560/1153 3423/5559/1153 3391/5516/1153
f 3389/5520/1154 3421/5561/1154 3422/5560/1154 3390/5518/1154
f 3388/5522/1155 3420/5562/1155 3421/5561/1155 3389/5520/1155
f 3387/5524/1156 3419/5563/1156 3420/5562/1156 3388/5522/1156
f 3386/5526/1157 3418/5564/1157 3419/5563/1157 3387/5524/1157
f 3385/5528/1158 3417/5565/1158 3418/5564/1158 3386/5526/1158
f 3384/5530/1159 3416/5566/1159 3417/5565/1159 3385/5528/1159
f 3383/5532/1160 3415/5567/1160 3416/5566/1160 3384/5530/1160
f 3382/5534/1161 3414/5568/1161 3415/5567/1161 3383/5532/1161
f 3381/5536/1162 3413/5569/1162 3414/5568/1162 3382/5534/1162
f 3444/5537/798 3476/5570/798 3445/5571/798 3413/5538/798
f 3443/5539/797 3475/5572/797 3476/5570/797 3444/5537/797
f 3442/5540/796 3474/5573/796 3475/5572/796 3443/5539/796
f 3441/5541/795 3473/5574/795 3474/5573/795 3442/5540/795
f 3440/5542/794 3472/5575/794 3473/5574/794 3441/5541/794
f 3439/5543/793 3471/5576/793 3472/5575/793 3440/5542/793
f 3438/5544/792 3470/5577/792 3471/5576/792 3439/5543/792
f 3437/5545/791 3469/5578/791 3470/5577/791 3438/5544/791
f 3436/5546/790 3468/5579/790 3469/5578/790 3437/5545/790
f 3435/5547/789 3467/5580/789 3468/5579/789 3436/5546/789
f 3434/5548/788 3466/5581/788 3467/5580/788 3435/5547/788
f 3433/5549/787 3465/5582/787 3466/5581/787 3434/5548/787
f 3432/5550/786 3464/5583/786 3465/5582/786 3433/5549/786
f 3431/5551/785 3463/5584/785 3464/5583/785 3432/5550/785
f 3430/5552/784 3462/5585/784 3463/5584/784 3431/5551/784
f 3429/5553/783 3461/5586/783 3462/5585/783 3430/5552/783
f 3428/5554/782 3460/5587/782 3461/5586/782 3429/5553/782
f 3427/5555/781 3459/5588/781 3460/5587/781 3428/5554/781
f 3426/5556/780 3458/5589/780 3459/5588/780 3427/5555/780
f 3425/5557/779 3457/5590/779 3458/5589/779 3426/5556/779
f 3424/5558/778 3456/5591/778 3457/5590/778 3425/5557/778
f 3423/5559/777 3455/5592/777 3456/5591/777 3424/5558/777
f 3422/5560/776 3454/5593/776 3455/5592/776 3423/5559/776
f 3421/5561/775 3453/5594/775 3454/5593/775 3422/5560/775
f 3420/5562/774 3452/5595/774 3453/5594/774 3421/5561/774
f 3419/5563/773 3451/5596/773 3452/5595/773 3420/5562/773
f 3418/5564/772 3450/5597/772 3451/5596/772 3419/5563/772
f 3417/5565/771 3449/5598/771 3450/5597/771 3418/5564/771
f 3416/5566/770 3448/5599/770 3449/5598/770 3417/5565/770
f 3415/5567/769 3447/5600/769 3448/5599/769 3416/5566/769
f 3414/5568/768 3446/5601/768 3447/5600/768 3415/5567/768
f 3413/5569/767 3445/5602/767 3446/5601/767 3414/5568/767
f 3476/5570/1163 3508/5603/1163 3477/5604/1163 3445/5571/1163
f 3475/5572/1164 3507/5605/1164 3508/5603/1164 3476/5570/1164
f 3474/5573/1165 3506/5606/1165 3507/5605/1165 3475/5572/1165
f 3473/5574/1166 3505/5607/1166 3506/5606/1166 3474/5573/1166
f 3472/5575/1167 3504/5608/1167 3505/5607/1167 3473/5574/1167
f 3471/5576/1168 3503/5609/1168 3504/5608/1168 3472/5575/1168
f 3470/5577/1169 3502/5610/1169 3503/5609/1169 3471/5576/1169
f 3469/5578/1170 3501/5611/1170 3502/5610/1170 3470/5577/1170
f 3468/5579/1171 3500/5612/1171 3501/5611/1171 3469/5578/1171
f 3467/5580/1172 3499/5613/1172 3500/5612/1172 3468/5579/1172
f 3466/5581/1173 3498/5614/1173 3499/5613/1173 3467/5580/1173
f 3465/5582/1174 3497/5615/1174 3498/5614/1174 3466/5581/1174
f 3464/5583/1175 3496/5616/1175 3497/5615/1175 3465/5582/1175
f 3463/5584/1176 3495/5617/1176 3496/5616/1176 3464/5583/1176
f 3462/5585/1177 3494/5618/1177 3495/5617/1177 3463/5584/1177
f 3461/5586/1178 3493/5619/1178 3494/5618/1178 3462/5585/1178
f 3460/5587/1179 3492/5620/1179 3493/5619/1179 3461/5586/1179
f 3459/5588/1180 3491/5621/1180 3492/5620/1180 3460/5587/1180
f 3458/5589/1181 3490/5622/1181 3491/5621/1181 3459/5588/1181
f 3457/5590/1182 3489/5623/1182 3490/5622/1182 3458/5589/1182
f 3456/5591/1183 3488/5624/1183 3489/5623/1183 3457/5590/1183
f 3455/5592/1184 3487/5625/1184 3488/5624/1184 3456/5591/1184
f 3454/5593/1185 3486/5626/1185 3487/5625/1185 3455/5592/1185
f 3453/5594/1186 3485/5627/1186 3486/5626/1186 3454/5593/1186
f 3452/5595/1187 3484/5628/1187 3485/5627/1187 3453/5594/1187
f 3451/5596/1188 3483/5629/1188 3484/5628/1188 3452/5595/1188
f 3450/5597/1189 3482/5630/1189 3483/5629/1189 3451/5596/1189
f 3449/5598/1190 3481/5631/1190 3482/5630/1190 3450/5597/1190
f 3448/5599/1191 3480/5632/1191 3481/5631/1191 3449/5598/1191
f 3447/5600/1192 3479/5633/1192 3480/5632/1192 3448/5599/1192
f 3446/5601/1193 3478/5634/1193 3479/5633/1193 3447/5600/1193
f 3445/5602/1194 3477/5635/1194 3478/5634/1194 3446/5601/1194
f 3508/5603/798 3540/5636/798 3509/5637/798 3477/5604/798
f 3507/5605/797 3539/5638/797 3540/5636/797 3508/5603/797
f 3506/5606/796 3538/5639/796 3539/5638/796 3507/5605/796
f 3505/5607/795 3537/5640/795 3538/5639/795 3506/5606/795
f 3504/5608/794 3536/5641/794 3537/5640/794 3505/5607/794
f 3503/5609/793 3535/5642/793 3536/5641/793 3504/5608/793
f 3502/5610/792 3534/5643/792 3535/5642/792 3503/5609/792
f 3501/5611/791 3533/5644/791 3534/5643/791 3502/5610/791
f 3500/5612/790 3532/5645/790 3533/5644/790 3501/5611/790
f 3499/5613/789 3531/5646/789 3532/5645/789 3500/5612/789
f 3498/5614/788 3530/5647/788 3531/5646/788 3499/5613/788
f 3497/5615/787 3529/5648/787 3530/5647/787 3498/5614/787
f 3496/5616/786 3528/5649/786 3529/5648/786 3497/5615/786
f 3495/5617/785 3527/5650/785 3528/5649/785 3496/5616/785
f 3494/5618/784 3526/5651/784 3527/5650/784 3495/5617/784
f 3493/5619/783 3525/5652/783 3526/5651/783 3494/5618/783
f 3492/5620/782 3524/5653/782 3525/5652/782 3493/5619/782
f 3491/5621/781 3523/5654/781 3524/5653/781 3492/5620/781
f 3490/5622/780 3522/5655/780 3523/5654/780 3491/5621/780
f 3489/5623/779 3521/5656/779 3522/5655/779 3490/5622/779
f 3488/5624/778 3520/5657/778 3521/5656/778 3489/5623/778
f 3487/5625/777 3519/5658/777 3520/5657/777 3488/5624/777
f 3486/5626/776 3518/5659/776 3519/5658/776 3487/5625/776
f 3485/5627/775 3517/5660/775 3518/5659/775 3486/5626/775
f 3484/5628/774 3516/5661/774 3517/5660/774 3485/5627/774
f 3483/5629/773 3515/5662/773 3516/5661/773 3484/5628/773
f 3482/5630/772 3514/5663/772 3515/5662/772 3483/5629/772
f 3481/5631/771 3513/5664/771 3514/5663/771 3482/5630/771
f 3480/5632/770 3512/5665/770 3513/5664/770 3481/5631/770
f 3479/5633/769 3511/5666/769 3512/5665/769 3480/5632/769
f 3478/5634/768 3510/5667/768 3511/5666/768 3479/5633/768
f 3477/5635/767 3509/5668/767 3510/5667/767 3478/5634/767
f 3540/5636/1195 3572/5436/1195 3541/5438/1195 3509/5637/1195
f 3539/5638/1196 3571/5402/1196 3572/5436/1196 3540/5636/1196
f 3538/5639/1197 3570/5400/1197 3571/5402/1197 3539/5638/1197
f 3537/5640/1198 3569/5398/1198 3570/5400/1198 3538/5639/1198
f 3536/5641/1199 3568/5396/1199 3569/5398/1199 3537/5640/1199
f 3535/5642/1200 3567/5394/1200 3568/5396/1200 3536/5641/1200
f 3534/5643/1201 3566/5392/1201 3567/5394/1201 3535/5642/1201
f 3533/5644/1202 3565/5390/1202 3566/5392/1202 3534/5643/1202
f 3532/5645/1203 3564/5388/1203 3565/5390/1203 3533/5644/1203
f 3531/5646/1204 3563/5386/1204 3564/5388/1204 3532/5645/1204
f 3530/5647/1205 3562/5384/1205 3563/5386/1205 3531/5646/1205
f 3529/5648/1206 3561/5382/1206 3562/5384/1206 3530/5647/1206
f 3528/5649/1207 3560/5380/1207 3561/5382/1207 3529/5648/1207
f 3527/5650/1208 3559/5378/1208 3560/5380/1208 3528/5649/1208
f 3526/5651/1209 3558/5376/1209 3559/5378/1209 3527/5650/1209
f 3525/5652/1210 3557/5374/1210 3558/5376/1210 3526/5651/1210
f 3524/5653/1211 3556/5372/1211 3557/5374/1211 3525/5652/1211
f 3523/5654/1212 3555/5370/1212 3556/5372/1212 3524/5653/1212
f 3522/5655/1213 3554/5368/1213 3555/5370/1213 3523/5654/1213
f 3521/5656/1214 3553/5366/1214 3554/5368/1214 3522/5655/1214
f 3520/5657/1215 3552/5364/1215 3553/5366/1215 3521/5656/1215
f 3519/5658/1216 3551/5362/1216 3552/5364/1216 3520/5657/1216
f 3518/5659/1217 3550/5360/1217 3551/5362/1217 3519/5658/1217
f 3517/5660/1218 3549/5358/1218 3550/5360/1218 3518/5659/1218
f 3516/5661/1219 3548/5356/1219 3549/5358/1219 3517/5660/1219
f 3515/5662/1220 3547/5354/1220 3548/5356/1220 3516/5661/1220
f 3514/5663/1221 3546/5352/1221 3547/5354/1221 3515/5662/1221
f 3513/5664/1222 3545/5350/1222 3546/5352/1222 3514/5663/1222
f 3512/5665/1223 3544/5348/1223 3545/5350/1223 3513/5664/1223
f 3511/5666/1224 3543/5346/1224 3544/5348/1224 3512/5665/1224
f 3510/5667/1225 3542/5344/1225 3543/5346/1225 3511/5666/1225
f 3509/5668/1226 3541/5341/1226 3542/5344/1226 3510/5667/1226
f 3573/5669/1227 3574/5670/1227 3576/5671/1227 3575/5672/1227
f 3575/5672/1228 3576/5671/1228 3578/5673/1228 3577/5674/1228
f 3577/5674/652 3578/5673/652 3580/5675/652 3579/5676/652
f 3579/5676/1229 3580/5675/1229 3582/5677/1229 3581/5678/1229
f 3581/5678/600 3582/5677/600 3584/5679/600 3583/5680/600
f 3583/5680/654 3584/5679/654 3586/5681/654 3585/5682/654
f 3585/5682/1230 3586/5681/1230 3588/5683/1230 3587/5684/1230
f 3587/5684/655 3588/5683/655 3590/5685/655 3589/5686/655
f 3589/5686/656 3590/5685/656 3592/5687/656 3591/5688/656
f 3591/5688/1231 3592/5687/1231 3594/5689/1231 3593/5690/1231
f 3593/5690/657 3594/5689/657 3596/5691/657 3595/5692/657
f 3595/5692/607 3596/5691/607 3598/5693/607 3597/5694/607
f 3597/5694/1232 3598/5693/1232 3600/5695/1232 3599/5696/1232
f 3599/5696/659 3600/5695/659 3602/5697/659 3601/5698/659
f 3601/5698/1233 3602/5697/1233 3604/5699/1233 3603/5700/1233
f 3603/5700/1234 3604/5699/1234 3606/5701/1234 3605/5702/1234
f 3605/5702/1235 3606/5701/1235 3608/5703/1235 3607/5704/1235
f 3607/5704/1236 3608/5703/1236 3610/5705/1236 3609/5706/1236
f 3609/5706/662 3610/5705/662 3612/5707/662 3611/5708/662
f 3611/5708/1237 3612/5707/1237 3614/5709/1237 3613/5710/1237
f 3613/5710/616 3614/5709/616 3616/5711/616 3615/5712/616
f 3615/5712/664 3616/5711/664 3618/5713/664 3617/5714/664
f 3617/5714/1238 3618/5713/1238 3620/5715/1238 3619/5716/1238
f 3619/5716/665 3620/5715/665 3622/5717/665 3621/5718/665
f 3621/5718/666 3622/5717/666 3624/5719/666 3623/5720/666
f 3623/5720/1239 3624/5719/1239 3626/5721/1239 3625/5722/1239
f 3625/5722/667 3626/5721/667 3628/5723/667 3627/5724/667
f 3627/5724/623 3628/5723/623 3630/5725/623 3629/5726/623
f 3629/5726/1240 3630/5725/1240 3632/5727/1240 3631/5728/1240
f 3631/5728/669 3632/5727/669 3634/5729/669 3633/5730/669
f 3576/5731/507 3574/5732/507 3636/5733/507 3634/5734/507 3632/5735/507 3630/5736/507 3628/5737/507 3626/5738/507 3624/5739/507 3622/5740/507 3620/5741/507 3618/5742/507 3616/5743/507 3614/5744/507 3612/5745/507 3610/5746/507 3608/5747/507 3606/5748/507 3604/5749/507 3602/5750/507 3600/5751/507 3598/5752/507 3596/5753/507 3594/5754/507 3592/5755/507 3590/5756/507 3588/5757/507 3586/5758/507 3584/5759/507 3582/5760/507 3580/5761/507 3578/5762/507
f 3633/5730/1241 3634/5729/1241 3636/5763/1241 3635/5764/1241
f 3635/5764/1242 3636/5763/1242 3574/5765/1242 3573/5766/1242
f 3573/5767/595 3575/5768/595 3577/5769/595 3579/5770/595 3581/5771/595 3583/5772/595 3585/5773/595 3587/5774/595 3589/5775/595 3591/5776/595 3593/5777/595 3595/5778/595 3597/5779/595 3599/5780/595 3601/5781/595 3603/5782/595 3605/5783/595 3607/5784/595 3609/5785/595 3611/5786/595 3613/5787/595 3615/5788/595 3617/5789/595 3619/5790/595 3621/5791/595 3623/5792/595 3625/5793/595 3627/5794/595 3629/5795/595 3631/5796/595 3633/5797/595 3635/5798/595
f 3649/5799/492 3638/5800/492 3640/5801/492 3650/5802/492
f 3650/5802/493 3640/5801/493 3644/5803/493 3655/5804/493
f 3655/5804/494 3644/5803/494 3642/5805/494 3660/5806/494
f 3660/5806/495 3642/5805/495 3638/5807/495 3649/5808/495
f 3639/5809/595 3643/5810/595 3641/5811/595 3637/5812/595
f 3644/5803/507 3640/5813/507 3638/5814/507 3642/5805/507
f 3641/5811/495 3664/5815/495 3645/5816/495 3637/5817/495
f 3664/5815/495 3663/5818/495 3646/5819/495 3645/5816/495
f 3663/5818/495 3662/5820/495 3647/5821/495 3646/5819/495
f 3662/5820/495 3661/5822/495 3648/5823/495 3647/5821/495
f 3661/5822/495 3660/5806/495 3649/5808/495 3648/5823/495
f 3643/5810/1243 3659/5824/1243 3664/5815/1243 3641/5811/1243
f 3659/5824/1244 3658/5825/1244 3663/5818/1244 3664/5815/1244
f 3658/5825/1245 3657/5826/1245 3662/5820/1245 3663/5818/1245
f 3657/5826/1246 3656/5827/1246 3661/5822/1246 3662/5820/1246
f 3656/5827/1247 3655/5804/1247 3660/5806/1247 3661/5822/1247
f 3639/5828/493 3654/5829/493 3659/5824/493 3643/5810/493
f 3654/5829/493 3653/5830/493 3658/5825/493 3659/5824/493
f 3653/5830/493 3652/5831/493 3657/5826/493 3658/5825/493
f 3652/5831/493 3651/5832/493 3656/5827/493 3657/5826/493
f 3651/5832/493 3650/5802/493 3655/5804/493 3656/5827/493
f 3637/5833/1248 3645/5834/1248 3654/5829/1248 3639/5828/1248
f 3645/5834/1249 3646/5835/1249 3653/5830/1249 3654/5829/1249
f 3646/5835/1250 3647/5836/1250 3652/5831/1250 3653/5830/1250
f 3647/5836/1251 3648/5837/1251 3651/5832/1251 3652/5831/1251
f 3648/5837/1252 3649/5799/1252 3650/5802/1252 3651/5832/1252
