# Blender v2.80 (sub 75) OBJ File: 'all weapons.blend'
# www.blender.org
v -1.02865 0.45301 60.40221
v -1.78143 0.45301 60.40221
v -1.02865 0.37454 60.39449
v -1.78143 0.37454 60.39449
v -1.02865 0.29909 60.37160
v -1.78143 0.29909 60.37160
v -1.02865 0.22955 60.33443
v -1.78143 0.22955 60.33443
v -1.02865 0.16860 60.28440
v -1.78143 0.16860 60.28440
v -1.02865 0.11858 60.22345
v -1.78143 0.11858 60.22345
v -1.02865 0.08141 60.15391
v -1.78143 0.08141 60.15391
v -1.02865 0.05852 60.07846
v -1.78143 0.05852 60.07846
v -1.02865 0.05079 59.99999
v -1.78143 0.05079 59.99999
v -1.02865 0.05852 59.92152
v -1.78143 0.05852 59.92152
v -1.02865 0.08141 59.84607
v -1.78143 0.08141 59.84607
v -1.02865 0.11858 59.77653
v -1.78143 0.11858 59.77653
v -1.02865 0.16860 59.71558
v -1.78143 0.16860 59.71558
v -1.02865 0.22955 59.66556
v -1.78143 0.22955 59.66556
v -1.02865 0.29909 59.62839
v -1.78143 0.29909 59.62839
v -1.02865 0.37454 59.60550
v -1.78143 0.37454 59.60550
v -1.02865 0.45301 59.59777
v -1.78143 0.45301 59.59777
v -1.02865 0.53148 59.60550
v -1.78143 0.53148 59.60550
v -1.02865 0.60694 59.62839
v -1.78143 0.60694 59.62839
v -1.02865 0.67647 59.66556
v -1.78143 0.67647 59.66556
v -1.02865 0.73742 59.71558
v -1.78143 0.73742 59.71558
v -1.02865 0.78745 59.77653
v -1.78143 0.78745 59.77653
v -1.02865 0.82461 59.84607
v -1.78143 0.82461 59.84607
v -1.02865 0.84750 59.92152
v -1.78143 0.84750 59.92152
v -1.02865 0.85523 59.99999
v -1.78143 0.85523 59.99999
v -1.02865 0.84750 60.07846
v -1.78143 0.84750 60.07846
v -1.02865 0.82461 60.15391
v -1.78143 0.82461 60.15391
v -1.02865 0.78744 60.22345
v -1.78143 0.78744 60.22345
v -1.02865 0.73742 60.28440
v -1.78143 0.73742 60.28440
v -1.02865 0.67647 60.33443
v -1.78143 0.67647 60.33443
v -1.02865 0.60693 60.37160
v -1.78143 0.60693 60.37160
v -1.02865 0.53148 60.39449
v -1.78143 0.53148 60.39449
v -2.30221 0.10273 60.06837
v -3.41782 -1.24743 60.06837
v -2.30221 0.10273 59.93162
v -3.41782 -1.24743 59.93162
v -2.24334 -0.33938 60.06837
v -2.47161 -1.27079 60.06837
v -2.24334 -0.33938 59.93162
v -2.47161 -1.27079 59.93162
v -3.06192 -0.38993 60.06837
v -2.51958 -0.65404 59.93162
v -3.06192 -0.38993 59.93162
v -2.51958 -0.65404 60.06837
v -2.40093 -0.45518 59.93162
v -2.77162 -0.04755 60.06837
v -2.77162 -0.04755 59.93162
v -2.40093 -0.45518 60.06837
v -2.32083 -0.39209 59.93162
v -2.58883 0.06913 60.06837
v -2.58883 0.06913 59.93162
v -2.32083 -0.39209 60.06837
v -2.92845 -0.20317 60.06837
v -2.92845 -0.20317 59.93162
v -2.49140 -0.57538 60.06837
v -2.49140 -0.57538 59.93162
v -3.21910 -0.81738 60.06837
v -3.21910 -0.81738 59.93162
v -2.54621 -0.96242 60.06837
v -2.54621 -0.96242 59.93162
v -2.07417 -0.33093 59.92187
v -2.12443 0.32027 59.92187
v -2.07417 -0.33093 60.07815
v -2.12443 0.32027 60.07815
v -2.24334 -0.33938 59.92187
v -2.30221 0.10273 59.92187
v -2.24334 -0.33938 60.07815
v -2.30221 0.10273 60.07815
v -2.19331 -0.33240 60.07815
v -2.25624 0.19840 60.07815
v -2.19331 -0.33240 59.92187
v -2.25624 0.19840 59.92187
v -2.26318 0.15049 60.07815
v -2.20185 -0.33359 59.92187
v -2.20185 -0.33359 60.07815
v -2.26318 0.15049 59.92187
v -1.02113 -0.09362 60.07815
v -1.02113 -0.09362 59.92187
v -1.02711 0.23805 59.92187
v -1.02711 0.23805 60.07815
v -1.75817 0.07990 60.07815
v -1.75817 0.07990 59.92187
v -1.75991 -0.18301 59.92187
v -1.75991 -0.18301 60.07815
v -1.76212 0.14466 59.92187
v -1.78211 -0.18007 60.07815
v -1.76212 0.14466 60.07815
v -1.78211 -0.18007 59.92187
v -1.94387 0.20286 59.92187
v -1.89528 -0.21487 60.07815
v -1.94387 0.20286 60.07815
v -1.89528 -0.21487 59.92187
v -2.03701 0.32504 59.92187
v -2.00332 -0.29223 60.07815
v -2.03701 0.32504 60.07815
v -2.00332 -0.29223 59.92187
v -2.08211 -0.06213 59.92187
v -2.08211 -0.06213 60.07815
v -2.26666 -0.16424 60.07815
v -2.26666 -0.16424 59.92187
v -2.21824 -0.12212 59.92187
v -2.21824 -0.12212 60.07815
v -2.22614 -0.14182 59.92187
v -2.22614 -0.14182 60.07815
v -1.00062 -0.02908 59.92187
v -1.00062 -0.02908 60.07815
v -1.75922 -0.07886 59.92187
v -1.75922 -0.07886 60.07815
v -1.77419 -0.05142 60.07815
v -1.77419 -0.05142 59.92187
v -1.91453 -0.04939 59.92187
v -1.91453 -0.04939 60.07815
v -2.01667 -0.04769 60.07815
v -2.01667 -0.04769 59.92187
v -0.85656 -0.02228 59.92187
v -0.82756 0.23691 59.92187
v -0.82756 0.23691 60.07815
v -0.85656 -0.02228 60.07815
v -1.02546 0.52885 59.92187
v -1.02546 0.52885 60.07815
v -0.69000 0.52772 59.92187
v -0.69000 0.52772 60.07815
v -1.02628 0.38345 60.07815
v -1.02628 0.38345 59.92187
v -0.69898 0.37416 59.92187
v -0.69898 0.37416 60.07815
v -1.84928 -0.67962 60.01955
v -1.84928 -0.67962 59.98048
v -1.82327 -0.64219 60.01955
v -1.82327 -0.64219 59.98048
v -1.79421 -0.60706 59.98048
v -1.79421 -0.60706 60.01955
v -1.88807 -0.46216 60.01955
v -1.88807 -0.46216 59.98048
v -1.92259 -0.46666 59.98048
v -2.00264 -0.53753 59.98048
v -1.92259 -0.46666 60.01955
v -2.00264 -0.53753 60.01955
v -1.84573 -0.54970 60.01955
v -1.88223 -0.55388 59.98048
v -1.88223 -0.55388 60.01955
v -1.95440 -0.60276 60.01955
v -1.84573 -0.54970 59.98048
v -1.95440 -0.60276 59.98048
v -1.89167 -0.33852 59.98048
v -2.01478 -0.43292 59.98048
v -1.89167 -0.33852 60.01955
v -1.96296 -0.37944 59.98048
v -1.96296 -0.37944 60.01955
v -2.01478 -0.43292 60.01955
v -1.44025 -0.61118 60.01955
v -1.44025 -0.61118 59.98048
v -1.46741 -0.58332 60.01955
v -1.46741 -0.58332 59.98048
v -1.49684 -0.55624 59.98048
v -1.49684 -0.55624 60.01955
v -1.32083 -0.12260 60.07815
v -1.32083 -0.12260 59.92187
v -1.35955 -0.12376 60.07815
v -1.35955 -0.12376 59.92187
v -1.52221 -0.14545 59.92187
v -1.52221 -0.14545 60.07815
v -1.64686 -0.61541 60.01955
v -1.62920 -0.58803 60.01955
v -1.62920 -0.58803 59.98048
v -1.64686 -0.61541 59.98048
v -1.64097 -0.68019 59.98048
v -1.64097 -0.68019 60.01955
v -1.71171 -0.60393 60.01955
v -1.73507 -0.62880 59.98048
v -1.74512 -0.67991 60.01955
v -1.73507 -0.62880 60.01955
v -1.71171 -0.60393 59.98048
v -1.74512 -0.67991 59.98048
v -1.55866 -0.60203 60.01955
v -1.54669 -0.57031 59.98048
v -1.53134 -0.64584 59.98048
v -1.54669 -0.57031 60.01955
v -1.55866 -0.60203 59.98048
v -1.53134 -0.64584 60.01955
v -1.37930 -0.49293 60.01955
v -1.40736 -0.46555 60.01955
v -1.40736 -0.46555 59.98048
v -1.37930 -0.49293 59.98048
v -1.34484 -0.50256 59.98048
v -1.34484 -0.50256 60.01955
v -1.35157 -0.41431 60.01955
v -1.38844 -0.42134 59.98048
v -1.32296 -0.42926 59.98048
v -1.38844 -0.42134 60.01955
v -1.35157 -0.41431 59.98048
v -1.32296 -0.42926 60.01955
v -1.45514 -0.51735 60.01955
v -1.41918 -0.54952 59.98048
v -1.38647 -0.57586 60.01955
v -1.41918 -0.54952 60.01955
v -1.45514 -0.51735 59.98048
v -1.38647 -0.57586 59.98048
v -1.35679 -0.30013 60.01955
v -1.39103 -0.30333 59.98048
v -1.32157 -0.30613 59.98048
v -1.39103 -0.30333 60.01955
v -1.35679 -0.30013 59.98048
v -1.32157 -0.30613 60.01955
v -1.89499 -0.22506 59.98048
v -2.06928 -0.33933 59.98048
v -1.89499 -0.22506 60.01955
v -1.99999 -0.29941 59.98048
v -1.99999 -0.29941 60.01955
v -2.06928 -0.33933 60.01955
v -1.35911 -0.15172 60.01955
v -1.50141 -0.17048 59.98048
v -1.32095 -0.15169 59.98048
v -1.50141 -0.17048 60.01955
v -1.35911 -0.15172 59.98048
v -1.32095 -0.15169 60.01955
v 1.07171 0.69444 60.14649
v -0.69886 0.67497 60.14649
v 1.07171 0.66586 60.14368
v -0.69886 0.64638 60.14368
v 1.07171 0.63838 60.13534
v -0.69886 0.61890 60.13534
v 1.07171 0.61305 60.12180
v -0.69886 0.59357 60.12180
v 1.07171 0.59085 60.10358
v -0.69886 0.57137 60.10358
v 1.07171 0.57264 60.08138
v -0.69886 0.55315 60.08138
v 1.07171 0.55910 60.05606
v -0.69886 0.53962 60.05606
v 1.07171 0.55076 60.02857
v -0.69886 0.53128 60.02857
v 1.07171 0.54795 59.99999
v -0.69886 0.52847 59.99999
v 1.07171 0.55076 59.97141
v -0.69886 0.53128 59.97141
v 1.07171 0.55910 59.94393
v -0.69886 0.53962 59.94393
v 1.07171 0.57264 59.91860
v -0.69886 0.55315 59.91860
v 1.07171 0.59085 59.89640
v -0.69886 0.57137 59.89640
v 1.07171 0.61305 59.87818
v -0.69886 0.59357 59.87818
v 1.07171 0.63838 59.86464
v -0.69886 0.61890 59.86464
v 1.07171 0.66586 59.85631
v -0.69886 0.64638 59.85631
v 1.07171 0.69444 59.85349
v -0.69886 0.67497 59.85349
v 1.07171 0.72303 59.85631
v -0.69886 0.70355 59.85631
v 1.07171 0.75051 59.86464
v -0.69886 0.73103 59.86464
v 1.07171 0.77584 59.87818
v -0.69886 0.75636 59.87818
v 1.07171 0.79804 59.89640
v -0.69886 0.77856 59.89640
v 1.07171 0.81625 59.91860
v -0.69886 0.79678 59.91860
v 1.07171 0.82979 59.94393
v -0.69886 0.81031 59.94393
v 1.07171 0.83813 59.97141
v -0.69886 0.81865 59.97141
v 1.07171 0.84095 59.99999
v -0.69886 0.82147 59.99999
v 1.07171 0.83813 60.02857
v -0.69886 0.81865 60.02857
v 1.07171 0.82979 60.05606
v -0.69886 0.81031 60.05606
v 1.07171 0.81625 60.08138
v -0.69886 0.79678 60.08138
v 1.07171 0.79804 60.10358
v -0.69886 0.77856 60.10358
v 1.07171 0.77584 60.12180
v -0.69886 0.75636 60.12180
v 1.07171 0.75051 60.13534
v -0.69886 0.73103 60.13534
v 1.07171 0.72303 60.14368
v -0.69886 0.70355 60.14368
v -1.07853 0.64638 60.14368
v -1.07853 0.67497 60.14649
v -1.07853 0.61890 60.13534
v -1.07853 0.59357 60.12180
v -1.07853 0.57137 60.10358
v -1.07853 0.55315 60.08138
v -1.07853 0.53962 60.05606
v -1.07853 0.53128 60.02857
v -1.07853 0.52847 59.99999
v -1.07853 0.53128 59.97141
v -1.07853 0.53962 59.94393
v -1.07853 0.55315 59.91860
v -1.07853 0.57137 59.89640
v -1.07853 0.59357 59.87818
v -1.07853 0.61890 59.86464
v -1.07853 0.64638 59.85631
v -1.07853 0.67497 59.85349
v -1.07853 0.70355 59.85631
v -1.07853 0.73103 59.86464
v -1.07853 0.75636 59.87818
v -1.07853 0.77856 59.89640
v -1.07853 0.79678 59.91860
v -1.07853 0.81031 59.94393
v -1.07853 0.81865 59.97141
v -1.07853 0.82147 59.99999
v -1.07853 0.81865 60.02857
v -1.07853 0.81031 60.05606
v -1.07853 0.79678 60.08138
v -1.07853 0.77856 60.10358
v -1.07853 0.75636 60.12180
v -1.07853 0.73103 60.13534
v -1.07853 0.70355 60.14368
v 1.07171 0.48060 60.06427
v -0.69886 0.47206 60.06427
v 1.07171 0.46806 60.06303
v -0.69886 0.45952 60.06304
v 1.07171 0.45600 60.05938
v -0.69886 0.44746 60.05938
v 1.07171 0.44489 60.05344
v -0.69886 0.43634 60.05344
v 1.07171 0.43515 60.04544
v -0.69886 0.42660 60.04544
v 1.07171 0.42716 60.03570
v -0.69886 0.41861 60.03571
v 1.07171 0.42122 60.02459
v -0.69886 0.41267 60.02459
v 1.07171 0.41756 60.01253
v -0.69886 0.40901 60.01253
v 1.07171 0.41632 59.99999
v -0.69886 0.40778 59.99999
v 1.07171 0.41756 59.98745
v -0.69886 0.40901 59.98745
v 1.07171 0.42122 59.97539
v -0.69886 0.41267 59.97539
v 1.07171 0.42716 59.96428
v -0.69886 0.41861 59.96428
v 1.07171 0.43515 59.95454
v -0.69886 0.42660 59.95454
v 1.07171 0.44489 59.94655
v -0.69886 0.43634 59.94655
v 1.07171 0.45600 59.94060
v -0.69886 0.44746 59.94060
v 1.07171 0.46806 59.93695
v -0.69886 0.45952 59.93695
v 1.07171 0.48060 59.93572
v -0.69886 0.47206 59.93572
v 1.07171 0.49314 59.93695
v -0.69886 0.48460 59.93695
v 1.07171 0.50520 59.94060
v -0.69886 0.49666 59.94060
v 1.07171 0.51631 59.94655
v -0.69886 0.50777 59.94655
v 1.07171 0.52606 59.95454
v -0.69886 0.51751 59.95454
v 1.07171 0.53405 59.96428
v -0.69886 0.52550 59.96428
v 1.07171 0.53999 59.97539
v -0.69886 0.53144 59.97539
v 1.07171 0.54365 59.98745
v -0.69886 0.53510 59.98745
v 1.07171 0.54488 59.99999
v -0.69886 0.53634 59.99999
v 1.07171 0.54365 60.01253
v -0.69886 0.53510 60.01253
v 1.07171 0.53999 60.02459
v -0.69886 0.53144 60.02459
v 1.07171 0.53405 60.03570
v -0.69886 0.52550 60.03571
v 1.07171 0.52606 60.04544
v -0.69886 0.51751 60.04544
v 1.07171 0.51631 60.05344
v -0.69886 0.50777 60.05344
v 1.07171 0.50520 60.05938
v -0.69886 0.49665 60.05938
v 1.07171 0.49314 60.06303
v -0.69886 0.48460 60.06304
v -1.78143 0.74880 60.05883
v -1.78143 0.73164 60.11540
v -1.78143 0.70377 60.16754
v -1.78143 0.66626 60.21324
v -1.78143 0.62056 60.25075
v -1.78143 0.56842 60.27862
v -1.78143 0.51185 60.29578
v -1.78143 0.45301 60.30157
v -1.78143 0.39418 60.29578
v -1.78143 0.20226 60.16754
v -1.79290 0.74880 60.05770
v -1.80394 0.73164 60.11319
v -1.81411 0.70377 60.16432
v -1.82303 0.66626 60.20914
v -1.83035 0.62056 60.24593
v -1.83578 0.56842 60.27326
v -1.83913 0.51185 60.29009
v -1.84026 0.45301 60.29578
v -1.83913 0.39418 60.29009
v -1.83578 0.33760 60.27326
v -1.83035 0.28546 60.24593
v -1.82303 0.23976 60.20914
v -1.81411 0.20226 60.16432
v -1.80394 0.17439 60.11319
v -1.79290 0.15723 60.05770
v -1.80394 0.74880 60.05435
v -1.82559 0.73164 60.10662
v -1.84554 0.70377 60.15479
v -1.86303 0.66626 60.19701
v -1.87738 0.62056 60.23166
v -1.88805 0.56842 60.25741
v -1.89462 0.51185 60.27326
v -1.89683 0.45301 60.27862
v -1.89462 0.39418 60.27326
v -1.88805 0.33760 60.25741
v -1.87738 0.28546 60.23166
v -1.86303 0.23976 60.19701
v -1.84554 0.20226 60.15479
v -1.82559 0.17439 60.10662
v -1.80394 0.15723 60.05435
v -1.81411 0.74880 60.04891
v -1.84554 0.73164 60.09595
v -1.87451 0.70377 60.13931
v -1.89990 0.66626 60.17730
v -1.92074 0.62056 60.20849
v -1.93622 0.56842 60.23166
v -1.94575 0.51185 60.24593
v -1.94897 0.45301 60.25075
v -1.94575 0.39418 60.24593
v -1.93622 0.33760 60.23166
v -1.92074 0.28546 60.20849
v -1.89990 0.23976 60.17730
v -1.87451 0.20226 60.13931
v -1.84554 0.17439 60.09595
v -1.81411 0.15723 60.04891
v -1.82303 0.74880 60.04160
v -1.86303 0.73164 60.08160
v -1.89990 0.70377 60.11847
v -1.93222 0.66626 60.15078
v -1.95873 0.62056 60.17730
v -1.97844 0.56842 60.19701
v -1.99058 0.51185 60.20914
v -1.99467 0.45301 60.21324
v -1.99058 0.39418 60.20914
v -1.97844 0.33760 60.19701
v -1.95873 0.28546 60.17730
v -1.93222 0.23976 60.15078
v -1.89990 0.20226 60.11847
v -1.86303 0.17439 60.08160
v -1.82303 0.15723 60.04160
v -1.83035 0.74880 60.03268
v -1.87739 0.73164 60.06411
v -1.92074 0.70377 60.09308
v -1.95873 0.66626 60.11847
v -1.98992 0.62056 60.13931
v -2.01309 0.56842 60.15479
v -2.02736 0.51185 60.16432
v -2.03218 0.45301 60.16754
v -2.02736 0.39418 60.16432
v -2.01309 0.33760 60.15479
v -1.98992 0.28546 60.13931
v -1.95873 0.23976 60.11847
v -1.92074 0.20226 60.09308
v -1.87738 0.17439 60.06411
v -1.83035 0.15723 60.03268
v -1.83578 0.74880 60.02251
v -1.88805 0.73164 60.04416
v -1.93622 0.70377 60.06411
v -1.97844 0.66626 60.08160
v -2.01309 0.62056 60.09595
v -2.03884 0.56842 60.10662
v -2.05470 0.51185 60.11319
v -2.06005 0.45301 60.11540
v -2.05470 0.39418 60.11319
v -2.03884 0.33760 60.10662
v -2.01309 0.28546 60.09595
v -1.97844 0.23976 60.08160
v -1.93622 0.20226 60.06411
v -1.88805 0.17439 60.04416
v -1.83578 0.15723 60.02251
v -1.83913 0.74880 60.01147
v -1.89462 0.73164 60.02251
v -1.94575 0.70377 60.03268
v -1.99058 0.66626 60.04160
v -2.02736 0.62056 60.04891
v -2.05470 0.56842 60.05435
v -2.07153 0.51185 60.05770
v -2.07721 0.45301 60.05883
v -2.07153 0.39418 60.05770
v -2.05470 0.33760 60.05435
v -2.02736 0.28546 60.04891
v -1.99058 0.23976 60.04160
v -1.94575 0.20226 60.03268
v -1.89462 0.17439 60.02251
v -1.83913 0.15723 60.01147
v -1.84026 0.74880 59.99999
v -1.89684 0.73164 59.99999
v -1.94897 0.70377 59.99999
v -1.99467 0.66626 59.99999
v -2.03218 0.62056 59.99999
v -2.06005 0.56842 59.99999
v -2.07721 0.51185 59.99999
v -2.08300 0.45301 59.99999
v -2.07721 0.39418 59.99999
v -2.06005 0.33760 59.99999
v -2.03218 0.28546 59.99999
v -1.99467 0.23976 59.99999
v -1.94897 0.20226 59.99999
v -1.89683 0.17439 59.99999
v -1.84026 0.15723 59.99999
v -1.83913 0.74880 59.98851
v -1.89462 0.73164 59.97748
v -1.94575 0.70377 59.96730
v -1.99058 0.66626 59.95839
v -2.02736 0.62056 59.95107
v -2.05470 0.56842 59.94564
v -2.07153 0.51185 59.94229
v -2.07721 0.45301 59.94116
v -2.07153 0.39418 59.94229
v -2.05470 0.33760 59.94564
v -2.02736 0.28546 59.95107
v -1.99058 0.23976 59.95839
v -1.94575 0.20226 59.96730
v -1.89462 0.17439 59.97748
v -1.83913 0.15723 59.98851
v -1.83578 0.74880 59.97748
v -1.88805 0.73164 59.95583
v -1.93622 0.70377 59.93588
v -1.97844 0.66626 59.91839
v -2.01309 0.62056 59.90403
v -2.03884 0.56842 59.89337
v -2.05470 0.51185 59.88680
v -2.06005 0.45301 59.88458
v -2.05470 0.39418 59.88680
v -2.03884 0.33760 59.89337
v -2.01309 0.28546 59.90403
v -1.97844 0.23976 59.91839
v -1.93622 0.20226 59.93588
v -1.88805 0.17439 59.95583
v -1.83578 0.15723 59.97748
v -1.83035 0.74880 59.96730
v -1.87739 0.73164 59.93588
v -1.92074 0.70377 59.90691
v -1.95873 0.66626 59.88152
v -1.98992 0.62056 59.86068
v -2.01309 0.56842 59.84520
v -2.02736 0.51185 59.83566
v -2.03218 0.45301 59.83244
v -2.02736 0.39418 59.83566
v -2.01309 0.33760 59.84520
v -1.98992 0.28546 59.86068
v -1.95873 0.23976 59.88152
v -1.92074 0.20226 59.90691
v -1.87738 0.17439 59.93588
v -1.83035 0.15723 59.96730
v -1.82303 0.74880 59.95839
v -1.86303 0.73164 59.91839
v -1.89990 0.70377 59.88152
v -1.93222 0.66626 59.84920
v -1.95873 0.62056 59.82268
v -1.97844 0.56842 59.80298
v -1.99058 0.51185 59.79084
v -1.99467 0.45301 59.78674
v -1.99058 0.39418 59.79084
v -1.97844 0.33760 59.80298
v -1.95873 0.28546 59.82268
v -1.93222 0.23976 59.84920
v -1.89990 0.20226 59.88152
v -1.86303 0.17439 59.91839
v -1.82303 0.15723 59.95839
v -1.81411 0.74880 59.95107
v -1.84554 0.73164 59.90403
v -1.87451 0.70377 59.86068
v -1.89990 0.66626 59.82268
v -1.92074 0.62056 59.79150
v -1.93622 0.56842 59.76833
v -1.94575 0.51185 59.75406
v -1.94897 0.45301 59.74924
v -1.94575 0.39418 59.75406
v -1.93622 0.33760 59.76833
v -1.92074 0.28546 59.79150
v -1.89990 0.23976 59.82268
v -1.87451 0.20226 59.86068
v -1.84554 0.17439 59.90403
v -1.81411 0.15723 59.95107
v -1.78143 0.15143 59.99999
v -1.80394 0.74880 59.94564
v -1.82559 0.73164 59.89337
v -1.84554 0.70377 59.84520
v -1.86303 0.66626 59.80298
v -1.87738 0.62056 59.76833
v -1.88805 0.56842 59.74258
v -1.89462 0.51185 59.72672
v -1.89684 0.45301 59.72137
v -1.89462 0.39418 59.72672
v -1.88805 0.33760 59.74258
v -1.87738 0.28546 59.76833
v -1.86303 0.23976 59.80298
v -1.84554 0.20226 59.84520
v -1.82559 0.17439 59.89337
v -1.80394 0.15723 59.94564
v -1.79290 0.74880 59.94229
v -1.80394 0.73164 59.88680
v -1.81411 0.70377 59.83566
v -1.82303 0.66626 59.79084
v -1.83035 0.62056 59.75406
v -1.83578 0.56842 59.72672
v -1.83913 0.51185 59.70989
v -1.84026 0.45301 59.70421
v -1.83913 0.39418 59.70989
v -1.83578 0.33760 59.72672
v -1.83035 0.28546 59.75406
v -1.82303 0.23976 59.79084
v -1.81411 0.20226 59.83566
v -1.80394 0.17439 59.88680
v -1.79290 0.15723 59.94229
v -1.78143 0.74880 59.94116
v -1.78143 0.73164 59.88458
v -1.78143 0.70377 59.83244
v -1.78143 0.66626 59.78674
v -1.78143 0.62056 59.74924
v -1.78143 0.56842 59.72137
v -1.78143 0.51185 59.70421
v -1.78143 0.45301 59.69841
v -1.78143 0.39418 59.70421
v -1.78143 0.33760 59.72137
v -1.78143 0.28546 59.74924
v -1.78143 0.23976 59.78674
v -1.78143 0.20226 59.83244
v -1.78143 0.17439 59.88458
v -1.78143 0.15723 59.94116
v -1.76995 0.74880 59.94229
v -1.75891 0.73164 59.88680
v -1.74874 0.70377 59.83566
v -1.73982 0.66626 59.79084
v -1.73250 0.62056 59.75406
v -1.72707 0.56842 59.72672
v -1.72372 0.51185 59.70989
v -1.72259 0.45301 59.70421
v -1.72372 0.39418 59.70989
v -1.72707 0.33760 59.72672
v -1.73250 0.28546 59.75406
v -1.73982 0.23976 59.79084
v -1.74874 0.20226 59.83566
v -1.75891 0.17439 59.88680
v -1.76995 0.15723 59.94229
v -1.75891 0.74880 59.94564
v -1.73726 0.73164 59.89337
v -1.71731 0.70377 59.84520
v -1.69982 0.66626 59.80298
v -1.68546 0.62056 59.76833
v -1.67480 0.56842 59.74258
v -1.66823 0.51185 59.72672
v -1.66602 0.45301 59.72137
v -1.66823 0.39418 59.72672
v -1.67480 0.33760 59.74258
v -1.68546 0.28546 59.76833
v -1.69982 0.23976 59.80298
v -1.71731 0.20226 59.84520
v -1.73726 0.17439 59.89337
v -1.75891 0.15723 59.94564
v -1.74874 0.74880 59.95107
v -1.71731 0.73164 59.90403
v -1.68834 0.70377 59.86068
v -1.66295 0.66626 59.82268
v -1.64211 0.62056 59.79150
v -1.62663 0.56842 59.76833
v -1.61709 0.51185 59.75406
v -1.61388 0.45301 59.74924
v -1.61709 0.39418 59.75406
v -1.62663 0.33760 59.76833
v -1.64211 0.28546 59.79150
v -1.66295 0.23976 59.82268
v -1.68834 0.20226 59.86068
v -1.71731 0.17439 59.90403
v -1.74874 0.15723 59.95107
v -1.78143 0.75459 59.99999
v -1.73982 0.74880 59.95839
v -1.69982 0.73164 59.91839
v -1.66295 0.70377 59.88152
v -1.63064 0.66626 59.84920
v -1.60411 0.62056 59.82268
v -1.58441 0.56842 59.80298
v -1.57227 0.51185 59.79084
v -1.56818 0.45301 59.78674
v -1.57227 0.39418 59.79084
v -1.58441 0.33760 59.80298
v -1.60411 0.28546 59.82268
v -1.63064 0.23976 59.84920
v -1.66295 0.20226 59.88152
v -1.69982 0.17439 59.91839
v -1.73982 0.15723 59.95839
v -1.73250 0.74880 59.96730
v -1.68546 0.73164 59.93588
v -1.64211 0.70377 59.90691
v -1.60411 0.66626 59.88152
v -1.57293 0.62056 59.86068
v -1.54976 0.56842 59.84520
v -1.53549 0.51185 59.83566
v -1.53067 0.45301 59.83244
v -1.53549 0.39418 59.83566
v -1.54976 0.33760 59.84520
v -1.57293 0.28546 59.86068
v -1.60411 0.23976 59.88152
v -1.64211 0.20226 59.90691
v -1.68546 0.17439 59.93588
v -1.73250 0.15723 59.96730
v -1.72707 0.74880 59.97748
v -1.67480 0.73164 59.95583
v -1.62663 0.70377 59.93588
v -1.58441 0.66626 59.91839
v -1.54976 0.62056 59.90403
v -1.52401 0.56842 59.89337
v -1.50815 0.51185 59.88680
v -1.50280 0.45301 59.88458
v -1.50815 0.39418 59.88680
v -1.52401 0.33760 59.89337
v -1.54976 0.28546 59.90403
v -1.58441 0.23976 59.91839
v -1.62663 0.20226 59.93588
v -1.67480 0.17439 59.95583
v -1.72707 0.15723 59.97748
v -1.72372 0.74880 59.98851
v -1.66823 0.73164 59.97748
v -1.61709 0.70377 59.96730
v -1.57227 0.66626 59.95839
v -1.53549 0.62056 59.95107
v -1.50815 0.56842 59.94564
v -1.49132 0.51185 59.94229
v -1.48564 0.45301 59.94116
v -1.49132 0.39418 59.94229
v -1.50815 0.33760 59.94564
v -1.53549 0.28546 59.95107
v -1.57227 0.23976 59.95839
v -1.61709 0.20226 59.96730
v -1.66823 0.17439 59.97748
v -1.72372 0.15723 59.98851
v -1.72259 0.74880 59.99999
v -1.66602 0.73164 59.99999
v -1.61388 0.70377 59.99999
v -1.56818 0.66626 59.99999
v -1.53067 0.62056 59.99999
v -1.50280 0.56842 59.99999
v -1.48564 0.51185 59.99999
v -1.47985 0.45301 59.99999
v -1.48564 0.39418 59.99999
v -1.50280 0.33760 59.99999
v -1.53067 0.28546 59.99999
v -1.56818 0.23976 59.99999
v -1.61388 0.20226 59.99999
v -1.66602 0.17439 59.99999
v -1.72259 0.15723 59.99999
v -1.72372 0.74880 60.01147
v -1.66823 0.73164 60.02251
v -1.61709 0.70377 60.03268
v -1.57227 0.66626 60.04160
v -1.53549 0.62056 60.04891
v -1.50815 0.56842 60.05435
v -1.49132 0.51185 60.05770
v -1.48564 0.45301 60.05883
v -1.49132 0.39418 60.05770
v -1.50815 0.33760 60.05435
v -1.53549 0.28546 60.04891
v -1.57227 0.23976 60.04160
v -1.61709 0.20226 60.03268
v -1.66823 0.17439 60.02251
v -1.72372 0.15723 60.01147
v -1.72707 0.74880 60.02251
v -1.67480 0.73164 60.04416
v -1.62663 0.70377 60.06411
v -1.58441 0.66626 60.08160
v -1.54976 0.62056 60.09595
v -1.52401 0.56842 60.10662
v -1.50815 0.51185 60.11319
v -1.50280 0.45301 60.11540
v -1.50815 0.39418 60.11319
v -1.52401 0.33760 60.10662
v -1.54976 0.28546 60.09595
v -1.58441 0.23976 60.08160
v -1.62663 0.20226 60.06411
v -1.67480 0.17439 60.04416
v -1.72707 0.15723 60.02251
v -1.73250 0.74880 60.03268
v -1.68546 0.73164 60.06411
v -1.64211 0.70377 60.09308
v -1.60411 0.66626 60.11847
v -1.57293 0.62056 60.13931
v -1.54976 0.56842 60.15479
v -1.53549 0.51185 60.16432
v -1.53067 0.45301 60.16754
v -1.53549 0.39418 60.16432
v -1.54976 0.33760 60.15479
v -1.57293 0.28546 60.13931
v -1.60411 0.23976 60.11847
v -1.64211 0.20226 60.09308
v -1.68546 0.17439 60.06411
v -1.73250 0.15723 60.03268
v -1.73982 0.74880 60.04160
v -1.69982 0.73164 60.08160
v -1.66295 0.70377 60.11847
v -1.63064 0.66626 60.15078
v -1.60411 0.62056 60.17730
v -1.58441 0.56842 60.19701
v -1.57227 0.51185 60.20914
v -1.56818 0.45301 60.21324
v -1.57227 0.39418 60.20914
v -1.58441 0.33760 60.19701
v -1.60411 0.28546 60.17730
v -1.63064 0.23976 60.15078
v -1.66295 0.20226 60.11847
v -1.69982 0.17439 60.08160
v -1.73982 0.15723 60.04160
v -1.74874 0.74880 60.04891
v -1.71731 0.73164 60.09595
v -1.68834 0.70377 60.13931
v -1.66295 0.66626 60.17730
v -1.64211 0.62056 60.20849
v -1.62663 0.56842 60.23166
v -1.61709 0.51185 60.24593
v -1.61388 0.45301 60.25075
v -1.61709 0.39418 60.24593
v -1.62663 0.33760 60.23166
v -1.64211 0.28546 60.20849
v -1.66295 0.23976 60.17730
v -1.68834 0.20226 60.13931
v -1.71731 0.17439 60.09595
v -1.74874 0.15723 60.04891
v -1.75891 0.74880 60.05435
v -1.73726 0.73164 60.10662
v -1.71731 0.70377 60.15479
v -1.69982 0.66626 60.19701
v -1.68546 0.62056 60.23166
v -1.67480 0.56842 60.25741
v -1.66823 0.51185 60.27326
v -1.66602 0.45301 60.27862
v -1.66823 0.39418 60.27326
v -1.67480 0.33760 60.25741
v -1.68546 0.28546 60.23166
v -1.69982 0.23976 60.19701
v -1.71731 0.20226 60.15479
v -1.73726 0.17439 60.10662
v -1.75891 0.15723 60.05435
v -1.76995 0.74880 60.05770
v -1.75891 0.73164 60.11319
v -1.74874 0.70377 60.16432
v -1.73982 0.66626 60.20914
v -1.73250 0.62056 60.24593
v -1.72707 0.56842 60.27326
v -1.72372 0.51185 60.29009
v -1.72259 0.45301 60.29578
v -1.72372 0.39418 60.29009
v -1.72707 0.33760 60.27326
v -1.73250 0.28546 60.24593
v -1.73982 0.23976 60.20914
v -1.74874 0.20226 60.16432
v -1.75891 0.17439 60.11319
v -1.76995 0.15723 60.05770
v -1.78143 0.33760 60.27862
v -1.78143 0.28546 60.25075
v -1.78143 0.23976 60.21324
v -1.78143 0.17439 60.11540
v -1.78143 0.15723 60.05883
v -2.13232 0.58739 59.98046
v -2.02273 0.76478 59.98046
v -2.13232 0.58739 60.01953
v -2.02273 0.76478 60.01953
v -2.41343 0.90365 59.98046
v -2.41343 0.90675 59.98046
v -2.41343 0.90365 60.01953
v -2.41343 0.90675 60.01953
v -2.34370 0.85420 60.01953
v -2.30469 0.90741 60.01953
v -2.34370 0.85420 59.98046
v -2.30469 0.90741 59.98046
v -2.24706 0.71647 60.01953
v -2.19163 0.81250 59.98046
v -2.19163 0.81250 60.01953
v -2.24706 0.71647 59.98046
v -2.18969 0.65193 60.01953
v -2.12527 0.75796 59.98046
v -2.12527 0.75796 60.01953
v -2.18969 0.65193 59.98046
v -2.00884 0.52303 60.01953
v -2.00884 0.52303 59.98046
v -1.92142 0.67565 59.98046
v -1.92142 0.67565 60.01953
v -2.12582 0.31742 60.01953
v -2.12582 0.31742 59.98046
v -1.97594 0.32151 60.01953
v -1.97594 0.32151 59.98046
v -1.85913 0.88826 59.98046
v -1.85913 0.88826 60.01953
v -1.84985 0.71026 59.98046
v -1.84985 0.71026 60.01953
v -1.78483 0.89213 59.98046
v -1.78483 0.89213 60.01953
v -1.77555 0.71413 59.98046
v -1.77555 0.71413 60.01953
v -1.77847 -0.29058 59.99023
v -1.72713 -0.16613 59.99023
v -1.77847 -0.29058 60.00977
v -1.72713 -0.16613 60.00977
v -1.82789 -0.28080 59.99023
v -1.84981 -0.17477 59.99023
v -1.82789 -0.28080 60.00977
v -1.84981 -0.17477 60.00977
v -1.72769 -0.20064 59.99023
v -1.72769 -0.20064 60.00977
v -1.84981 -0.20725 60.00977
v -1.84981 -0.20725 59.99023
v -1.76292 -0.34397 60.00977
v -1.76292 -0.34397 59.99023
v -1.81351 -0.34183 60.00977
v -1.81351 -0.34183 59.99023
v -1.74086 -0.37905 60.00977
v -1.74086 -0.37905 59.99023
v -1.78184 -0.39621 60.00977
v -1.78184 -0.39621 59.99023
v -1.71204 -0.40722 60.00977
v -1.71204 -0.40722 59.99023
v -1.73288 -0.43423 60.00977
v -1.73288 -0.43423 59.99023
v -1.65077 -0.44472 60.00977
v -1.65077 -0.44472 59.99023
v -1.65844 -0.46796 60.00977
v -1.65844 -0.46796 59.99023
v -1.58909 -0.46608 60.00977
v -1.58909 -0.46608 59.99023
v -1.59205 -0.47519 60.00977
v -1.59205 -0.47519 59.99023
vt 1.00000 0.50000
vt 1.00000 1.00000
vt 0.96875 1.00000
vt 0.96875 0.50000
vt 0.93750 1.00000
vt 0.93750 0.50000
vt 0.90625 1.00000
vt 0.90625 0.50000
vt 0.87500 1.00000
vt 0.87500 0.50000
vt 0.84375 1.00000
vt 0.84375 0.50000
vt 0.81250 1.00000
vt 0.81250 0.50000
vt 0.78125 1.00000
vt 0.78125 0.50000
vt 0.75000 1.00000
vt 0.75000 0.50000
vt 0.71875 1.00000
vt 0.71875 0.50000
vt 0.68750 1.00000
vt 0.68750 0.50000
vt 0.65625 1.00000
vt 0.65625 0.50000
vt 0.62500 1.00000
vt 0.62500 0.50000
vt 0.59375 1.00000
vt 0.59375 0.50000
vt 0.56250 1.00000
vt 0.56250 0.50000
vt 0.53125 1.00000
vt 0.53125 0.50000
vt 0.50000 1.00000
vt 0.50000 0.50000
vt 0.46875 1.00000
vt 0.46875 0.50000
vt 0.43750 1.00000
vt 0.43750 0.50000
vt 0.40625 1.00000
vt 0.40625 0.50000
vt 0.37500 1.00000
vt 0.37500 0.50000
vt 0.34375 1.00000
vt 0.34375 0.50000
vt 0.31250 1.00000
vt 0.31250 0.50000
vt 0.28125 1.00000
vt 0.28125 0.50000
vt 0.25000 1.00000
vt 0.25000 0.50000
vt 0.21875 1.00000
vt 0.21875 0.50000
vt 0.18750 1.00000
vt 0.18750 0.50000
vt 0.15625 1.00000
vt 0.15625 0.50000
vt 0.12500 1.00000
vt 0.12500 0.50000
vt 0.09375 1.00000
vt 0.09375 0.50000
vt 0.06250 1.00000
vt 0.06250 0.50000
vt 0.29682 0.48539
vt 0.25000 0.49000
vt 0.20318 0.48539
vt 0.15816 0.47173
vt 0.11666 0.44955
vt 0.08030 0.41971
vt 0.05045 0.38334
vt 0.02827 0.34184
vt 0.01461 0.29682
vt 0.01000 0.25000
vt 0.01461 0.20318
vt 0.02827 0.15816
vt 0.05045 0.11666
vt 0.08029 0.08029
vt 0.11666 0.05045
vt 0.15816 0.02827
vt 0.20318 0.01461
vt 0.25000 0.01000
vt 0.29682 0.01461
vt 0.34184 0.02827
vt 0.38334 0.05045
vt 0.41971 0.08029
vt 0.44955 0.11666
vt 0.47173 0.15816
vt 0.48539 0.20318
vt 0.49000 0.25000
vt 0.48539 0.29682
vt 0.47173 0.34184
vt 0.44955 0.38334
vt 0.41971 0.41971
vt 0.38334 0.44955
vt 0.34184 0.47173
vt 0.03125 1.00000
vt 0.03125 0.50000
vt 0.00000 1.00000
vt 0.00000 0.50000
vt 0.75000 0.49000
vt 0.79682 0.48539
vt 0.84184 0.47173
vt 0.88334 0.44955
vt 0.91971 0.41971
vt 0.94955 0.38334
vt 0.97173 0.34184
vt 0.98539 0.29682
vt 0.99000 0.25000
vt 0.98539 0.20318
vt 0.97173 0.15816
vt 0.94955 0.11666
vt 0.91971 0.08029
vt 0.88334 0.05045
vt 0.84184 0.02827
vt 0.79682 0.01461
vt 0.75000 0.01000
vt 0.70318 0.01461
vt 0.65816 0.02827
vt 0.61666 0.05045
vt 0.58029 0.08029
vt 0.55045 0.11666
vt 0.52827 0.15816
vt 0.51461 0.20318
vt 0.51000 0.25000
vt 0.51461 0.29682
vt 0.52827 0.34184
vt 0.55045 0.38334
vt 0.58030 0.41971
vt 0.61666 0.44955
vt 0.65816 0.47173
vt 0.70318 0.48539
vt 0.37500 0.00000
vt 0.62500 0.00000
vt 0.62500 0.25000
vt 0.37500 0.25000
vt 0.59378 0.25000
vt 0.62500 0.25000
vt 0.62500 0.50000
vt 0.59378 0.50000
vt 0.62500 0.75000
vt 0.59378 0.75000
vt 0.37500 0.75000
vt 0.62500 0.75000
vt 0.62500 1.00000
vt 0.37500 1.00000
vt 0.34378 0.50000
vt 0.37500 0.50000
vt 0.37500 0.75000
vt 0.34378 0.75000
vt 0.84378 0.50000
vt 0.87500 0.50000
vt 0.87500 0.75000
vt 0.84378 0.75000
vt 0.68756 0.50000
vt 0.75013 0.50000
vt 0.75013 0.75000
vt 0.68756 0.75000
vt 0.18757 0.50000
vt 0.25013 0.50000
vt 0.25013 0.75000
vt 0.18757 0.75000
vt 0.43756 0.50000
vt 0.50013 0.50000
vt 0.50013 0.75000
vt 0.43756 0.75000
vt 0.43756 0.25000
vt 0.50013 0.25000
vt 0.78135 0.50000
vt 0.81256 0.50000
vt 0.81256 0.75000
vt 0.78135 0.75000
vt 0.28135 0.50000
vt 0.31256 0.50000
vt 0.31256 0.75000
vt 0.28135 0.75000
vt 0.53135 0.50000
vt 0.56256 0.50000
vt 0.56256 0.75000
vt 0.53135 0.75000
vt 0.53135 0.25000
vt 0.56256 0.25000
vt 0.37500 0.25000
vt 0.37500 0.50000
vt 0.12500 0.50000
vt 0.12500 0.75000
vt 0.62500 0.50000
vt 0.87500 0.75000
vt 0.87500 0.50000
vt 0.87500 0.50000
vt 0.87500 0.75000
vt 0.47404 0.44511
vt 0.62500 0.44511
vt 0.62500 0.50000
vt 0.47404 0.50000
vt 0.62500 0.75000
vt 0.47404 0.75000
vt 0.47404 0.81617
vt 0.62500 0.81617
vt 0.62500 1.00000
vt 0.47404 1.00000
vt 0.32011 0.50000
vt 0.37500 0.50000
vt 0.37500 0.75000
vt 0.32011 0.75000
vt 0.69117 0.50000
vt 0.87500 0.50000
vt 0.87500 0.75000
vt 0.69117 0.75000
vt 0.67988 0.50000
vt 0.67988 0.75000
vt 0.12500 0.50000
vt 0.30883 0.50000
vt 0.30883 0.75000
vt 0.12500 0.75000
vt 0.47404 0.80488
vt 0.62500 0.80488
vt 0.47404 0.25000
vt 0.62500 0.25000
vt 0.62500 0.43383
vt 0.47404 0.43383
vt 0.62500 0.25000
vt 0.47404 0.25000
vt 0.47404 0.25000
vt 0.62500 0.25000
vt 0.12500 0.50000
vt 0.12500 0.75000
vt 0.12500 0.75000
vt 0.12500 0.50000
vt 0.47404 0.25000
vt 0.37500 0.25000
vt 0.37500 0.25000
vt 0.47404 1.00000
vt 0.62500 1.00000
vt 0.62500 1.00000
vt 0.47404 1.00000
vt 0.47404 1.00000
vt 0.62500 1.00000
vt 0.47404 0.25000
vt 0.37500 0.25000
vt 0.12500 0.50000
vt 0.12500 0.75000
vt 0.87500 0.75000
vt 0.87500 0.50000
vt 0.87500 0.75000
vt 0.87500 0.50000
vt 0.12500 0.50000
vt 0.12500 0.75000
vt 0.47404 0.25000
vt 0.37500 0.25000
vt 0.47404 1.00000
vt 0.62500 1.00000
vt 0.47404 1.00000
vt 0.62500 1.00000
vt 0.47404 0.25000
vt 0.37500 0.25000
vt 0.37500 1.00000
vt 0.37500 1.00000
vt 0.37500 1.00000
vt 0.37500 1.00000
vt 0.87500 0.75000
vt 0.87500 0.50000
vt 0.12500 0.75000
vt 0.12500 0.50000
vt 0.12500 0.50000
vt 0.12500 0.75000
vt 0.37500 0.25000
vt 0.37500 1.00000
vt 0.37500 1.00000
vt 0.62500 0.25000
vt 0.62500 0.25000
vt 0.37500 1.00000
vt 0.37500 1.00000
vt 0.62500 0.25000
vt 0.62500 0.25000
vt 0.37500 1.00000
vt 0.37500 1.00000
vt 0.37500 0.00000
vt 0.47404 0.00000
vt 0.37500 0.43383
vt 0.37500 0.44511
vt 0.37500 0.80488
vt 0.37500 0.81617
vt 0.47404 0.00000
vt 0.62500 0.00000
vt 0.62500 1.00000
vt 0.47404 1.00000
vt 0.87500 0.75000
vt 0.87500 0.50000
vt 0.87500 0.50000
vt 0.87500 0.75000
vt 0.87500 0.50000
vt 0.87500 0.75000
vt 0.62500 0.25000
vt 0.62500 0.00000
vt 0.62500 0.00000
vt 0.62500 0.25000
vt 0.62500 1.00000
vt 0.62500 1.00000
vt 0.62500 1.00000
vt 0.62500 1.00000
vt 0.62500 0.25000
vt 0.62500 0.25000
vt 0.37500 1.00000
vt 0.37500 1.00000
vt 0.37500 1.00000
vt 0.37500 1.00000
vt 0.37500 0.25000
vt 0.37500 0.25000
vt 0.37500 0.25000
vt 0.37500 0.25000
vt 0.37500 0.25000
vt 0.37500 0.25000
vt 0.37500 0.25000
vt 0.37500 0.25000
vt 0.37500 0.25000
vt 0.37500 0.25000
vt 0.12500 0.50000
vt 0.12500 0.75000
vt 0.12500 0.75000
vt 0.12500 0.50000
vt 0.37500 1.00000
vt 0.37500 1.00000
vt 0.37500 1.00000
vt 0.37500 1.00000
vt 0.37500 1.00000
vt 0.37500 1.00000
vt 0.12500 0.50000
vt 0.12500 0.75000
vt 0.12500 0.75000
vt 0.12500 0.50000
vt 0.37500 0.25000
vt 0.37500 0.25000
vt 0.37500 0.25000
vt 0.37500 0.25000
vt 0.37500 0.25000
vt 0.37500 0.25000
vt 0.12500 0.75000
vt 0.12500 0.50000
vt 0.12500 0.50000
vt 0.12500 0.75000
vt 0.37500 1.00000
vt 0.37500 1.00000
vt 0.37500 1.00000
vt 0.37500 1.00000
vt 0.12500 0.75000
vt 0.12500 0.50000
vt 0.37500 0.25000
vt 0.37500 0.25000
vt 0.37500 0.25000
vt 0.12500 0.50000
vt 0.12500 0.75000
vt 0.37500 1.00000
vt 0.37500 1.00000
vt 0.37500 1.00000
vt 0.37500 1.00000
vt 0.37500 1.00000
vt 0.37500 0.25000
vt 0.37500 0.25000
vt 0.37500 0.25000
vt 0.37500 0.25000
vt 0.12500 0.50000
vt 0.12500 0.75000
vt 0.12500 0.75000
vt 0.12500 0.50000
vt 0.37500 1.00000
vt 0.37500 1.00000
vt 0.12500 0.75000
vt 0.12500 0.50000
vt 0.12500 0.50000
vt 0.12500 0.75000
vt 0.37500 0.25000
vt 0.37500 0.25000
vt 0.12500 0.50000
vt 0.12500 0.75000
vt 0.12500 0.75000
vt 0.12500 0.50000
vt 0.12500 0.50000
vt 0.12500 0.75000
vt 0.12500 0.50000
vt 0.12500 0.75000
vt 0.37500 1.00000
vt 0.37500 1.00000
vt 0.12500 0.75000
vt 0.12500 0.50000
vt 0.37500 0.25000
vt 0.37500 0.25000
vt 0.37500 0.25000
vt 0.37500 0.25000
vt 0.37500 0.25000
vt 0.37500 0.25000
vt 0.12500 0.75000
vt 0.12500 0.50000
vt 0.12500 0.50000
vt 0.12500 0.75000
vt 0.37500 1.00000
vt 0.37500 1.00000
vt 0.37500 1.00000
vt 0.37500 1.00000
vt 0.12500 0.50000
vt 0.12500 0.75000
vt 0.12500 0.75000
vt 0.12500 0.50000
vt 0.37500 0.25000
vt 0.37500 0.25000
vt 0.37500 1.00000
vt 0.37500 1.00000
vt 0.37500 0.25000
vt 0.37500 0.25000
vt 0.37500 0.25000
vt 0.37500 0.25000
vt 0.12500 0.75000
vt 0.12500 0.50000
vt 0.12500 0.50000
vt 0.12500 0.75000
vt 0.37500 1.00000
vt 0.37500 1.00000
vt 0.37500 1.00000
vt 0.37500 1.00000
vt 0.12500 0.50000
vt 0.12500 0.75000
vt 0.12500 0.75000
vt 0.12500 0.50000
vt 0.37500 0.25000
vt 0.37500 0.25000
vt 0.37500 1.00000
vt 0.37500 1.00000
vt 0.37500 0.25000
vt 0.37500 0.25000
vt 0.12500 0.50000
vt 0.12500 0.75000
vt 0.37500 1.00000
vt 0.37500 1.00000
vt 0.12500 0.75000
vt 0.12500 0.50000
vt 0.37500 0.25000
vt 0.37500 1.00000
vt 0.37500 0.25000
vt 0.37500 0.25000
vt 0.12500 0.50000
vt 0.12500 0.75000
vt 0.37500 1.00000
vt 0.37500 1.00000
vt 0.12500 0.75000
vt 0.12500 0.50000
vt 0.37500 0.25000
vt 0.37500 1.00000
vt 1.00000 0.50000
vt 1.00000 1.00000
vt 0.96875 1.00000
vt 0.96875 0.50000
vt 0.93750 1.00000
vt 0.93750 0.50000
vt 0.90625 1.00000
vt 0.90625 0.50000
vt 0.87500 1.00000
vt 0.87500 0.50000
vt 0.84375 1.00000
vt 0.84375 0.50000
vt 0.81250 1.00000
vt 0.81250 0.50000
vt 0.78125 1.00000
vt 0.78125 0.50000
vt 0.75000 1.00000
vt 0.75000 0.50000
vt 0.71875 1.00000
vt 0.71875 0.50000
vt 0.68750 1.00000
vt 0.68750 0.50000
vt 0.65625 1.00000
vt 0.65625 0.50000
vt 0.62500 1.00000
vt 0.62500 0.50000
vt 0.59375 1.00000
vt 0.59375 0.50000
vt 0.56250 1.00000
vt 0.56250 0.50000
vt 0.53125 1.00000
vt 0.53125 0.50000
vt 0.50000 1.00000
vt 0.50000 0.50000
vt 0.46875 1.00000
vt 0.46875 0.50000
vt 0.43750 1.00000
vt 0.43750 0.50000
vt 0.40625 1.00000
vt 0.40625 0.50000
vt 0.37500 1.00000
vt 0.37500 0.50000
vt 0.34375 1.00000
vt 0.34375 0.50000
vt 0.31250 1.00000
vt 0.31250 0.50000
vt 0.28125 1.00000
vt 0.28125 0.50000
vt 0.25000 1.00000
vt 0.25000 0.50000
vt 0.21875 1.00000
vt 0.21875 0.50000
vt 0.18750 1.00000
vt 0.18750 0.50000
vt 0.15625 1.00000
vt 0.15625 0.50000
vt 0.12500 1.00000
vt 0.12500 0.50000
vt 0.09375 1.00000
vt 0.09375 0.50000
vt 0.06250 1.00000
vt 0.06250 0.50000
vt 0.96875 1.00000
vt 0.93750 1.00000
vt 0.03125 1.00000
vt 0.03125 0.50000
vt 0.00000 1.00000
vt 0.00000 0.50000
vt 0.75000 0.49000
vt 0.79682 0.48539
vt 0.84184 0.47173
vt 0.88334 0.44955
vt 0.91971 0.41971
vt 0.94955 0.38334
vt 0.97173 0.34184
vt 0.98539 0.29682
vt 0.99000 0.25000
vt 0.98539 0.20318
vt 0.97173 0.15816
vt 0.94955 0.11666
vt 0.91971 0.08029
vt 0.88334 0.05045
vt 0.84184 0.02827
vt 0.79682 0.01461
vt 0.75000 0.01000
vt 0.70318 0.01461
vt 0.65816 0.02827
vt 0.61666 0.05045
vt 0.58029 0.08029
vt 0.55045 0.11666
vt 0.52827 0.15816
vt 0.51461 0.20318
vt 0.51000 0.25000
vt 0.51461 0.29682
vt 0.52827 0.34184
vt 0.55045 0.38334
vt 0.58030 0.41971
vt 0.61666 0.44955
vt 0.65816 0.47173
vt 0.70318 0.48539
vt 0.29682 0.48539
vt 0.25000 0.49000
vt 0.20318 0.48539
vt 0.15816 0.47173
vt 0.11666 0.44955
vt 0.08030 0.41971
vt 0.05045 0.38334
vt 0.02827 0.34184
vt 0.01461 0.29682
vt 0.01000 0.25000
vt 0.01461 0.20318
vt 0.02827 0.15816
vt 0.05045 0.11666
vt 0.08029 0.08029
vt 0.11666 0.05045
vt 0.15816 0.02827
vt 0.20318 0.01461
vt 0.25000 0.01000
vt 0.29682 0.01461
vt 0.34184 0.02827
vt 0.38334 0.05045
vt 0.41971 0.08029
vt 0.44955 0.11666
vt 0.47173 0.15816
vt 0.48539 0.20318
vt 0.49000 0.25000
vt 0.48539 0.29682
vt 0.47173 0.34184
vt 0.44955 0.38334
vt 0.41971 0.41971
vt 0.38334 0.44955
vt 0.34184 0.47173
vt 0.68750 1.00000
vt 0.65625 1.00000
vt 0.40625 1.00000
vt 0.37500 1.00000
vt 0.12500 1.00000
vt 0.09375 1.00000
vt 0.81250 1.00000
vt 0.78125 1.00000
vt 0.53125 1.00000
vt 0.50000 1.00000
vt 0.25000 1.00000
vt 0.21875 1.00000
vt 0.90625 1.00000
vt 0.62500 1.00000
vt 0.34375 1.00000
vt 0.06250 1.00000
vt 0.75000 1.00000
vt 0.46875 1.00000
vt 0.18750 1.00000
vt 0.87500 1.00000
vt 0.59375 1.00000
vt 0.31250 1.00000
vt 0.03125 1.00000
vt 0.71875 1.00000
vt 0.43750 1.00000
vt 0.15625 1.00000
vt 0.84375 1.00000
vt 0.56250 1.00000
vt 0.28125 1.00000
vt 1.00000 1.00000
vt 0.00000 1.00000
vt 1.00000 0.50000
vt 1.00000 1.00000
vt 0.96875 1.00000
vt 0.96875 0.50000
vt 0.93750 1.00000
vt 0.93750 0.50000
vt 0.90625 1.00000
vt 0.90625 0.50000
vt 0.87500 1.00000
vt 0.87500 0.50000
vt 0.84375 1.00000
vt 0.84375 0.50000
vt 0.81250 1.00000
vt 0.81250 0.50000
vt 0.78125 1.00000
vt 0.78125 0.50000
vt 0.75000 1.00000
vt 0.75000 0.50000
vt 0.71875 1.00000
vt 0.71875 0.50000
vt 0.68750 1.00000
vt 0.68750 0.50000
vt 0.65625 1.00000
vt 0.65625 0.50000
vt 0.62500 1.00000
vt 0.62500 0.50000
vt 0.59375 1.00000
vt 0.59375 0.50000
vt 0.56250 1.00000
vt 0.56250 0.50000
vt 0.53125 1.00000
vt 0.53125 0.50000
vt 0.50000 1.00000
vt 0.50000 0.50000
vt 0.46875 1.00000
vt 0.46875 0.50000
vt 0.43750 1.00000
vt 0.43750 0.50000
vt 0.40625 1.00000
vt 0.40625 0.50000
vt 0.37500 1.00000
vt 0.37500 0.50000
vt 0.34375 1.00000
vt 0.34375 0.50000
vt 0.31250 1.00000
vt 0.31250 0.50000
vt 0.28125 1.00000
vt 0.28125 0.50000
vt 0.25000 1.00000
vt 0.25000 0.50000
vt 0.21875 1.00000
vt 0.21875 0.50000
vt 0.18750 1.00000
vt 0.18750 0.50000
vt 0.15625 1.00000
vt 0.15625 0.50000
vt 0.12500 1.00000
vt 0.12500 0.50000
vt 0.09375 1.00000
vt 0.09375 0.50000
vt 0.06250 1.00000
vt 0.06250 0.50000
vt 0.29682 0.48539
vt 0.25000 0.49000
vt 0.20318 0.48539
vt 0.15816 0.47173
vt 0.11666 0.44955
vt 0.08030 0.41971
vt 0.05045 0.38334
vt 0.02827 0.34184
vt 0.01461 0.29682
vt 0.01000 0.25000
vt 0.01461 0.20318
vt 0.02827 0.15816
vt 0.05045 0.11666
vt 0.08029 0.08029
vt 0.11666 0.05045
vt 0.15816 0.02827
vt 0.20318 0.01461
vt 0.25000 0.01000
vt 0.29682 0.01461
vt 0.34184 0.02827
vt 0.38334 0.05045
vt 0.41971 0.08029
vt 0.44955 0.11666
vt 0.47173 0.15816
vt 0.48539 0.20318
vt 0.49000 0.25000
vt 0.48539 0.29682
vt 0.47173 0.34184
vt 0.44955 0.38334
vt 0.41971 0.41971
vt 0.38334 0.44955
vt 0.34184 0.47173
vt 0.03125 1.00000
vt 0.03125 0.50000
vt 0.00000 1.00000
vt 0.00000 0.50000
vt 0.75000 0.49000
vt 0.79682 0.48539
vt 0.84184 0.47173
vt 0.88334 0.44955
vt 0.91971 0.41971
vt 0.94955 0.38334
vt 0.97173 0.34184
vt 0.98539 0.29682
vt 0.99000 0.25000
vt 0.98539 0.20318
vt 0.97173 0.15816
vt 0.94955 0.11666
vt 0.91971 0.08029
vt 0.88334 0.05045
vt 0.84184 0.02827
vt 0.79682 0.01461
vt 0.75000 0.01000
vt 0.70318 0.01461
vt 0.65816 0.02827
vt 0.61666 0.05045
vt 0.58029 0.08029
vt 0.55045 0.11666
vt 0.52827 0.15816
vt 0.51461 0.20318
vt 0.51000 0.25000
vt 0.51461 0.29682
vt 0.52827 0.34184
vt 0.55045 0.38334
vt 0.58030 0.41971
vt 0.61666 0.44955
vt 0.65816 0.47173
vt 0.70318 0.48539
vt 0.75000 0.87500
vt 0.75000 0.93750
vt 0.71875 0.93750
vt 0.71875 0.87500
vt 0.75000 0.37500
vt 0.75000 0.43750
vt 0.71875 0.43750
vt 0.71875 0.37500
vt 0.75000 0.81250
vt 0.71875 0.81250
vt 0.75000 0.31250
vt 0.71875 0.31250
vt 0.75000 0.75000
vt 0.71875 0.75000
vt 0.75000 0.25000
vt 0.71875 0.25000
vt 0.75000 0.68750
vt 0.71875 0.68750
vt 0.75000 0.18750
vt 0.71875 0.18750
vt 0.75000 0.62500
vt 0.71875 0.62500
vt 0.75000 0.12500
vt 0.71875 0.12500
vt 0.75000 0.56250
vt 0.71875 0.56250
vt 0.75000 0.06250
vt 0.71875 0.06250
vt 0.75000 0.50000
vt 0.71875 0.50000
vt 0.73438 1.00000
vt 0.73438 0.00000
vt 0.68750 0.56250
vt 0.68750 0.50000
vt 0.70312 1.00000
vt 0.68750 0.93750
vt 0.70312 0.00000
vt 0.68750 0.06250
vt 0.68750 0.43750
vt 0.68750 0.87500
vt 0.68750 0.37500
vt 0.68750 0.81250
vt 0.68750 0.31250
vt 0.68750 0.75000
vt 0.68750 0.25000
vt 0.68750 0.68750
vt 0.68750 0.18750
vt 0.68750 0.62500
vt 0.68750 0.12500
vt 0.65625 0.31250
vt 0.65625 0.25000
vt 0.65625 0.75000
vt 0.65625 0.68750
vt 0.65625 0.18750
vt 0.65625 0.62500
vt 0.65625 0.12500
vt 0.65625 0.56250
vt 0.65625 0.06250
vt 0.65625 0.50000
vt 0.67188 1.00000
vt 0.65625 0.93750
vt 0.67188 0.00000
vt 0.65625 0.43750
vt 0.65625 0.87500
vt 0.65625 0.37500
vt 0.65625 0.81250
vt 0.64062 0.00000
vt 0.62500 0.06250
vt 0.62500 0.50000
vt 0.62500 0.43750
vt 0.62500 0.93750
vt 0.62500 0.87500
vt 0.62500 0.37500
vt 0.62500 0.81250
vt 0.62500 0.31250
vt 0.62500 0.75000
vt 0.62500 0.25000
vt 0.62500 0.68750
vt 0.62500 0.18750
vt 0.62500 0.62500
vt 0.62500 0.12500
vt 0.62500 0.56250
vt 0.64062 1.00000
vt 0.59375 0.25000
vt 0.59375 0.18750
vt 0.59375 0.68750
vt 0.59375 0.62500
vt 0.59375 0.12500
vt 0.59375 0.56250
vt 0.59375 0.06250
vt 0.59375 0.50000
vt 0.60938 1.00000
vt 0.59375 0.93750
vt 0.60938 0.00000
vt 0.59375 0.43750
vt 0.59375 0.87500
vt 0.59375 0.37500
vt 0.59375 0.81250
vt 0.59375 0.31250
vt 0.59375 0.75000
vt 0.56250 0.93750
vt 0.56250 0.87500
vt 0.56250 0.43750
vt 0.56250 0.37500
vt 0.56250 0.81250
vt 0.56250 0.31250
vt 0.56250 0.75000
vt 0.56250 0.25000
vt 0.56250 0.68750
vt 0.56250 0.18750
vt 0.56250 0.62500
vt 0.56250 0.12500
vt 0.56250 0.56250
vt 0.56250 0.06250
vt 0.56250 0.50000
vt 0.57812 1.00000
vt 0.57812 0.00000
vt 0.53125 0.68750
vt 0.53125 0.62500
vt 0.53125 0.18750
vt 0.53125 0.12500
vt 0.53125 0.56250
vt 0.53125 0.06250
vt 0.53125 0.50000
vt 0.54688 1.00000
vt 0.53125 0.93750
vt 0.54688 0.00000
vt 0.53125 0.43750
vt 0.53125 0.87500
vt 0.53125 0.37500
vt 0.53125 0.81250
vt 0.53125 0.31250
vt 0.53125 0.75000
vt 0.53125 0.25000
vt 0.50000 0.43750
vt 0.50000 0.37500
vt 0.50000 0.87500
vt 0.50000 0.81250
vt 0.50000 0.31250
vt 0.50000 0.75000
vt 0.50000 0.25000
vt 0.50000 0.68750
vt 0.50000 0.18750
vt 0.50000 0.62500
vt 0.50000 0.12500
vt 0.50000 0.56250
vt 0.50000 0.06250
vt 0.50000 0.50000
vt 0.51562 1.00000
vt 0.50000 0.93750
vt 0.51562 0.00000
vt 0.46875 0.18750
vt 0.46875 0.12500
vt 0.46875 0.62500
vt 0.46875 0.56250
vt 0.46875 0.06250
vt 0.46875 0.50000
vt 0.48437 1.00000
vt 0.46875 0.93750
vt 0.48438 0.00000
vt 0.46875 0.43750
vt 0.46875 0.87500
vt 0.46875 0.37500
vt 0.46875 0.81250
vt 0.46875 0.31250
vt 0.46875 0.75000
vt 0.46875 0.25000
vt 0.46875 0.68750
vt 0.43750 0.87500
vt 0.43750 0.81250
vt 0.43750 0.37500
vt 0.43750 0.31250
vt 0.43750 0.75000
vt 0.43750 0.25000
vt 0.43750 0.68750
vt 0.43750 0.18750
vt 0.43750 0.62500
vt 0.43750 0.12500
vt 0.43750 0.56250
vt 0.43750 0.06250
vt 0.43750 0.50000
vt 0.45312 1.00000
vt 0.43750 0.93750
vt 0.45312 0.00000
vt 0.43750 0.43750
vt 0.40625 0.62500
vt 0.40625 0.56250
vt 0.40625 0.12500
vt 0.40625 0.06250
vt 0.40625 0.50000
vt 0.42187 1.00000
vt 0.40625 0.93750
vt 0.42188 0.00000
vt 0.40625 0.43750
vt 0.40625 0.87500
vt 0.40625 0.37500
vt 0.40625 0.81250
vt 0.40625 0.31250
vt 0.40625 0.75000
vt 0.40625 0.25000
vt 0.40625 0.68750
vt 0.40625 0.18750
vt 0.37500 0.37500
vt 0.37500 0.31250
vt 0.37500 0.81250
vt 0.37500 0.75000
vt 0.37500 0.25000
vt 0.37500 0.68750
vt 0.37500 0.18750
vt 0.37500 0.62500
vt 0.37500 0.12500
vt 0.37500 0.56250
vt 0.37500 0.06250
vt 0.37500 0.50000
vt 0.39062 1.00000
vt 0.37500 0.93750
vt 0.39062 0.00000
vt 0.37500 0.43750
vt 0.37500 0.87500
vt 0.34375 0.12500
vt 0.34375 0.06250
vt 0.34375 0.56250
vt 0.34375 0.50000
vt 0.35938 1.00000
vt 0.34375 0.93750
vt 0.35938 0.00000
vt 0.34375 0.43750
vt 0.34375 0.87500
vt 0.34375 0.37500
vt 0.34375 0.81250
vt 0.34375 0.31250
vt 0.34375 0.75000
vt 0.34375 0.25000
vt 0.34375 0.68750
vt 0.34375 0.18750
vt 0.34375 0.62500
vt 0.31250 0.31250
vt 0.31250 0.25000
vt 0.31250 0.75000
vt 0.31250 0.68750
vt 0.31250 0.18750
vt 0.31250 0.62500
vt 0.31250 0.12500
vt 0.31250 0.56250
vt 0.31250 0.06250
vt 0.31250 0.50000
vt 0.32812 1.00000
vt 0.31250 0.93750
vt 0.32812 0.00000
vt 0.31250 0.43750
vt 0.31250 0.87500
vt 0.31250 0.37500
vt 0.31250 0.81250
vt 0.29688 1.00000
vt 0.28125 0.93750
vt 0.29688 0.00000
vt 0.28125 0.06250
vt 0.28125 0.50000
vt 0.28125 0.43750
vt 0.28125 0.87500
vt 0.28125 0.37500
vt 0.28125 0.81250
vt 0.28125 0.31250
vt 0.28125 0.75000
vt 0.28125 0.25000
vt 0.28125 0.68750
vt 0.28125 0.18750
vt 0.28125 0.62500
vt 0.28125 0.12500
vt 0.28125 0.56250
vt 0.25000 0.75000
vt 0.25000 0.68750
vt 0.25000 0.25000
vt 0.25000 0.18750
vt 0.25000 0.62500
vt 0.25000 0.12500
vt 0.25000 0.56250
vt 0.25000 0.06250
vt 0.25000 0.50000
vt 0.26562 1.00000
vt 0.25000 0.93750
vt 0.26562 0.00000
vt 0.25000 0.43750
vt 0.25000 0.87500
vt 0.25000 0.37500
vt 0.25000 0.81250
vt 0.25000 0.31250
vt 0.21875 0.50000
vt 0.21875 0.43750
vt 0.21875 0.93750
vt 0.21875 0.87500
vt 0.21875 0.37500
vt 0.21875 0.81250
vt 0.21875 0.31250
vt 0.21875 0.75000
vt 0.21875 0.25000
vt 0.21875 0.68750
vt 0.21875 0.18750
vt 0.21875 0.62500
vt 0.21875 0.12500
vt 0.21875 0.56250
vt 0.21875 0.06250
vt 0.23438 1.00000
vt 0.23438 0.00000
vt 0.18750 0.25000
vt 0.18750 0.18750
vt 0.18750 0.68750
vt 0.18750 0.62500
vt 0.18750 0.12500
vt 0.18750 0.56250
vt 0.18750 0.06250
vt 0.18750 0.50000
vt 0.20312 1.00000
vt 0.18750 0.93750
vt 0.20312 0.00000
vt 0.18750 0.43750
vt 0.18750 0.87500
vt 0.18750 0.37500
vt 0.18750 0.81250
vt 0.18750 0.31250
vt 0.18750 0.75000
vt 0.15625 0.93750
vt 0.15625 0.87500
vt 0.15625 0.43750
vt 0.15625 0.37500
vt 0.15625 0.81250
vt 0.15625 0.31250
vt 0.15625 0.75000
vt 0.15625 0.25000
vt 0.15625 0.68750
vt 0.15625 0.18750
vt 0.15625 0.62500
vt 0.15625 0.12500
vt 0.15625 0.56250
vt 0.15625 0.06250
vt 0.15625 0.50000
vt 0.17188 1.00000
vt 0.17188 0.00000
vt 0.12500 0.68750
vt 0.12500 0.62500
vt 0.12500 0.18750
vt 0.12500 0.12500
vt 0.12500 0.56250
vt 0.12500 0.06250
vt 0.12500 0.50000
vt 0.14062 1.00000
vt 0.12500 0.93750
vt 0.14062 0.00000
vt 0.12500 0.43750
vt 0.12500 0.87500
vt 0.12500 0.37500
vt 0.12500 0.81250
vt 0.12500 0.31250
vt 0.12500 0.75000
vt 0.12500 0.25000
vt 0.09375 0.43750
vt 0.09375 0.37500
vt 0.09375 0.87500
vt 0.09375 0.81250
vt 0.09375 0.31250
vt 0.09375 0.75000
vt 0.09375 0.25000
vt 0.09375 0.68750
vt 0.09375 0.18750
vt 0.09375 0.62500
vt 0.09375 0.12500
vt 0.09375 0.56250
vt 0.09375 0.06250
vt 0.09375 0.50000
vt 0.10938 1.00000
vt 0.09375 0.93750
vt 0.10938 0.00000
vt 0.06250 0.18750
vt 0.06250 0.12500
vt 0.06250 0.62500
vt 0.06250 0.56250
vt 0.06250 0.06250
vt 0.06250 0.50000
vt 0.07812 1.00000
vt 0.06250 0.93750
vt 0.07812 0.00000
vt 0.06250 0.43750
vt 0.06250 0.87500
vt 0.06250 0.37500
vt 0.06250 0.81250
vt 0.06250 0.31250
vt 0.06250 0.75000
vt 0.06250 0.25000
vt 0.06250 0.68750
vt 0.03125 0.37500
vt 0.03125 0.31250
vt 0.03125 0.81250
vt 0.03125 0.75000
vt 0.03125 0.25000
vt 0.03125 0.68750
vt 0.03125 0.18750
vt 0.03125 0.62500
vt 0.03125 0.12500
vt 0.03125 0.56250
vt 0.03125 0.06250
vt 0.03125 0.50000
vt 0.04688 1.00000
vt 0.03125 0.93750
vt 0.04688 0.00000
vt 0.03125 0.43750
vt 0.03125 0.87500
vt 0.00000 0.12500
vt 0.00000 0.06250
vt 0.00000 0.56250
vt 0.00000 0.50000
vt 0.01562 1.00000
vt 0.00000 0.93750
vt 0.01562 0.00000
vt 0.00000 0.43750
vt 0.00000 0.87500
vt 0.00000 0.37500
vt 0.00000 0.81250
vt 0.00000 0.31250
vt 0.00000 0.75000
vt 0.00000 0.25000
vt 0.00000 0.68750
vt 0.00000 0.18750
vt 0.00000 0.62500
vt 1.00000 0.75000
vt 1.00000 0.81250
vt 0.96875 0.81250
vt 0.96875 0.75000
vt 1.00000 0.25000
vt 1.00000 0.31250
vt 0.96875 0.31250
vt 0.96875 0.25000
vt 1.00000 0.68750
vt 0.96875 0.68750
vt 1.00000 0.18750
vt 0.96875 0.18750
vt 1.00000 0.62500
vt 0.96875 0.62500
vt 1.00000 0.12500
vt 0.96875 0.12500
vt 1.00000 0.56250
vt 0.96875 0.56250
vt 1.00000 0.06250
vt 0.96875 0.06250
vt 1.00000 0.50000
vt 0.96875 0.50000
vt 1.00000 0.93750
vt 0.98438 1.00000
vt 0.96875 0.93750
vt 0.98438 0.00000
vt 1.00000 0.43750
vt 0.96875 0.43750
vt 1.00000 0.87500
vt 0.96875 0.87500
vt 1.00000 0.37500
vt 0.96875 0.37500
vt 0.93750 0.56250
vt 0.93750 0.50000
vt 0.95312 1.00000
vt 0.93750 0.93750
vt 0.95312 0.00000
vt 0.93750 0.06250
vt 0.93750 0.43750
vt 0.93750 0.87500
vt 0.93750 0.37500
vt 0.93750 0.81250
vt 0.93750 0.31250
vt 0.93750 0.75000
vt 0.93750 0.25000
vt 0.93750 0.68750
vt 0.93750 0.18750
vt 0.93750 0.62500
vt 0.93750 0.12500
vt 0.90625 0.31250
vt 0.90625 0.25000
vt 0.90625 0.75000
vt 0.90625 0.68750
vt 0.90625 0.18750
vt 0.90625 0.62500
vt 0.90625 0.12500
vt 0.90625 0.56250
vt 0.90625 0.06250
vt 0.90625 0.50000
vt 0.92188 1.00000
vt 0.90625 0.93750
vt 0.92188 0.00000
vt 0.90625 0.43750
vt 0.90625 0.87500
vt 0.90625 0.37500
vt 0.90625 0.81250
vt 0.89062 1.00000
vt 0.87500 0.93750
vt 0.89062 0.00000
vt 0.87500 0.06250
vt 0.87500 0.50000
vt 0.87500 0.43750
vt 0.87500 0.87500
vt 0.87500 0.37500
vt 0.87500 0.81250
vt 0.87500 0.31250
vt 0.87500 0.75000
vt 0.87500 0.25000
vt 0.87500 0.68750
vt 0.87500 0.18750
vt 0.87500 0.62500
vt 0.87500 0.12500
vt 0.87500 0.56250
vt 0.84375 0.75000
vt 0.84375 0.68750
vt 0.84375 0.25000
vt 0.84375 0.18750
vt 0.84375 0.62500
vt 0.84375 0.12500
vt 0.84375 0.56250
vt 0.84375 0.06250
vt 0.84375 0.50000
vt 0.85938 1.00000
vt 0.84375 0.93750
vt 0.85938 0.00000
vt 0.84375 0.43750
vt 0.84375 0.87500
vt 0.84375 0.37500
vt 0.84375 0.81250
vt 0.84375 0.31250
vt 0.81250 0.50000
vt 0.81250 0.43750
vt 0.81250 0.93750
vt 0.81250 0.87500
vt 0.81250 0.37500
vt 0.81250 0.81250
vt 0.81250 0.31250
vt 0.81250 0.75000
vt 0.81250 0.25000
vt 0.81250 0.68750
vt 0.81250 0.18750
vt 0.81250 0.62500
vt 0.81250 0.12500
vt 0.81250 0.56250
vt 0.81250 0.06250
vt 0.82812 1.00000
vt 0.82812 0.00000
vt 0.78125 0.25000
vt 0.78125 0.18750
vt 0.78125 0.68750
vt 0.78125 0.62500
vt 0.78125 0.12500
vt 0.78125 0.56250
vt 0.78125 0.06250
vt 0.78125 0.50000
vt 0.79688 1.00000
vt 0.78125 0.93750
vt 0.79688 0.00000
vt 0.78125 0.43750
vt 0.78125 0.87500
vt 0.78125 0.37500
vt 0.78125 0.81250
vt 0.78125 0.31250
vt 0.78125 0.75000
vt 0.76562 1.00000
vt 0.76562 0.00000
vt 0.12500 0.50000
vt 0.12500 0.75000
vt 0.12500 0.75000
vt 0.12500 0.50000
vt 0.37500 0.45408
vt 0.62500 0.45408
vt 0.62500 0.50000
vt 0.37500 0.50000
vt 0.62500 0.75000
vt 0.37500 0.75000
vt 0.37500 0.94898
vt 0.62500 0.94898
vt 0.62500 1.00000
vt 0.37500 1.00000
vt 0.32908 0.50000
vt 0.32908 0.75000
vt 0.82398 0.50000
vt 0.87500 0.50000
vt 0.87500 0.75000
vt 0.82398 0.75000
vt 0.67092 0.50000
vt 0.67092 0.75000
vt 0.22704 0.50000
vt 0.22704 0.75000
vt 0.62500 0.79592
vt 0.37500 0.79592
vt 0.37500 0.35204
vt 0.62500 0.35204
vt 0.37500 0.30102
vt 0.62500 0.30102
vt 0.17602 0.50000
vt 0.17602 0.75000
vt 0.77296 0.50000
vt 0.77296 0.75000
vt 0.62500 0.89796
vt 0.37500 0.89796
vt 0.37500 0.25000
vt 0.62500 0.25000
vt 0.37500 0.00000
vt 0.62500 0.00000
vt 0.62500 0.25000
vt 0.37500 0.25000
vt 0.62500 1.00000
vt 0.37500 1.00000
vt 0.62500 0.25000
vt 0.62500 0.25000
vt 0.12500 0.75000
vt 0.12500 0.50000
vt 0.37500 1.00000
vt 0.37500 1.00000
vt 0.37500 0.25000
vt 0.37500 0.00000
vt 0.37500 0.25000
vt 0.62500 1.00000
vt 0.62500 1.00000
vt 0.62500 1.00000
vt 0.62500 1.00000
vt 0.62500 0.00000
vt 0.87500 0.50000
vt 0.87500 0.75000
vt 0.87500 0.75000
vt 0.87500 0.50000
vt 0.87500 0.50000
vt 0.87500 0.75000
vt 0.62500 0.00000
vt 0.62500 0.25000
vt 0.62500 0.25000
vt 0.60023 0.00000
vt 0.62500 0.00000
vt 0.62500 0.25000
vt 0.60023 0.25000
vt 0.62500 0.50000
vt 0.60023 0.50000
vt 0.62500 0.75000
vt 0.60023 0.75000
vt 0.62500 1.00000
vt 0.60023 1.00000
vt 0.37500 0.25000
vt 0.37500 0.50000
vt 0.37500 0.50000
vt 0.37500 0.25000
vt 0.87500 0.50000
vt 0.87500 0.75000
vt 0.37500 0.75000
vt 0.37500 1.00000
vt 0.37500 0.00000
vt 0.37500 0.75000
vt 0.37500 0.75000
vt 0.37500 0.50000
vt 0.37500 0.00000
vt 0.37500 1.00000
vt 0.37500 1.00000
vt 0.37500 1.00000
vt 0.37500 0.75000
vt 0.37500 0.25000
vt 0.37500 0.00000
vt 0.37500 0.25000
vt 0.37500 0.50000
vt 0.37500 0.50000
vt 0.37500 0.25000
vt 0.37500 0.00000
vt 0.37500 0.75000
vt 0.37500 0.75000
vt 0.37500 0.50000
vt 0.37500 0.00000
vt 0.37500 1.00000
vt 0.12500 0.50000
vt 0.12500 0.75000
vt 0.37500 0.25000
vt 0.37500 0.00000
vt 0.37500 1.00000
vn 0.0000 -0.0980 0.9952
vn -0.0000 -0.2903 0.9569
vn -0.0000 -0.4714 0.8819
vn -0.0000 -0.6344 0.7730
vn -0.0000 -0.7730 0.6344
vn -0.0000 -0.8819 0.4714
vn -0.0000 -0.9569 0.2903
vn 0.0000 -0.9952 0.0980
vn 0.0000 -0.9952 -0.0980
vn 0.0000 -0.9569 -0.2903
vn 0.0000 -0.8819 -0.4714
vn 0.0000 -0.7730 -0.6344
vn 0.0000 -0.6344 -0.7730
vn -0.0000 -0.4714 -0.8819
vn -0.0000 -0.2903 -0.9569
vn 0.0000 -0.0980 -0.9952
vn -0.0000 0.0980 -0.9952
vn -0.0000 0.2903 -0.9569
vn -0.0000 0.4714 -0.8819
vn 0.0000 0.6344 -0.7730
vn 0.0000 0.7730 -0.6344
vn 0.0000 0.8819 -0.4714
vn 0.0000 0.9569 -0.2903
vn 0.0000 0.9952 -0.0980
vn 0.0000 0.9952 0.0980
vn 0.0000 0.9569 0.2903
vn 0.0000 0.8819 0.4714
vn 0.0000 0.7730 0.6344
vn -0.0000 0.6344 0.7730
vn 0.0000 0.4714 0.8819
vn -1.0000 -0.0000 0.0000
vn 0.0000 0.2903 0.9569
vn 0.0000 0.0980 0.9952
vn 1.0000 0.0000 -0.0000
vn 0.9912 0.1320 0.0000
vn -0.0000 0.0000 -1.0000
vn 0.5624 -0.8269 0.0000
vn -0.0247 -0.9997 0.0000
vn -0.1165 0.9932 0.0000
vn -0.0000 0.0000 1.0000
vn -0.9386 0.3451 0.0000
vn 0.9963 -0.0860 0.0000
vn -0.7043 0.7099 0.0000
vn 0.7990 -0.6014 0.0000
vn -0.5380 0.8429 0.0000
vn 0.6188 -0.7856 0.0000
vn 0.9414 -0.3372 -0.0000
vn -0.8136 0.5814 0.0000
vn 0.9720 0.2352 0.0000
vn -0.9078 0.4195 0.0000
vn -0.2114 0.9774 0.0000
vn 0.0002 0.0000 1.0000
vn -0.9912 -0.1320 0.0000
vn 0.1383 -0.9904 0.0000
vn -0.6789 0.7343 0.0000
vn -0.9897 0.1433 0.0000
vn 0.0123 -0.9999 0.0000
vn -0.0001 0.0000 -1.0000
vn -0.7743 0.6328 0.0000
vn 0.1201 -0.9928 -0.0000
vn -0.1315 -0.9913 0.0000
vn 0.9981 0.0609 0.0000
vn 0.3050 0.9524 0.0000
vn 0.2940 -0.9558 -0.0000
vn 0.7953 0.6063 0.0000
vn -0.0545 0.9985 0.0000
vn 0.7439 0.6682 0.0000
vn 0.9530 -0.3029 -0.0000
vn 0.9938 -0.1112 -0.0000
vn -1.0000 0.0057 0.0000
vn 0.0471 -0.9989 -0.0000
vn 0.0034 1.0000 0.0000
vn 0.9983 -0.0584 -0.0000
vn 0.7298 -0.6837 -0.0000
vn -0.5903 -0.8072 0.0000
vn -0.9933 -0.1153 0.0000
vn 0.9996 0.0292 0.0000
vn -0.8041 -0.5946 0.0000
vn 0.9003 0.4353 0.0000
vn 0.0001 0.0000 -1.0000
vn -0.8641 -0.5032 0.0000
vn -0.8641 -0.5033 0.0000
vn 0.1189 -0.8965 -0.4268
vn 0.1189 -0.8965 0.4268
vn 0.3556 -0.9346 0.0000
vn -0.2717 0.9624 0.0000
vn -0.1322 0.9912 0.0000
vn -0.0301 0.9995 0.0000
vn 1.0000 -0.0040 -0.0000
vn 0.0140 -0.8990 -0.4377
vn -0.7692 -0.6391 -0.0000
vn 0.0140 -0.8990 0.4377
vn -0.1892 0.9819 0.0000
vn -0.0027 -1.0000 -0.0000
vn -0.0380 0.9993 0.0000
vn -0.2100 0.9777 0.0000
vn 0.2990 -0.9543 0.0000
vn -0.0001 0.0000 1.0000
vn -0.7351 0.6779 0.0000
vn 0.8696 -0.4938 0.0000
vn -0.9194 0.3934 0.0000
vn 0.9582 -0.2860 0.0000
vn 0.5489 -0.8359 0.0000
vn -0.6820 0.7313 0.0000
vn 0.0001 0.0000 1.0000
vn -0.9998 -0.0219 0.0000
vn 0.9999 -0.0113 0.0000
vn 1.0000 -0.0077 0.0000
vn 0.5745 -0.8069 -0.1373
vn 0.4839 -0.8624 0.1486
vn 0.5746 -0.8069 0.1373
vn 0.4839 -0.8624 -0.1486
vn -0.7691 -0.6391 0.0000
vn 0.0011 -0.0980 0.9952
vn 0.0005 -0.0980 0.9952
vn 0.0032 -0.2902 0.9570
vn 0.0016 -0.2902 0.9570
vn 0.0052 -0.4714 0.8819
vn 0.0026 -0.4714 0.8819
vn 0.0070 -0.6344 0.7730
vn 0.0085 -0.7730 0.6343
vn 0.0097 -0.8819 0.4714
vn 0.0105 -0.9569 0.2902
vn 0.0109 -0.9951 0.0980
vn 0.0109 -0.9951 -0.0980
vn 0.0105 -0.9569 -0.2902
vn 0.0097 -0.8819 -0.4714
vn 0.0085 -0.7730 -0.6343
vn 0.0070 -0.6344 -0.7730
vn 0.0052 -0.4714 -0.8819
vn 0.0026 -0.4714 -0.8819
vn 0.0032 -0.2902 -0.9570
vn 0.0016 -0.2902 -0.9570
vn 0.0011 -0.0980 -0.9952
vn 0.0005 -0.0980 -0.9952
vn -0.0011 0.0980 -0.9952
vn -0.0005 0.0980 -0.9952
vn -0.0032 0.2902 -0.9570
vn -0.0016 0.2902 -0.9570
vn -0.0052 0.4714 -0.8819
vn -0.0026 0.4714 -0.8819
vn -0.0070 0.6344 -0.7730
vn -0.0085 0.7730 -0.6343
vn -0.0097 0.8819 -0.4714
vn -0.0105 0.9569 -0.2902
vn -0.0109 0.9951 -0.0980
vn -0.0109 0.9951 0.0980
vn -0.0105 0.9569 0.2902
vn -0.0097 0.8819 0.4714
vn -0.0085 0.7730 0.6343
vn -0.0070 0.6344 0.7730
vn -0.0052 0.4714 0.8819
vn -0.0026 0.4714 0.8819
vn 0.0000 -0.2902 0.9570
vn -0.0032 0.2902 0.9570
vn -0.0016 0.2902 0.9570
vn -0.0011 0.0980 0.9952
vn -0.0005 0.0980 0.9952
vn 0.0000 0.2902 0.9570
vn 0.0000 0.2902 -0.9570
vn 0.0000 -0.2902 -0.9570
vn 0.0005 -0.0979 0.9952
vn 0.0014 -0.2902 0.9570
vn 0.0023 -0.4715 0.8819
vn 0.0031 -0.6344 0.7730
vn 0.0037 -0.7730 0.6344
vn 0.0043 -0.8819 0.4714
vn 0.0046 -0.9569 0.2903
vn 0.0048 -0.9952 0.0980
vn 0.0048 -0.9952 -0.0980
vn 0.0046 -0.9569 -0.2903
vn 0.0043 -0.8820 -0.4713
vn 0.0037 -0.7730 -0.6345
vn 0.0031 -0.6345 -0.7729
vn 0.0023 -0.4714 -0.8819
vn 0.0014 -0.2903 -0.9569
vn 0.0005 -0.0978 -0.9952
vn -0.0005 0.0978 -0.9952
vn -0.0014 0.2903 -0.9569
vn -0.0023 0.4714 -0.8819
vn -0.0031 0.6345 -0.7729
vn -0.0037 0.7730 -0.6345
vn -0.0043 0.8820 -0.4713
vn -0.0046 0.9569 -0.2903
vn -0.0048 0.9952 -0.0980
vn -0.0048 0.9952 0.0980
vn -0.0046 0.9569 0.2903
vn -0.0043 0.8819 0.4714
vn -0.0037 0.7730 0.6344
vn -0.0031 0.6344 0.7730
vn -0.0023 0.4715 0.8819
vn -0.0014 0.2902 0.9570
vn -0.0005 0.0979 0.9952
vn 0.0000 0.9217 0.3879
vn -0.0000 0.9796 0.2010
vn -0.0392 0.9796 0.1971
vn -0.0757 0.9217 0.3804
vn 0.0000 -0.3805 0.9248
vn 0.0000 -0.1939 0.9810
vn -0.1914 -0.1939 0.9622
vn -0.1804 -0.3805 0.9070
vn -0.0000 0.8286 0.5598
vn -0.1092 0.8286 0.5490
vn -0.0000 -0.5528 0.8333
vn -0.1626 -0.5528 0.8173
vn 0.0000 0.7041 0.7101
vn -0.1385 0.7041 0.6965
vn 0.0000 -0.7041 0.7101
vn -0.1385 -0.7041 0.6965
vn 0.0000 0.5528 0.8333
vn -0.1626 0.5528 0.8173
vn 0.0000 -0.8286 0.5598
vn -0.1092 -0.8286 0.5490
vn 0.0000 0.3805 0.9248
vn -0.1804 0.3805 0.9070
vn 0.0000 -0.9217 0.3879
vn -0.0757 -0.9217 0.3804
vn 0.0000 0.1939 0.9810
vn -0.1914 0.1939 0.9622
vn -0.0000 -0.9796 0.2010
vn -0.0392 -0.9796 0.1971
vn -0.1951 -0.0000 0.9808
vn 0.0000 1.0000 0.0000
vn 0.0000 -1.0000 -0.0000
vn -0.3754 0.1939 0.9063
vn -0.3827 0.0000 0.9239
vn -0.0769 0.9796 0.1857
vn -0.0769 -0.9796 0.1857
vn -0.3754 -0.1939 0.9063
vn -0.1484 0.9217 0.3584
vn -0.3539 -0.3805 0.8544
vn -0.2142 0.8286 0.5172
vn -0.3189 -0.5528 0.7699
vn -0.2718 0.7040 0.6561
vn -0.2718 -0.7041 0.6561
vn -0.3189 0.5528 0.7699
vn -0.2142 -0.8286 0.5172
vn -0.3539 0.3805 0.8544
vn -0.1484 -0.9217 0.3584
vn -0.4630 -0.5528 0.6929
vn -0.3945 -0.7041 0.5905
vn -0.3945 0.7041 0.5905
vn -0.4630 0.5528 0.6929
vn -0.3110 -0.8287 0.4654
vn -0.5137 0.3805 0.7689
vn -0.2155 -0.9217 0.3225
vn -0.5450 0.1939 0.8157
vn -0.1116 -0.9796 0.1671
vn -0.5556 0.0000 0.8315
vn -0.1116 0.9796 0.1671
vn -0.5450 -0.1939 0.8157
vn -0.2155 0.9217 0.3225
vn -0.5138 -0.3805 0.7689
vn -0.3110 0.8286 0.4654
vn -0.1421 -0.9796 0.1421
vn -0.7071 -0.0000 0.7071
vn -0.6937 -0.1939 0.6937
vn -0.1421 0.9796 0.1421
vn -0.2743 0.9217 0.2743
vn -0.6539 -0.3805 0.6539
vn -0.3958 0.8286 0.3958
vn -0.5893 -0.5528 0.5893
vn -0.5021 0.7041 0.5022
vn -0.5021 -0.7041 0.5022
vn -0.5892 0.5528 0.5893
vn -0.3958 -0.8286 0.3958
vn -0.6539 0.3805 0.6539
vn -0.2743 -0.9217 0.2743
vn -0.6937 0.1939 0.6937
vn -0.5905 -0.7040 0.3945
vn -0.4655 -0.8286 0.3110
vn -0.6929 0.5528 0.4630
vn -0.7689 0.3805 0.5138
vn -0.3225 -0.9217 0.2155
vn -0.8157 0.1939 0.5450
vn -0.1671 -0.9796 0.1117
vn -0.8315 0.0000 0.5556
vn -0.1671 0.9796 0.1117
vn -0.8157 -0.1939 0.5450
vn -0.3225 0.9217 0.2155
vn -0.7689 -0.3805 0.5138
vn -0.4655 0.8286 0.3110
vn -0.6929 -0.5528 0.4630
vn -0.5905 0.7041 0.3945
vn -0.1857 0.9796 0.0769
vn -0.3584 0.9217 0.1484
vn -0.9063 -0.1939 0.3754
vn -0.8544 -0.3805 0.3539
vn -0.5172 0.8286 0.2142
vn -0.7699 -0.5527 0.3189
vn -0.6561 0.7041 0.2718
vn -0.6561 -0.7041 0.2718
vn -0.7699 0.5527 0.3189
vn -0.5172 -0.8286 0.2142
vn -0.8544 0.3805 0.3539
vn -0.3584 -0.9217 0.1484
vn -0.9063 0.1939 0.3754
vn -0.1857 -0.9796 0.0769
vn -0.9239 -0.0000 0.3827
vn -0.8173 0.5528 0.1626
vn -0.9070 0.3805 0.1804
vn -0.5490 -0.8286 0.1092
vn -0.3804 -0.9217 0.0757
vn -0.9622 0.1939 0.1914
vn -0.1971 -0.9796 0.0392
vn -0.9808 -0.0000 0.1951
vn -0.1971 0.9796 0.0392
vn -0.9622 -0.1939 0.1914
vn -0.3804 0.9217 0.0757
vn -0.9070 -0.3805 0.1804
vn -0.5490 0.8287 0.1092
vn -0.8173 -0.5528 0.1626
vn -0.6965 0.7041 0.1385
vn -0.6965 -0.7041 0.1385
vn -0.9810 -0.1939 -0.0000
vn -0.9248 -0.3805 -0.0000
vn -0.3879 0.9217 0.0000
vn -0.5598 0.8286 0.0000
vn -0.8333 -0.5528 0.0000
vn -0.7101 0.7041 0.0000
vn -0.7102 -0.7040 0.0000
vn -0.8333 0.5528 0.0000
vn -0.5598 -0.8286 -0.0000
vn -0.9248 0.3805 -0.0000
vn -0.3879 -0.9217 -0.0000
vn -0.9810 0.1939 0.0000
vn -0.2010 -0.9796 -0.0000
vn -0.2010 0.9796 0.0000
vn -0.5490 -0.8286 -0.1092
vn -0.3804 -0.9217 -0.0757
vn -0.9070 0.3805 -0.1804
vn -0.9622 0.1939 -0.1914
vn -0.1971 -0.9796 -0.0392
vn -0.9808 -0.0000 -0.1951
vn -0.1971 0.9796 -0.0392
vn -0.9622 -0.1939 -0.1914
vn -0.3804 0.9217 -0.0757
vn -0.9070 -0.3805 -0.1804
vn -0.5490 0.8286 -0.1092
vn -0.8173 -0.5528 -0.1626
vn -0.6965 0.7040 -0.1385
vn -0.6965 -0.7041 -0.1385
vn -0.8173 0.5528 -0.1626
vn -0.3583 0.9217 -0.1484
vn -0.5172 0.8287 -0.2142
vn -0.8544 -0.3805 -0.3539
vn -0.7699 -0.5528 -0.3189
vn -0.6561 0.7041 -0.2718
vn -0.6561 -0.7041 -0.2718
vn -0.7699 0.5528 -0.3189
vn -0.5171 -0.8287 -0.2142
vn -0.8544 0.3805 -0.3539
vn -0.3583 -0.9217 -0.1484
vn -0.9063 0.1939 -0.3754
vn -0.1857 -0.9796 -0.0769
vn -0.9239 0.0000 -0.3827
vn -0.1857 0.9796 -0.0769
vn -0.9063 -0.1939 -0.3754
vn -0.7689 0.3805 -0.5138
vn -0.8157 0.1939 -0.5450
vn -0.3225 -0.9217 -0.2155
vn -0.1671 -0.9796 -0.1117
vn -0.8315 0.0000 -0.5556
vn -0.1671 0.9796 -0.1117
vn -0.8157 -0.1939 -0.5450
vn -0.3225 0.9217 -0.2155
vn -0.7689 -0.3805 -0.5138
vn -0.4655 0.8286 -0.3110
vn -0.6929 -0.5528 -0.4630
vn -0.5905 0.7041 -0.3945
vn -0.5905 -0.7041 -0.3945
vn -0.6929 0.5528 -0.4630
vn -0.4655 -0.8286 -0.3110
vn -0.6539 -0.3805 -0.6539
vn -0.5892 -0.5528 -0.5893
vn -0.3958 0.8286 -0.3958
vn -0.5021 0.7041 -0.5022
vn -0.5021 -0.7041 -0.5022
vn -0.5893 0.5528 -0.5893
vn -0.3958 -0.8286 -0.3958
vn -0.6539 0.3805 -0.6539
vn -0.2743 -0.9217 -0.2743
vn -0.6937 0.1939 -0.6937
vn -0.1421 -0.9796 -0.1421
vn -0.7071 -0.0000 -0.7071
vn -0.1421 0.9796 -0.1421
vn -0.6937 -0.1939 -0.6937
vn -0.2743 0.9217 -0.2743
vn -0.2155 -0.9217 -0.3225
vn -0.1117 -0.9796 -0.1671
vn -0.5450 0.1939 -0.8157
vn -0.5556 0.0000 -0.8315
vn -0.1117 0.9796 -0.1671
vn -0.5450 -0.1939 -0.8157
vn -0.2155 0.9217 -0.3225
vn -0.5138 -0.3805 -0.7689
vn -0.3110 0.8286 -0.4654
vn -0.4630 -0.5528 -0.6929
vn -0.3945 0.7041 -0.5905
vn -0.3945 -0.7041 -0.5905
vn -0.4630 0.5528 -0.6929
vn -0.3110 -0.8286 -0.4654
vn -0.5138 0.3805 -0.7689
vn -0.3189 -0.5528 -0.7699
vn -0.2718 -0.7041 -0.6561
vn -0.2718 0.7041 -0.6561
vn -0.3189 0.5528 -0.7699
vn -0.2142 -0.8286 -0.5172
vn -0.3539 0.3805 -0.8544
vn -0.1484 -0.9217 -0.3584
vn -0.3754 0.1939 -0.9063
vn -0.0769 -0.9796 -0.1857
vn -0.3827 0.0000 -0.9239
vn -0.0769 0.9796 -0.1857
vn -0.3754 -0.1939 -0.9063
vn -0.1484 0.9217 -0.3584
vn -0.3539 -0.3805 -0.8544
vn -0.2142 0.8286 -0.5172
vn -0.0392 0.9796 -0.1971
vn -0.0392 -0.9796 -0.1971
vn -0.1951 0.0000 -0.9808
vn -0.1914 -0.1939 -0.9622
vn -0.0756 0.9217 -0.3804
vn -0.1804 -0.3805 -0.9070
vn -0.1092 0.8286 -0.5490
vn -0.1626 -0.5528 -0.8173
vn -0.1385 0.7041 -0.6965
vn -0.1386 -0.7041 -0.6965
vn -0.1626 0.5528 -0.8173
vn -0.1092 -0.8286 -0.5490
vn -0.1804 0.3805 -0.9070
vn -0.0756 -0.9217 -0.3804
vn -0.1914 0.1939 -0.9622
vn 0.0000 0.7041 -0.7101
vn 0.0000 0.5528 -0.8333
vn 0.0000 -0.7041 -0.7101
vn 0.0000 -0.8286 -0.5598
vn -0.0000 0.3805 -0.9248
vn 0.0000 -0.9217 -0.3879
vn 0.0000 0.1939 -0.9810
vn -0.0000 -0.9796 -0.2010
vn -0.0000 0.9796 -0.2010
vn 0.0000 -0.1939 -0.9810
vn 0.0000 0.9217 -0.3879
vn -0.0000 -0.3805 -0.9248
vn 0.0000 0.8286 -0.5598
vn -0.0000 -0.5528 -0.8333
vn 0.1951 0.0000 -0.9808
vn 0.1914 -0.1939 -0.9622
vn 0.0392 0.9796 -0.1971
vn 0.0756 0.9217 -0.3804
vn 0.1804 -0.3805 -0.9070
vn 0.1092 0.8286 -0.5490
vn 0.1626 -0.5528 -0.8173
vn 0.1385 0.7041 -0.6965
vn 0.1386 -0.7041 -0.6965
vn 0.1626 0.5528 -0.8173
vn 0.1092 -0.8286 -0.5490
vn 0.1804 0.3805 -0.9070
vn 0.0756 -0.9217 -0.3804
vn 0.1914 0.1939 -0.9622
vn 0.0392 -0.9796 -0.1971
vn 0.2718 -0.7041 -0.6561
vn 0.2142 -0.8286 -0.5172
vn 0.3189 0.5528 -0.7699
vn 0.3539 0.3805 -0.8544
vn 0.1484 -0.9217 -0.3584
vn 0.3754 0.1939 -0.9063
vn 0.0769 -0.9796 -0.1857
vn 0.3827 0.0000 -0.9239
vn 0.0769 0.9796 -0.1857
vn 0.3754 -0.1939 -0.9063
vn 0.1484 0.9217 -0.3584
vn 0.3539 -0.3805 -0.8544
vn 0.2142 0.8286 -0.5172
vn 0.3189 -0.5528 -0.7699
vn 0.2718 0.7041 -0.6561
vn 0.1117 0.9796 -0.1671
vn 0.2155 0.9217 -0.3225
vn 0.5450 -0.1939 -0.8157
vn 0.5138 -0.3805 -0.7689
vn 0.3110 0.8286 -0.4654
vn 0.4630 -0.5528 -0.6929
vn 0.3945 0.7041 -0.5905
vn 0.3945 -0.7041 -0.5905
vn 0.4630 0.5528 -0.6929
vn 0.3110 -0.8286 -0.4654
vn 0.5138 0.3805 -0.7689
vn 0.2155 -0.9217 -0.3225
vn 0.5450 0.1939 -0.8157
vn 0.1117 -0.9796 -0.1671
vn 0.5556 0.0000 -0.8315
vn 0.5893 0.5528 -0.5893
vn 0.6539 0.3805 -0.6539
vn 0.3958 -0.8287 -0.3958
vn 0.2743 -0.9217 -0.2743
vn 0.6937 0.1939 -0.6937
vn 0.1421 -0.9796 -0.1421
vn 0.7071 -0.0000 -0.7071
vn 0.1421 0.9796 -0.1421
vn 0.6937 -0.1939 -0.6937
vn 0.2743 0.9217 -0.2743
vn 0.6539 -0.3805 -0.6539
vn 0.3958 0.8286 -0.3958
vn 0.5893 -0.5528 -0.5893
vn 0.5021 0.7041 -0.5022
vn 0.5021 -0.7041 -0.5022
vn 0.8157 -0.1939 -0.5450
vn 0.7689 -0.3805 -0.5138
vn 0.3225 0.9217 -0.2155
vn 0.4655 0.8286 -0.3110
vn 0.6929 -0.5527 -0.4630
vn 0.5905 0.7041 -0.3945
vn 0.5905 -0.7040 -0.3945
vn 0.6929 0.5528 -0.4630
vn 0.4654 -0.8286 -0.3110
vn 0.7689 0.3805 -0.5138
vn 0.3225 -0.9217 -0.2155
vn 0.8157 0.1939 -0.5450
vn 0.1671 -0.9796 -0.1117
vn 0.8315 -0.0000 -0.5556
vn 0.1671 0.9796 -0.1117
vn 0.5172 -0.8286 -0.2142
vn 0.3584 -0.9217 -0.1484
vn 0.8544 0.3805 -0.3539
vn 0.9063 0.1939 -0.3754
vn 0.1857 -0.9796 -0.0769
vn 0.9239 0.0000 -0.3827
vn 0.1857 0.9796 -0.0769
vn 0.9063 -0.1939 -0.3754
vn 0.3583 0.9217 -0.1484
vn 0.8544 -0.3805 -0.3539
vn 0.5172 0.8287 -0.2142
vn 0.7699 -0.5528 -0.3189
vn 0.6561 0.7041 -0.2718
vn 0.6561 -0.7041 -0.2718
vn 0.7699 0.5528 -0.3189
vn 0.9070 -0.3805 -0.1804
vn 0.8173 -0.5528 -0.1626
vn 0.5490 0.8286 -0.1092
vn 0.6965 0.7040 -0.1385
vn 0.6965 -0.7041 -0.1385
vn 0.8173 0.5528 -0.1626
vn 0.5490 -0.8286 -0.1092
vn 0.9070 0.3805 -0.1804
vn 0.3804 -0.9217 -0.0757
vn 0.9622 0.1939 -0.1914
vn 0.1971 -0.9796 -0.0392
vn 0.9808 -0.0000 -0.1951
vn 0.1971 0.9796 -0.0392
vn 0.9622 -0.1939 -0.1914
vn 0.3804 0.9217 -0.0757
vn 0.3879 -0.9217 -0.0000
vn 0.2010 -0.9796 -0.0000
vn 0.9810 0.1939 0.0000
vn 0.2010 0.9796 0.0000
vn 0.9810 -0.1939 -0.0000
vn 0.3879 0.9217 0.0000
vn 0.9248 -0.3805 -0.0000
vn 0.5598 0.8286 0.0000
vn 0.8333 -0.5528 -0.0000
vn 0.7101 0.7041 0.0000
vn 0.7101 -0.7041 -0.0000
vn 0.8333 0.5528 0.0000
vn 0.5598 -0.8286 0.0000
vn 0.9248 0.3805 -0.0000
vn 0.5490 0.8287 0.1092
vn 0.6965 0.7041 0.1385
vn 0.8173 -0.5528 0.1626
vn 0.6965 -0.7041 0.1385
vn 0.8173 0.5528 0.1626
vn 0.5490 -0.8287 0.1092
vn 0.9070 0.3805 0.1804
vn 0.3804 -0.9217 0.0757
vn 0.9622 0.1939 0.1914
vn 0.1971 -0.9796 0.0392
vn 0.9808 -0.0000 0.1951
vn 0.1971 0.9796 0.0392
vn 0.9622 -0.1939 0.1914
vn 0.3804 0.9217 0.0757
vn 0.9070 -0.3805 0.1804
vn 0.9063 0.1939 0.3754
vn 0.9239 0.0000 0.3827
vn 0.1857 0.9796 0.0769
vn 0.1857 -0.9796 0.0769
vn 0.9063 -0.1939 0.3754
vn 0.3584 0.9217 0.1484
vn 0.8544 -0.3805 0.3539
vn 0.5172 0.8286 0.2142
vn 0.7699 -0.5528 0.3189
vn 0.6561 0.7041 0.2718
vn 0.6561 -0.7041 0.2718
vn 0.7699 0.5527 0.3189
vn 0.5172 -0.8286 0.2142
vn 0.8544 0.3805 0.3539
vn 0.3584 -0.9217 0.1484
vn 0.6929 -0.5528 0.4630
vn 0.5905 -0.7041 0.3945
vn 0.5905 0.7041 0.3945
vn 0.6929 0.5528 0.4630
vn 0.4654 -0.8286 0.3110
vn 0.7689 0.3805 0.5138
vn 0.3225 -0.9217 0.2155
vn 0.8157 0.1939 0.5450
vn 0.1671 -0.9796 0.1117
vn 0.8315 0.0000 0.5556
vn 0.1671 0.9796 0.1117
vn 0.8157 -0.1939 0.5450
vn 0.3225 0.9217 0.2155
vn 0.7689 -0.3805 0.5138
vn 0.4655 0.8286 0.3110
vn 0.1421 0.9796 0.1421
vn 0.1421 -0.9796 0.1421
vn 0.7071 -0.0000 0.7071
vn 0.6937 -0.1939 0.6937
vn 0.2743 0.9217 0.2743
vn 0.6539 -0.3805 0.6539
vn 0.3958 0.8287 0.3958
vn 0.5893 -0.5528 0.5893
vn 0.5021 0.7041 0.5021
vn 0.5021 -0.7041 0.5021
vn 0.5892 0.5528 0.5893
vn 0.3958 -0.8287 0.3958
vn 0.6539 0.3805 0.6539
vn 0.2743 -0.9217 0.2743
vn 0.6937 0.1939 0.6937
vn 0.3945 0.7041 0.5905
vn 0.4630 0.5528 0.6929
vn 0.3945 -0.7041 0.5905
vn 0.3110 -0.8286 0.4654
vn 0.5137 0.3805 0.7689
vn 0.2155 -0.9217 0.3225
vn 0.5450 0.1939 0.8157
vn 0.1116 -0.9796 0.1671
vn 0.5556 0.0000 0.8315
vn 0.1116 0.9796 0.1671
vn 0.5450 -0.1939 0.8157
vn 0.2155 0.9217 0.3225
vn 0.5138 -0.3805 0.7689
vn 0.3110 0.8286 0.4654
vn 0.4630 -0.5528 0.6929
vn 0.3827 -0.0000 0.9239
vn 0.3754 -0.1939 0.9063
vn 0.0769 0.9796 0.1857
vn 0.1484 0.9217 0.3584
vn 0.3539 -0.3805 0.8544
vn 0.2142 0.8286 0.5172
vn 0.3189 -0.5528 0.7699
vn 0.2718 0.7040 0.6561
vn 0.2718 -0.7041 0.6561
vn 0.3189 0.5528 0.7699
vn 0.2142 -0.8286 0.5172
vn 0.3539 0.3805 0.8544
vn 0.1484 -0.9217 0.3584
vn 0.3754 0.1939 0.9063
vn 0.0769 -0.9796 0.1857
vn 0.1385 -0.7041 0.6965
vn 0.1092 -0.8286 0.5490
vn 0.1626 0.5528 0.8173
vn 0.1804 0.3805 0.9070
vn 0.0757 -0.9217 0.3804
vn 0.1914 0.1939 0.9622
vn 0.0392 -0.9796 0.1971
vn 0.1951 -0.0000 0.9808
vn 0.0392 0.9796 0.1971
vn 0.1914 -0.1939 0.9622
vn 0.0757 0.9217 0.3804
vn 0.1804 -0.3805 0.9070
vn 0.1092 0.8286 0.5490
vn 0.1626 -0.5528 0.8173
vn 0.1385 0.7041 0.6965
vn -0.9997 -0.0241 0.0000
vn -0.5785 -0.8157 0.0000
vn -0.0663 0.9978 0.0000
vn -0.0061 1.0000 0.0000
vn -0.8186 -0.5744 0.0000
vn -0.7474 -0.6644 0.0000
vn 0.6429 0.7659 0.0000
vn 0.6389 0.7693 0.0000
vn 0.6349 0.7726 0.0000
vn 0.8678 -0.4970 0.0000
vn 0.0273 -0.9996 0.0000
vn 0.9869 0.1611 0.0000
vn 0.4353 -0.9003 0.0000
vn -0.6025 0.7981 0.0000
vn 0.9986 0.0521 0.0000
vn 0.0521 -0.9986 0.0000
vn -0.0521 0.9986 0.0000
vn 0.9999 -0.0163 0.0000
vn -0.0702 0.9975 0.0000
vn -0.9583 -0.2857 0.0000
vn 0.8708 -0.4916 0.0000
vn 0.9601 0.2796 0.0000
vn -0.9734 -0.2292 0.0000
vn 0.8467 0.5321 0.0000
vn -0.6132 -0.7899 0.0000
vn 0.6989 0.7152 0.0000
vn -0.1083 -0.9941 0.0000
vn -0.4127 -0.9109 0.0000
vn 0.5221 0.8529 0.0000
vn 0.9511 -0.3089 -0.0000
vn 0.3273 0.9449 0.0000
usemtl Material.012
s 1
f 9801/15985/3612 9802/15986/3612 9804/15987/3612 9803/15988/3612
f 9803/15988/3613 9804/15987/3613 9806/15989/3613 9805/15990/3613
f 9805/15990/3614 9806/15989/3614 9808/15991/3614 9807/15992/3614
f 9807/15992/3615 9808/15991/3615 9810/15993/3615 9809/15994/3615
f 9809/15994/3616 9810/15993/3616 9812/15995/3616 9811/15996/3616
f 9811/15996/3617 9812/15995/3617 9814/15997/3617 9813/15998/3617
f 9813/15998/3618 9814/15997/3618 9816/15999/3618 9815/16000/3618
f 9815/16000/3619 9816/15999/3619 9818/16001/3619 9817/16002/3619
f 9817/16002/3620 9818/16001/3620 9820/16003/3620 9819/16004/3620
f 9819/16004/3621 9820/16003/3621 9822/16005/3621 9821/16006/3621
f 9821/16006/3622 9822/16005/3622 9824/16007/3622 9823/16008/3622
f 9823/16008/3623 9824/16007/3623 9826/16009/3623 9825/16010/3623
f 9825/16010/3624 9826/16009/3624 9828/16011/3624 9827/16012/3624
f 9827/16012/3625 9828/16011/3625 9830/16013/3625 9829/16014/3625
f 9829/16014/3626 9830/16013/3626 9832/16015/3626 9831/16016/3626
f 9831/16016/3627 9832/16015/3627 9834/16017/3627 9833/16018/3627
f 9833/16018/3628 9834/16017/3628 9836/16019/3628 9835/16020/3628
f 9835/16020/3629 9836/16019/3629 9838/16021/3629 9837/16022/3629
f 9837/16022/3630 9838/16021/3630 9840/16023/3630 9839/16024/3630
f 9839/16024/3631 9840/16023/3631 9842/16025/3631 9841/16026/3631
f 9841/16026/3632 9842/16025/3632 9844/16027/3632 9843/16028/3632
f 9843/16028/3633 9844/16027/3633 9846/16029/3633 9845/16030/3633
f 9845/16030/3634 9846/16029/3634 9848/16031/3634 9847/16032/3634
f 9847/16032/3635 9848/16031/3635 9850/16033/3635 9849/16034/3635
f 9849/16034/3636 9850/16033/3636 9852/16035/3636 9851/16036/3636
f 9851/16036/3637 9852/16035/3637 9854/16037/3637 9853/16038/3637
f 9853/16038/3638 9854/16037/3638 9856/16039/3638 9855/16040/3638
f 9855/16040/3639 9856/16039/3639 9858/16041/3639 9857/16042/3639
f 9857/16042/3640 9858/16041/3640 9860/16043/3640 9859/16044/3640
f 9859/16044/3641 9860/16043/3641 9862/16045/3641 9861/16046/3641
f 9804/16047/3642 9802/16048/3642 9864/16049/3642 9862/16050/3642 9860/16051/3642 9858/16052/3642 9856/16053/3642 9854/16054/3642 9852/16055/3642 9850/16056/3642 9848/16057/3642 9846/16058/3642 9844/16059/3642 9842/16060/3642 9840/16061/3642 9838/16062/3642 9836/16063/3642 9834/16064/3642 9832/16065/3642 9830/16066/3642 9828/16067/3642 9826/16068/3642 9824/16069/3642 9822/16070/3642 9820/16071/3642 9818/16072/3642 9816/16073/3642 9814/16074/3642 9812/16075/3642 9810/16076/3642 9808/16077/3642 9806/16078/3642
f 9861/16046/3643 9862/16045/3643 9864/16079/3643 9863/16080/3643
f 9863/16080/3644 9864/16079/3644 9802/16081/3644 9801/16082/3644
f 9801/16083/3645 9803/16084/3645 9805/16085/3645 9807/16086/3645 9809/16087/3645 9811/16088/3645 9813/16089/3645 9815/16090/3645 9817/16091/3645 9819/16092/3645 9821/16093/3645 9823/16094/3645 9825/16095/3645 9827/16096/3645 9829/16097/3645 9831/16098/3645 9833/16099/3645 9835/16100/3645 9837/16101/3645 9839/16102/3645 9841/16103/3645 9843/16104/3645 9845/16105/3645 9847/16106/3645 9849/16107/3645 9851/16108/3645 9853/16109/3645 9855/16110/3645 9857/16111/3645 9859/16112/3645 9861/16113/3645 9863/16114/3645
f 9865/16115/3646 9869/16116/3646 9871/16117/3646 9867/16118/3646
f 9883/16119/3647 9867/16120/3647 9871/16121/3647 9881/16122/3647
f 9881/16122/3648 9871/16121/3648 9869/16123/3648 9884/16124/3648
f 9870/16125/3649 9866/16126/3649 9868/16127/3649 9872/16128/3649
f 9882/16129/3650 9865/16130/3650 9867/16131/3650 9883/16132/3650
f 9884/16133/3651 9869/16134/3651 9865/16135/3651 9882/16136/3651
f 9891/16137/3651 9876/16138/3651 9873/16139/3651 9889/16140/3651
f 9889/16141/3652 9873/16142/3652 9875/16143/3652 9890/16144/3652
f 9892/16145/3653 9874/16146/3653 9876/16147/3653 9891/16148/3653
f 9890/16149/3647 9875/16150/3647 9874/16146/3647 9892/16145/3647
f 9887/16151/3651 9880/16152/3651 9878/16153/3651 9885/16154/3651
f 9885/16155/3654 9878/16156/3654 9879/16157/3654 9886/16158/3654
f 9888/16159/3655 9877/16160/3655 9880/16161/3655 9887/16162/3655
f 9886/16163/3647 9879/16164/3647 9877/16160/3647 9888/16159/3647
f 9880/16152/3651 9884/16133/3651 9882/16136/3651 9878/16153/3651
f 9878/16156/3656 9882/16129/3656 9883/16132/3656 9879/16157/3656
f 9877/16160/3657 9881/16122/3657 9884/16124/3657 9880/16161/3657
f 9879/16164/3647 9883/16119/3647 9881/16122/3647 9877/16160/3647
f 9875/16150/3647 9886/16163/3647 9888/16159/3647 9874/16146/3647
f 9874/16146/3658 9888/16159/3658 9887/16162/3658 9876/16147/3658
f 9873/16142/3659 9885/16155/3659 9886/16158/3659 9875/16143/3659
f 9876/16138/3651 9887/16151/3651 9885/16154/3651 9873/16139/3651
f 9868/16165/3647 9890/16149/3647 9892/16145/3647 9872/16166/3647
f 9872/16166/3660 9892/16145/3660 9891/16148/3660 9870/16125/3660
f 9866/16167/3661 9889/16141/3661 9890/16144/3661 9868/16168/3661
f 9870/16169/3651 9891/16137/3651 9889/16140/3651 9866/16126/3651
f 9914/16170/3662 9913/16171/3662 9912/16172/3662 9911/16173/3662
f 9936/16174/3663 9905/16175/3651 9900/16176/3651 9931/16177/3651
f 9931/16177/3664 9900/16176/3664 9898/16178/3664 9932/16179/3664
f 9933/16180/3647 9904/16181/3647 9894/16182/3647 9929/16183/3647
f 9907/16184/3665 9899/16185/3665 9897/16186/3665 9906/16187/3665
f 9902/16188/3666 9896/16189/3666 9894/16190/3666 9904/16191/3666
f 9905/16192/3667 9902/16188/3667 9904/16191/3667 9908/16193/3667
f 9895/16194/3668 9901/16195/3668 9903/16196/3668 9893/16197/3668
f 9935/16198/3647 9908/16199/3647 9904/16181/3647 9933/16180/3647
f 9930/16200/3651 9896/16201/3651 9902/16202/3651 9934/16203/3651
f 9932/16179/3669 9898/16178/3647 9908/16199/3647 9935/16198/3647
f 9900/16176/3670 9905/16192/3670 9908/16193/3670 9898/16178/3670
f 9901/16195/3665 9907/16184/3665 9906/16187/3665 9903/16196/3665
f 9934/16203/3651 9902/16202/3651 9905/16175/3651 9936/16174/3663
f 9912/16204/3651 9938/16205/3651 9950/16206/3651 9949/16207/3651
f 9916/16208/3671 9915/16209/3671 9910/16210/3671 9909/16211/3671
f 9940/16212/3651 9916/16213/3651 9909/16214/3651 9938/16205/3651
f 9939/16215/3647 9914/16216/3647 9911/16217/3647 9937/16218/3647
f 9942/16219/3647 9917/16220/3647 9914/16216/3647 9939/16215/3647
f 9941/16221/3651 9918/16222/3651 9916/16213/3651 9940/16212/3651
f 9918/16223/3672 9920/16224/3672 9915/16209/3672 9916/16208/3672
f 9917/16225/3673 9919/16226/3673 9913/16171/3673 9914/16170/3673
f 9921/16227/3674 9923/16228/3674 9919/16226/3674 9917/16225/3674
f 9922/16229/3675 9924/16230/3675 9920/16224/3675 9918/16223/3675
f 9944/16231/3651 9922/16232/3651 9918/16222/3651 9941/16221/3651
f 9943/16233/3647 9921/16234/3647 9917/16220/3647 9942/16219/3647
f 9946/16235/3647 9925/16236/3647 9921/16234/3647 9943/16233/3647
f 9945/16237/3651 9926/16238/3651 9922/16232/3651 9944/16231/3651
f 9976/16239/3647 9972/16240/3647 9962/16241/3647 9960/16242/3647
f 9925/16243/3676 9927/16244/3676 9923/16228/3676 9921/16227/3676
f 9894/16190/3677 9896/16189/3677 9927/16244/3677 9925/16243/3677
f 9975/16245/3678 9971/16246/3678 9964/16247/3678 9963/16248/3678
f 9930/16200/3651 9895/16249/3651 9926/16238/3651 9945/16237/3651
f 9929/16183/3647 9894/16182/3647 9925/16236/3647 9946/16235/3647
f 9893/16250/3647 9929/16183/3647 9946/16235/3647 9928/16251/3647
f 9896/16201/3651 9930/16200/3651 9945/16237/3651 9927/16252/3651
f 9927/16252/3651 9945/16237/3651 9944/16231/3651 9923/16253/3651
f 9928/16251/3647 9946/16235/3647 9943/16233/3647 9924/16254/3647
f 9924/16254/3647 9943/16233/3647 9942/16219/3647 9920/16255/3647
f 9923/16253/3651 9944/16231/3651 9941/16221/3651 9919/16256/3651
f 9919/16256/3651 9941/16221/3651 9940/16212/3651 9913/16257/3651
f 9920/16255/3647 9942/16219/3647 9939/16215/3647 9915/16258/3647
f 9915/16258/3647 9939/16215/3647 9937/16218/3647 9910/16259/3647
f 9913/16257/3651 9940/16212/3651 9938/16205/3651 9912/16204/3651
f 9910/16260/3679 9937/16261/3679 9938/16205/3679 9909/16214/3679
f 9901/16262/3663 9934/16203/3651 9936/16174/3663 9907/16263/3663
f 9897/16186/3669 9932/16179/3669 9935/16198/3647 9906/16264/3669
f 9895/16249/3651 9930/16200/3651 9934/16203/3651 9901/16262/3663
f 9906/16264/3669 9935/16198/3647 9933/16180/3647 9903/16265/3647
f 9903/16265/3647 9933/16180/3647 9929/16183/3647 9893/16250/3647
f 9899/16185/3664 9931/16177/3664 9932/16179/3664 9897/16186/3664
f 9907/16263/3663 9936/16174/3663 9931/16177/3651 9899/16185/3651
f 9947/16266/3680 9948/16267/3680 9949/16207/3680 9950/16206/3680
f 9937/16218/3647 9911/16217/3647 9948/16268/3647 9947/16269/3647
f 9956/16270/3681 9955/16271/3681 9952/16272/3681 9951/16273/3681
f 9938/16205/3682 9937/16261/3682 9947/16266/3682 9950/16206/3682
f 9951/16273/3683 9952/16272/3683 9954/16274/3683 9953/16275/3683
f 9958/16276/3684 9957/16277/3684 9953/16278/3684 9954/16279/3684
f 9957/16280/3647 9956/16281/3647 9951/16282/3647 9953/16283/3647
f 9955/16284/3651 9958/16276/3651 9954/16279/3651 9952/16285/3651
f 9912/16204/3651 9949/16207/3651 9958/16276/3651 9955/16284/3651
f 9948/16268/3647 9911/16217/3647 9956/16281/3647 9957/16280/3647
f 9949/16207/3685 9948/16267/3685 9957/16277/3685 9958/16276/3685
f 9911/16173/3681 9912/16172/3681 9955/16271/3681 9956/16270/3681
f 10011/16286/3647 10008/16287/3647 9987/16288/3647 9986/16289/3647
f 10010/16290/3651 10007/16291/3651 9985/16292/3651 9988/16293/3651
f 9971/16294/3651 9973/16295/3651 9961/16296/3651 9964/16297/3651
f 9973/16295/3651 9974/16298/3651 9959/16299/3651 9961/16296/3651
f 9974/16300/3686 9976/16301/3686 9960/16302/3686 9959/16303/3686
f 9972/16240/3647 9975/16304/3647 9963/16305/3647 9962/16241/3647
f 9980/16306/3647 9977/16307/3647 9966/16308/3647 9967/16309/3647
f 9982/16310/3687 9978/16311/3687 9968/16312/3687 9970/16313/3687
f 9981/16314/3651 9982/16315/3651 9970/16316/3651 9969/16317/3651
f 9979/16318/3651 9981/16314/3651 9969/16317/3651 9965/16319/3651
f 9977/16320/3688 9979/16321/3688 9965/16322/3688 9966/16323/3688
f 9978/16324/3647 9980/16306/3647 9967/16309/3647 9968/16325/3647
f 9967/16309/3647 9966/16308/3647 9975/16304/3647 9972/16240/3647
f 9970/16313/3689 9968/16312/3689 9976/16301/3689 9974/16300/3689
f 9969/16317/3651 9970/16316/3651 9974/16298/3651 9973/16295/3651
f 9965/16319/3651 9969/16317/3651 9973/16295/3651 9971/16294/3651
f 9966/16323/3690 9965/16322/3690 9971/16246/3690 9975/16245/3690
f 9968/16325/3647 9967/16309/3647 9972/16240/3647 9976/16239/3647
f 10038/16326/3691 10040/16327/3691 9980/16306/3647 9978/16324/3647
f 10037/16328/3688 10039/16329/3688 9979/16321/3688 9977/16320/3688
f 10039/16330/3651 10041/16331/3651 9981/16314/3651 9979/16318/3651
f 10041/16331/3651 10042/16332/3651 9982/16315/3651 9981/16314/3651
f 10042/16333/3692 10038/16334/3692 9978/16311/3693 9982/16310/3693
f 10040/16327/3691 10037/16335/3647 9977/16307/3647 9980/16306/3647
f 10047/16336/3694 10044/16337/3694 9993/16338/3694 9992/16339/3694
f 10046/16340/3695 10043/16341/3695 9991/16342/3695 9994/16343/3695
f 10012/16344/3696 10009/16345/3696 9984/16346/3696 9983/16347/3696
f 10009/16348/3647 10011/16286/3647 9986/16289/3647 9984/16349/3647
f 10008/16350/3697 10010/16351/3697 9988/16352/3697 9987/16353/3697
f 10007/16291/3651 10012/16354/3651 9983/16355/3651 9985/16292/3651
f 9991/16356/3698 9992/16357/3698 9993/16358/3698 9994/16359/3698
f 9989/16360/3699 9990/16361/3699 9992/16357/3699 9991/16356/3699
f 10048/16362/3700 10045/16363/3700 9990/16361/3700 9989/16360/3700
f 10045/16364/3701 10047/16336/3701 9992/16339/3701 9990/16365/3701
f 10044/16366/3702 10046/16367/3702 9994/16359/3702 9993/16358/3702
f 10043/16341/3703 10048/16368/3703 9989/16369/3703 9991/16342/3703
f 10004/16370/3651 10003/16371/3651 10000/16372/3651 9995/16373/3651
f 10005/16374/3704 10001/16375/3704 9996/16376/3704 9997/16377/3704
f 10006/16378/3669 10002/16379/3647 9998/16380/3647 9999/16381/3647
f 10003/16382/3705 10006/16383/3705 9999/16384/3705 10000/16385/3705
f 10001/16386/3651 10004/16370/3651 9995/16373/3651 9996/16387/3651
f 10002/16379/3647 10005/16388/3647 9997/16389/3647 9998/16380/3647
f 9962/16241/3647 9963/16305/3647 10005/16388/3647 10002/16379/3647
f 9964/16297/3651 9961/16296/3651 10004/16370/3651 10001/16386/3651
f 9959/16303/3705 9960/16302/3705 10006/16383/3705 10003/16382/3705
f 9960/16242/3647 9962/16241/3647 10002/16379/3647 10006/16378/3669
f 9963/16248/3706 9964/16247/3706 10001/16375/3706 10005/16374/3706
f 9961/16296/3651 9959/16299/3651 10003/16371/3651 10004/16370/3651
f 9995/16373/3651 10000/16372/3651 10012/16354/3651 10007/16291/3651
f 9997/16377/3707 9996/16376/3707 10010/16351/3707 10008/16350/3707
f 9999/16381/3647 9998/16380/3647 10011/16286/3647 10009/16348/3647
f 10000/16385/3708 9999/16384/3708 10009/16345/3708 10012/16344/3708
f 9996/16387/3651 9995/16373/3651 10007/16291/3651 10010/16290/3651
f 9998/16380/3647 9997/16389/3647 10008/16287/3647 10011/16286/3647
f 10028/16390/3651 10027/16391/3651 10018/16392/3709 10013/16393/3709
f 10029/16394/3710 10025/16395/3710 10014/16396/3710 10015/16397/3710
f 10030/16398/3691 10026/16399/3647 10016/16400/3647 10017/16401/3647
f 10027/16402/3711 10030/16403/3711 10017/16404/3711 10018/16405/3711
f 10025/16406/3651 10028/16390/3651 10013/16393/3709 10014/16407/3709
f 10026/16399/3647 10029/16408/3647 10015/16409/3691 10016/16400/3647
f 10013/16393/3709 10018/16392/3709 10024/16410/3651 10019/16411/3651
f 10015/16397/3712 10014/16396/3712 10022/16412/3712 10020/16413/3712
f 10017/16401/3647 10016/16400/3647 10023/16414/3647 10021/16415/3669
f 10018/16405/3713 10017/16404/3713 10021/16416/3713 10024/16417/3713
f 10014/16407/3709 10013/16393/3709 10019/16411/3651 10022/16418/3709
f 10016/16400/3647 10015/16409/3691 10020/16419/3691 10023/16414/3647
f 9986/16289/3647 9987/16288/3647 10029/16408/3647 10026/16399/3647
f 9988/16293/3651 9985/16292/3651 10028/16390/3651 10025/16406/3651
f 9983/16347/3714 9984/16346/3714 10030/16403/3714 10027/16402/3714
f 9984/16349/3647 9986/16289/3647 10026/16399/3647 10030/16398/3691
f 9987/16353/3715 9988/16352/3715 10025/16395/3715 10029/16394/3715
f 9985/16292/3651 9983/16355/3651 10027/16391/3651 10028/16390/3651
f 10019/16411/3651 10024/16410/3651 10036/16420/3716 10031/16421/3651
f 10020/16413/3717 10022/16412/3717 10034/16422/3717 10032/16423/3717
f 10021/16415/3669 10023/16414/3647 10035/16424/3647 10033/16425/3669
f 10024/16417/3718 10021/16416/3718 10033/16426/3719 10036/16427/3719
f 10022/16418/3709 10019/16411/3651 10031/16421/3651 10034/16428/3709
f 10023/16414/3647 10020/16419/3691 10032/16429/3691 10035/16424/3647
f 9928/16251/3720 9924/16254/3720 10037/16335/3720 10040/16327/3720
f 9895/16194/3692 9893/16197/3692 10038/16334/3692 10042/16333/3692
f 9926/16238/3721 9895/16249/3721 10042/16332/3721 10041/16331/3721
f 9922/16232/3722 9926/16238/3722 10041/16331/3722 10039/16330/3722
f 9924/16230/3688 9922/16229/3688 10039/16329/3688 10037/16328/3688
f 9893/16250/3723 9928/16251/3723 10040/16327/3723 10038/16326/3723
f 10031/16421/3651 10036/16420/3716 10048/16368/3651 10043/16341/3651
f 10032/16423/3724 10034/16422/3724 10046/16367/3702 10044/16366/3702
f 10033/16425/3669 10035/16424/3647 10047/16336/3647 10045/16364/3647
f 10036/16427/3719 10033/16426/3719 10045/16363/3700 10048/16362/3700
f 10034/16428/3709 10031/16421/3651 10043/16341/3651 10046/16340/3651
f 10035/16424/3647 10032/16429/3691 10044/16337/3647 10047/16336/3647
f 10049/16430/3725 10050/16431/3726 10052/16432/3726 10051/16433/3725
f 10051/16433/3727 10052/16432/3728 10054/16434/3728 10053/16435/3727
f 10053/16435/3729 10054/16434/3730 10056/16436/3730 10055/16437/3729
f 10055/16437/3731 10056/16436/3731 10058/16438/3731 10057/16439/3731
f 10057/16439/3732 10058/16438/3732 10060/16440/3732 10059/16441/3732
f 10059/16441/3733 10060/16440/3733 10062/16442/3733 10061/16443/3733
f 10061/16443/3734 10062/16442/3734 10064/16444/3734 10063/16445/3734
f 10063/16445/3735 10064/16444/3735 10066/16446/3735 10065/16447/3735
f 10065/16447/3736 10066/16446/3736 10068/16448/3736 10067/16449/3736
f 10067/16449/3737 10068/16448/3737 10070/16450/3737 10069/16451/3737
f 10069/16451/3738 10070/16450/3738 10072/16452/3738 10071/16453/3738
f 10071/16453/3739 10072/16452/3739 10074/16454/3739 10073/16455/3739
f 10073/16455/3740 10074/16454/3740 10076/16456/3740 10075/16457/3740
f 10075/16457/3741 10076/16456/3742 10078/16458/3742 10077/16459/3741
f 10077/16459/3743 10078/16458/3744 10080/16460/3744 10079/16461/3743
f 10079/16461/3745 10080/16460/3746 10082/16462/3746 10081/16463/3745
f 10081/16463/3747 10082/16462/3748 10084/16464/3748 10083/16465/3747
f 10083/16465/3749 10084/16464/3750 10086/16466/3750 10085/16467/3749
f 10085/16467/3751 10086/16466/3752 10088/16468/3752 10087/16469/3751
f 10087/16469/3753 10088/16468/3753 10090/16470/3753 10089/16471/3753
f 10089/16471/3754 10090/16470/3754 10092/16472/3754 10091/16473/3754
f 10091/16473/3755 10092/16472/3755 10094/16474/3755 10093/16475/3755
f 10093/16475/3756 10094/16474/3756 10096/16476/3756 10095/16477/3756
f 10095/16477/3757 10096/16476/3757 10098/16478/3757 10097/16479/3757
f 10097/16479/3758 10098/16478/3758 10100/16480/3758 10099/16481/3758
f 10099/16481/3759 10100/16480/3759 10102/16482/3759 10101/16483/3759
f 10101/16483/3760 10102/16482/3760 10104/16484/3760 10103/16485/3760
f 10103/16485/3761 10104/16484/3761 10106/16486/3761 10105/16487/3761
f 10105/16487/3762 10106/16486/3762 10108/16488/3762 10107/16489/3762
f 10107/16489/3763 10108/16488/3764 10110/16490/3764 10109/16491/3763
f 10054/16434/3728 10052/16432/3728 10113/16492/3765 10115/16493/3765
f 10109/16491/3766 10110/16490/3767 10112/16494/3767 10111/16495/3766
f 10111/16495/3768 10112/16494/3769 10050/16496/3769 10049/16497/3768
f 10049/16498/3645 10051/16499/3645 10053/16500/3645 10055/16501/3645 10057/16502/3645 10059/16503/3645 10061/16504/3645 10063/16505/3645 10065/16506/3645 10067/16507/3645 10069/16508/3645 10071/16509/3645 10073/16510/3645 10075/16511/3645 10077/16512/3645 10079/16513/3645 10081/16514/3645 10083/16515/3645 10085/16516/3645 10087/16517/3645 10089/16518/3645 10091/16519/3645 10093/16520/3645 10095/16521/3645 10097/16522/3645 10099/16523/3645 10101/16524/3645 10103/16525/3645 10105/16526/3645 10107/16527/3645 10109/16528/3645 10111/16529/3645
f 10113/16530/3642 10114/16531/3642 10144/16532/3642 10143/16533/3642 10142/16534/3642 10141/16535/3642 10140/16536/3642 10139/16537/3642 10138/16538/3642 10137/16539/3642 10136/16540/3642 10135/16541/3642 10134/16542/3642 10133/16543/3642 10132/16544/3642 10131/16545/3642 10130/16546/3642 10129/16547/3642 10128/16548/3642 10127/16549/3642 10126/16550/3642 10125/16551/3642 10124/16552/3642 10123/16553/3642 10122/16554/3642 10121/16555/3642 10120/16556/3642 10119/16557/3642 10118/16558/3642 10117/16559/3642 10116/16560/3642 10115/16561/3642
f 10072/16452/3622 10070/16450/3622 10123/16562/3622 10124/16563/3622
f 10090/16470/3631 10088/16468/3631 10132/16564/3631 10133/16565/3631
f 10108/16488/3640 10106/16486/3640 10141/16566/3640 10142/16567/3640
f 10064/16444/3618 10062/16442/3618 10119/16568/3618 10120/16569/3618
f 10082/16462/3746 10080/16460/3746 10128/16570/3627 10129/16571/3627
f 10100/16480/3636 10098/16478/3636 10137/16572/3636 10138/16573/3636
f 10056/16436/3730 10054/16434/3730 10115/16493/3614 10116/16574/3614
f 10074/16454/3623 10072/16452/3623 10124/16563/3623 10125/16575/3623
f 10092/16472/3632 10090/16470/3632 10133/16565/3632 10134/16576/3632
f 10110/16490/3764 10108/16488/3764 10142/16567/3641 10143/16577/3641
f 10066/16446/3619 10064/16444/3619 10120/16569/3619 10121/16578/3619
f 10084/16464/3748 10082/16462/3748 10129/16571/3628 10130/16579/3628
f 10102/16482/3637 10100/16480/3637 10138/16573/3637 10139/16580/3637
f 10058/16438/3615 10056/16436/3615 10116/16574/3615 10117/16581/3615
f 10076/16456/3624 10074/16454/3624 10125/16575/3624 10126/16582/3624
f 10094/16474/3633 10092/16472/3633 10134/16576/3633 10135/16583/3633
f 10112/16494/3767 10110/16490/3767 10143/16577/3770 10144/16584/3770
f 10068/16448/3620 10066/16446/3620 10121/16578/3620 10122/16585/3620
f 10086/16466/3750 10084/16464/3750 10130/16579/3771 10131/16586/3771
f 10104/16484/3638 10102/16482/3638 10139/16580/3638 10140/16587/3638
f 10060/16440/3616 10058/16438/3616 10117/16581/3616 10118/16588/3616
f 10078/16458/3742 10076/16456/3742 10126/16582/3625 10127/16589/3625
f 10096/16476/3634 10094/16474/3634 10135/16583/3634 10136/16590/3634
f 10052/16432/3726 10050/16431/3726 10114/16591/3612 10113/16492/3612
f 10050/16496/3769 10112/16494/3769 10144/16584/3644 10114/16592/3644
f 10070/16450/3621 10068/16448/3621 10122/16585/3621 10123/16562/3621
f 10088/16468/3752 10086/16466/3752 10131/16586/3630 10132/16564/3630
f 10106/16486/3639 10104/16484/3639 10140/16587/3639 10141/16566/3639
f 10062/16442/3617 10060/16440/3617 10118/16588/3617 10119/16568/3617
f 10080/16460/3744 10078/16458/3744 10127/16589/3772 10128/16570/3772
f 10098/16478/3635 10096/16476/3635 10136/16590/3635 10137/16572/3635
f 10145/16593/3773 10146/16594/3773 10148/16595/3773 10147/16596/3773
f 10147/16596/3774 10148/16595/3774 10150/16597/3774 10149/16598/3774
f 10149/16598/3775 10150/16597/3775 10152/16599/3775 10151/16600/3775
f 10151/16600/3776 10152/16599/3776 10154/16601/3776 10153/16602/3776
f 10153/16602/3777 10154/16601/3777 10156/16603/3777 10155/16604/3777
f 10155/16604/3778 10156/16603/3778 10158/16605/3778 10157/16606/3778
f 10157/16606/3779 10158/16605/3779 10160/16607/3779 10159/16608/3779
f 10159/16608/3780 10160/16607/3780 10162/16609/3780 10161/16610/3780
f 10161/16610/3781 10162/16609/3781 10164/16611/3781 10163/16612/3781
f 10163/16612/3782 10164/16611/3782 10166/16613/3782 10165/16614/3782
f 10165/16614/3783 10166/16613/3783 10168/16615/3783 10167/16616/3783
f 10167/16616/3784 10168/16615/3784 10170/16617/3784 10169/16618/3784
f 10169/16618/3785 10170/16617/3785 10172/16619/3785 10171/16620/3785
f 10171/16620/3786 10172/16619/3786 10174/16621/3786 10173/16622/3786
f 10173/16622/3787 10174/16621/3787 10176/16623/3787 10175/16624/3787
f 10175/16624/3788 10176/16623/3788 10178/16625/3788 10177/16626/3788
f 10177/16626/3789 10178/16625/3789 10180/16627/3789 10179/16628/3789
f 10179/16628/3790 10180/16627/3790 10182/16629/3790 10181/16630/3790
f 10181/16630/3791 10182/16629/3791 10184/16631/3791 10183/16632/3791
f 10183/16632/3792 10184/16631/3792 10186/16633/3792 10185/16634/3792
f 10185/16634/3793 10186/16633/3793 10188/16635/3793 10187/16636/3793
f 10187/16636/3794 10188/16635/3794 10190/16637/3794 10189/16638/3794
f 10189/16638/3795 10190/16637/3795 10192/16639/3795 10191/16640/3795
f 10191/16640/3796 10192/16639/3796 10194/16641/3796 10193/16642/3796
f 10193/16642/3797 10194/16641/3797 10196/16643/3797 10195/16644/3797
f 10195/16644/3798 10196/16643/3798 10198/16645/3798 10197/16646/3798
f 10197/16646/3799 10198/16645/3799 10200/16647/3799 10199/16648/3799
f 10199/16648/3800 10200/16647/3800 10202/16649/3800 10201/16650/3800
f 10201/16650/3801 10202/16649/3801 10204/16651/3801 10203/16652/3801
f 10203/16652/3802 10204/16651/3802 10206/16653/3802 10205/16654/3802
f 10148/16655/3642 10146/16656/3642 10208/16657/3642 10206/16658/3642 10204/16659/3642 10202/16660/3642 10200/16661/3642 10198/16662/3642 10196/16663/3642 10194/16664/3642 10192/16665/3642 10190/16666/3642 10188/16667/3642 10186/16668/3642 10184/16669/3642 10182/16670/3642 10180/16671/3642 10178/16672/3642 10176/16673/3642 10174/16674/3642 10172/16675/3642 10170/16676/3642 10168/16677/3642 10166/16678/3642 10164/16679/3642 10162/16680/3642 10160/16681/3642 10158/16682/3642 10156/16683/3642 10154/16684/3642 10152/16685/3642 10150/16686/3642
f 10205/16654/3803 10206/16653/3803 10208/16687/3803 10207/16688/3803
f 10207/16688/3804 10208/16687/3804 10146/16689/3804 10145/16690/3804
f 10145/16691/3645 10147/16692/3645 10149/16693/3645 10151/16694/3645 10153/16695/3645 10155/16696/3645 10157/16697/3645 10159/16698/3645 10161/16699/3645 10163/16700/3645 10165/16701/3645 10167/16702/3645 10169/16703/3645 10171/16704/3645 10173/16705/3645 10175/16706/3645 10177/16707/3645 10179/16708/3645 10181/16709/3645 10183/16710/3645 10185/16711/3645 10187/16712/3645 10189/16713/3645 10191/16714/3645 10193/16715/3645 10195/16716/3645 10197/16717/3645 10199/16718/3645 10201/16719/3645 10203/16720/3645 10205/16721/3645 10207/16722/3645
f 10210/16723/3805 10209/16724/3806 10219/16725/3807 10220/16726/3808
f 10686/16727/3809 10217/16728/3810 10227/16729/3811 10228/16730/3812
f 10211/16731/3813 10210/16723/3805 10220/16726/3808 10221/16732/3814
f 10687/16733/3815 10686/16727/3809 10228/16730/3812 10229/16734/3816
f 10212/16735/3817 10211/16731/3813 10221/16732/3814 10222/16736/3818
f 10688/16737/3819 10687/16733/3815 10229/16734/3816 10230/16738/3820
f 10213/16739/3821 10212/16735/3817 10222/16736/3818 10223/16740/3822
f 10218/16741/3823 10688/16737/3819 10230/16738/3820 10231/16742/3824
f 10214/16743/3825 10213/16739/3821 10223/16740/3822 10224/16744/3826
f 10689/16745/3827 10218/16741/3823 10231/16742/3824 10232/16746/3828
f 10215/16747/3829 10214/16743/3825 10224/16744/3826 10225/16748/3830
f 10690/16749/3831 10689/16745/3827 10232/16746/3828 10233/16750/3832
f 10216/16751/3651 10215/16747/3829 10225/16748/3830 10226/16752/3833
f 10209/16724/3806 10505/16753/3834 10219/16725/3807
f 10414/16754/3835 10690/16749/3831 10233/16750/3832
f 10217/16728/3810 10216/16751/3651 10226/16752/3833 10227/16729/3811
f 10226/16752/3833 10225/16748/3830 10240/16755/3836 10241/16756/3837
f 10219/16725/3807 10505/16757/3834 10234/16758/3838
f 10414/16759/3835 10233/16750/3832 10248/16760/3839
f 10227/16729/3811 10226/16752/3833 10241/16756/3837 10242/16761/3840
f 10220/16726/3808 10219/16725/3807 10234/16758/3838 10235/16762/3841
f 10228/16730/3812 10227/16729/3811 10242/16761/3840 10243/16763/3842
f 10221/16732/3814 10220/16726/3808 10235/16762/3841 10236/16764/3843
f 10229/16734/3816 10228/16730/3812 10243/16763/3842 10244/16765/3844
f 10222/16736/3818 10221/16732/3814 10236/16764/3843 10237/16766/3845
f 10230/16738/3820 10229/16734/3816 10244/16765/3844 10245/16767/3846
f 10223/16740/3822 10222/16736/3818 10237/16766/3845 10238/16768/3847
f 10231/16742/3824 10230/16738/3820 10245/16767/3846 10246/16769/3848
f 10224/16744/3826 10223/16740/3822 10238/16768/3847 10239/16770/3849
f 10232/16746/3828 10231/16742/3824 10246/16769/3848 10247/16771/3850
f 10225/16748/3830 10224/16744/3826 10239/16770/3849 10240/16755/3836
f 10233/16750/3832 10232/16746/3828 10247/16771/3850 10248/16760/3839
f 10245/16767/3846 10244/16765/3844 10259/16772/3851 10260/16773/3852
f 10238/16768/3847 10237/16766/3845 10252/16774/3853 10253/16775/3854
f 10246/16769/3848 10245/16767/3846 10260/16773/3852 10261/16776/3855
f 10239/16770/3849 10238/16768/3847 10253/16775/3854 10254/16777/3856
f 10247/16771/3850 10246/16769/3848 10261/16776/3855 10262/16778/3857
f 10240/16755/3836 10239/16770/3849 10254/16777/3856 10255/16779/3858
f 10248/16760/3839 10247/16771/3850 10262/16778/3857 10263/16780/3859
f 10241/16756/3837 10240/16755/3836 10255/16779/3858 10256/16781/3860
f 10234/16758/3838 10505/16782/3834 10249/16783/3861
f 10414/16784/3835 10248/16760/3839 10263/16780/3859
f 10242/16761/3840 10241/16756/3837 10256/16781/3860 10257/16785/3862
f 10235/16762/3841 10234/16758/3838 10249/16783/3861 10250/16786/3863
f 10243/16763/3842 10242/16761/3840 10257/16785/3862 10258/16787/3864
f 10236/16764/3843 10235/16762/3841 10250/16786/3863 10251/16788/3865
f 10244/16765/3844 10243/16763/3842 10258/16787/3864 10259/16772/3851
f 10237/16766/3845 10236/16764/3843 10251/16788/3865 10252/16774/3853
f 10414/16789/3835 10263/16780/3859 10278/16790/3866
f 10257/16785/3862 10256/16781/3860 10271/16791/3867 10272/16792/3868
f 10250/16786/3863 10249/16783/3861 10264/16793/3869 10265/16794/3870
f 10258/16787/3864 10257/16785/3862 10272/16792/3868 10273/16795/3871
f 10251/16788/3865 10250/16786/3863 10265/16794/3870 10266/16796/3872
f 10259/16772/3851 10258/16787/3864 10273/16795/3871 10274/16797/3873
f 10252/16774/3853 10251/16788/3865 10266/16796/3872 10267/16798/3874
f 10260/16773/3852 10259/16772/3851 10274/16797/3873 10275/16799/3875
f 10253/16775/3854 10252/16774/3853 10267/16798/3874 10268/16800/3876
f 10261/16776/3855 10260/16773/3852 10275/16799/3875 10276/16801/3877
f 10254/16777/3856 10253/16775/3854 10268/16800/3876 10269/16802/3878
f 10262/16778/3857 10261/16776/3855 10276/16801/3877 10277/16803/3879
f 10255/16779/3858 10254/16777/3856 10269/16802/3878 10270/16804/3880
f 10263/16780/3859 10262/16778/3857 10277/16803/3879 10278/16790/3866
f 10256/16781/3860 10255/16779/3858 10270/16804/3880 10271/16791/3867
f 10249/16783/3861 10505/16805/3834 10264/16793/3869
f 10276/16801/3877 10275/16799/3875 10290/16806/3881 10291/16807/3882
f 10269/16802/3878 10268/16800/3876 10283/16808/3883 10284/16809/3884
f 10277/16803/3879 10276/16801/3877 10291/16807/3882 10292/16810/3885
f 10270/16804/3880 10269/16802/3878 10284/16809/3884 10285/16811/3886
f 10278/16790/3866 10277/16803/3879 10292/16810/3885 10293/16812/3887
f 10271/16791/3867 10270/16804/3880 10285/16811/3886 10286/16813/3888
f 10264/16793/3869 10505/16814/3834 10279/16815/3889
f 10414/16816/3835 10278/16790/3866 10293/16812/3887
f 10272/16792/3868 10271/16791/3867 10286/16813/3888 10287/16817/3890
f 10265/16794/3870 10264/16793/3869 10279/16815/3889 10280/16818/3891
f 10273/16795/3871 10272/16792/3868 10287/16817/3890 10288/16819/3892
f 10266/16796/3872 10265/16794/3870 10280/16818/3891 10281/16820/3893
f 10274/16797/3873 10273/16795/3871 10288/16819/3892 10289/16821/3894
f 10267/16798/3874 10266/16796/3872 10281/16820/3893 10282/16822/3895
f 10275/16799/3875 10274/16797/3873 10289/16821/3894 10290/16806/3881
f 10268/16800/3876 10267/16798/3874 10282/16822/3895 10283/16808/3883
f 10280/16818/3891 10279/16815/3889 10294/16823/3896 10295/16824/3897
f 10288/16819/3892 10287/16817/3890 10302/16825/3898 10303/16826/3899
f 10281/16820/3893 10280/16818/3891 10295/16824/3897 10296/16827/3900
f 10289/16821/3894 10288/16819/3892 10303/16826/3899 10304/16828/3901
f 10282/16822/3895 10281/16820/3893 10296/16827/3900 10297/16829/3902
f 10290/16806/3881 10289/16821/3894 10304/16828/3901 10305/16830/3903
f 10283/16808/3883 10282/16822/3895 10297/16829/3902 10298/16831/3904
f 10291/16807/3882 10290/16806/3881 10305/16830/3903 10306/16832/3905
f 10284/16809/3884 10283/16808/3883 10298/16831/3904 10299/16833/3906
f 10292/16810/3885 10291/16807/3882 10306/16832/3905 10307/16834/3907
f 10285/16811/3886 10284/16809/3884 10299/16833/3906 10300/16835/3908
f 10293/16812/3887 10292/16810/3885 10307/16834/3907 10308/16836/3909
f 10286/16813/3888 10285/16811/3886 10300/16835/3908 10301/16837/3910
f 10279/16815/3889 10505/16838/3834 10294/16823/3896
f 10414/16839/3835 10293/16812/3887 10308/16836/3909
f 10287/16817/3890 10286/16813/3888 10301/16837/3910 10302/16825/3898
f 10299/16833/3906 10298/16831/3904 10313/16840/3911 10314/16841/3912
f 10307/16834/3907 10306/16832/3905 10321/16842/3913 10322/16843/3914
f 10300/16835/3908 10299/16833/3906 10314/16841/3912 10315/16844/3915
f 10308/16836/3909 10307/16834/3907 10322/16843/3914 10323/16845/3916
f 10301/16837/3910 10300/16835/3908 10315/16844/3915 10316/16846/3917
f 10294/16823/3896 10505/16847/3834 10309/16848/3918
f 10414/16849/3835 10308/16836/3909 10323/16845/3916
f 10302/16825/3898 10301/16837/3910 10316/16846/3917 10317/16850/3919
f 10295/16824/3897 10294/16823/3896 10309/16848/3918 10310/16851/3920
f 10303/16826/3899 10302/16825/3898 10317/16850/3919 10318/16852/3921
f 10296/16827/3900 10295/16824/3897 10310/16851/3920 10311/16853/3922
f 10304/16828/3901 10303/16826/3899 10318/16852/3921 10319/16854/3923
f 10297/16829/3902 10296/16827/3900 10311/16853/3922 10312/16855/3924
f 10305/16830/3903 10304/16828/3901 10319/16854/3923 10320/16856/3925
f 10298/16831/3904 10297/16829/3902 10312/16855/3924 10313/16840/3911
f 10306/16832/3905 10305/16830/3903 10320/16856/3925 10321/16842/3913
f 10318/16852/3921 10317/16850/3919 10332/16857/3926 10333/16858/3927
f 10311/16853/3922 10310/16851/3920 10325/16859/3928 10326/16860/3929
f 10319/16854/3923 10318/16852/3921 10333/16858/3927 10334/16861/3930
f 10312/16855/3924 10311/16853/3922 10326/16860/3929 10327/16862/3931
f 10320/16856/3925 10319/16854/3923 10334/16861/3930 10335/16863/3932
f 10313/16840/3911 10312/16855/3924 10327/16862/3931 10328/16864/3933
f 10321/16842/3913 10320/16856/3925 10335/16863/3932 10336/16865/3934
f 10314/16841/3912 10313/16840/3911 10328/16864/3933 10329/16866/3935
f 10322/16843/3914 10321/16842/3913 10336/16865/3934 10337/16867/3936
f 10315/16844/3915 10314/16841/3912 10329/16866/3935 10330/16868/3937
f 10323/16845/3916 10322/16843/3914 10337/16867/3936 10338/16869/3938
f 10316/16846/3917 10315/16844/3915 10330/16868/3937 10331/16870/3642
f 10309/16848/3918 10505/16871/3834 10324/16872/3939
f 10414/16873/3835 10323/16845/3916 10338/16869/3938
f 10317/16850/3919 10316/16846/3917 10331/16870/3642 10332/16857/3926
f 10310/16851/3920 10309/16848/3918 10324/16872/3939 10325/16859/3928
f 10337/16867/3936 10336/16865/3934 10351/16874/3940 10352/16875/3941
f 10330/16868/3937 10329/16866/3935 10344/16876/3942 10345/16877/3943
f 10338/16869/3938 10337/16867/3936 10352/16875/3941 10353/16878/3944
f 10331/16870/3642 10330/16868/3937 10345/16877/3943 10346/16879/3945
f 10324/16872/3939 10505/16880/3834 10339/16881/3946
f 10414/16882/3835 10338/16869/3938 10353/16878/3944
f 10332/16857/3926 10331/16870/3642 10346/16879/3945 10347/16883/3947
f 10325/16859/3928 10324/16872/3939 10339/16881/3946 10340/16884/3948
f 10333/16858/3927 10332/16857/3926 10347/16883/3947 10348/16885/3949
f 10326/16860/3929 10325/16859/3928 10340/16884/3948 10341/16886/3950
f 10334/16861/3930 10333/16858/3927 10348/16885/3949 10349/16887/3951
f 10327/16862/3931 10326/16860/3929 10341/16886/3950 10342/16888/3952
f 10335/16863/3932 10334/16861/3930 10349/16887/3951 10350/16889/3953
f 10328/16864/3933 10327/16862/3931 10342/16888/3952 10343/16890/3954
f 10336/16865/3934 10335/16863/3932 10350/16889/3953 10351/16874/3940
f 10329/16866/3935 10328/16864/3933 10343/16890/3954 10344/16876/3942
f 10341/16886/3950 10340/16884/3948 10355/16891/3955 10356/16892/3956
f 10349/16887/3951 10348/16885/3949 10363/16893/3957 10364/16894/3958
f 10342/16888/3952 10341/16886/3950 10356/16892/3956 10357/16895/3959
f 10350/16889/3953 10349/16887/3951 10364/16894/3958 10365/16896/3960
f 10343/16890/3954 10342/16888/3952 10357/16895/3959 10358/16897/3961
f 10351/16874/3940 10350/16889/3953 10365/16896/3960 10366/16898/3962
f 10344/16876/3942 10343/16890/3954 10358/16897/3961 10359/16899/3963
f 10352/16875/3941 10351/16874/3940 10366/16898/3962 10367/16900/3964
f 10345/16877/3943 10344/16876/3942 10359/16899/3963 10360/16901/3965
f 10353/16878/3944 10352/16875/3941 10367/16900/3964 10368/16902/3966
f 10346/16879/3945 10345/16877/3943 10360/16901/3965 10361/16903/3967
f 10339/16881/3946 10505/16904/3834 10354/16905/3968
f 10414/16906/3835 10353/16878/3944 10368/16902/3966
f 10347/16883/3947 10346/16879/3945 10361/16903/3967 10362/16907/3969
f 10340/16884/3948 10339/16881/3946 10354/16905/3968 10355/16891/3955
f 10348/16885/3949 10347/16883/3947 10362/16907/3969 10363/16893/3957
f 10360/16901/3965 10359/16899/3963 10374/16908/3970 10375/16909/3971
f 10368/16902/3966 10367/16900/3964 10382/16910/3972 10383/16911/3973
f 10361/16903/3967 10360/16901/3965 10375/16909/3971 10376/16912/3974
f 10354/16905/3968 10505/16913/3834 10369/16914/3975
f 10414/16915/3835 10368/16902/3966 10383/16911/3973
f 10362/16907/3969 10361/16903/3967 10376/16912/3974 10377/16916/3976
f 10355/16891/3955 10354/16905/3968 10369/16914/3975 10370/16917/3977
f 10363/16893/3957 10362/16907/3969 10377/16916/3976 10378/16918/3978
f 10356/16892/3956 10355/16891/3955 10370/16917/3977 10371/16919/3979
f 10364/16894/3958 10363/16893/3957 10378/16918/3978 10379/16920/3980
f 10357/16895/3959 10356/16892/3956 10371/16919/3979 10372/16921/3981
f 10365/16896/3960 10364/16894/3958 10379/16920/3980 10380/16922/3982
f 10358/16897/3961 10357/16895/3959 10372/16921/3981 10373/16923/3983
f 10366/16898/3962 10365/16896/3960 10380/16922/3982 10381/16924/3984
f 10359/16899/3963 10358/16897/3961 10373/16923/3983 10374/16908/3970
f 10367/16900/3964 10366/16898/3962 10381/16924/3984 10382/16910/3972
f 10379/16920/3980 10378/16918/3978 10393/16925/3985 10394/16926/3986
f 10372/16921/3981 10371/16919/3979 10386/16927/3987 10387/16928/3988
f 10380/16922/3982 10379/16920/3980 10394/16926/3986 10395/16929/3989
f 10373/16923/3983 10372/16921/3981 10387/16928/3988 10388/16930/3990
f 10381/16924/3984 10380/16922/3982 10395/16929/3989 10396/16931/3991
f 10374/16908/3970 10373/16923/3983 10388/16930/3990 10389/16932/3992
f 10382/16910/3972 10381/16924/3984 10396/16931/3991 10397/16933/3993
f 10375/16909/3971 10374/16908/3970 10389/16932/3992 10390/16934/3994
f 10383/16911/3973 10382/16910/3972 10397/16933/3993 10398/16935/3995
f 10376/16912/3974 10375/16909/3971 10390/16934/3994 10391/16936/3996
f 10369/16914/3975 10505/16937/3834 10384/16938/3997
f 10414/16939/3835 10383/16911/3973 10398/16935/3995
f 10377/16916/3976 10376/16912/3974 10391/16936/3996 10392/16940/3998
f 10370/16917/3977 10369/16914/3975 10384/16938/3997 10385/16941/3999
f 10378/16918/3978 10377/16916/3976 10392/16940/3998 10393/16925/3985
f 10371/16919/3979 10370/16917/3977 10385/16941/3999 10386/16927/3987
f 10398/16935/3995 10397/16933/3993 10412/16942/4000 10413/16943/4001
f 10391/16936/3996 10390/16934/3994 10405/16944/4002 10406/16945/4003
f 10384/16938/3997 10505/16946/3834 10399/16947/4004
f 10414/16948/3835 10398/16935/3995 10413/16943/4001
f 10392/16940/3998 10391/16936/3996 10406/16945/4003 10407/16949/4005
f 10385/16941/3999 10384/16938/3997 10399/16947/4004 10400/16950/4006
f 10393/16925/3985 10392/16940/3998 10407/16949/4005 10408/16951/4007
f 10386/16927/3987 10385/16941/3999 10400/16950/4006 10401/16952/4008
f 10394/16926/3986 10393/16925/3985 10408/16951/4007 10409/16953/4009
f 10387/16928/3988 10386/16927/3987 10401/16952/4008 10402/16954/4010
f 10395/16929/3989 10394/16926/3986 10409/16953/4009 10410/16955/4011
f 10388/16930/3990 10387/16928/3988 10402/16954/4010 10403/16956/4012
f 10396/16931/3991 10395/16929/3989 10410/16955/4011 10411/16957/4013
f 10389/16932/3992 10388/16930/3990 10403/16956/4012 10404/16958/4014
f 10397/16933/3993 10396/16931/3991 10411/16957/4013 10412/16942/4000
f 10390/16934/3994 10389/16932/3992 10404/16958/4014 10405/16944/4002
f 10410/16955/4011 10409/16953/4009 10425/16959/4015 10426/16960/4016
f 10403/16956/4012 10402/16954/4010 10418/16961/4017 10419/16962/4018
f 10411/16957/4013 10410/16955/4011 10426/16960/4016 10427/16963/4019
f 10404/16958/4014 10403/16956/4012 10419/16962/4018 10420/16964/4020
f 10412/16942/4000 10411/16957/4013 10427/16963/4019 10428/16965/4021
f 10405/16944/4002 10404/16958/4014 10420/16964/4020 10421/16966/4022
f 10413/16943/4001 10412/16942/4000 10428/16965/4021 10429/16967/4023
f 10406/16945/4003 10405/16944/4002 10421/16966/4022 10422/16968/4024
f 10399/16947/4004 10505/16969/3834 10415/16970/4025
f 10414/16971/3835 10413/16943/4001 10429/16967/4023
f 10407/16949/4005 10406/16945/4003 10422/16968/4024 10423/16972/4026
f 10400/16950/4006 10399/16947/4004 10415/16970/4025 10416/16973/4027
f 10408/16951/4007 10407/16949/4005 10423/16972/4026 10424/16974/4028
f 10401/16952/4008 10400/16950/4006 10416/16973/4027 10417/16975/4029
f 10409/16953/4009 10408/16951/4007 10424/16974/4028 10425/16959/4015
f 10402/16954/4010 10401/16952/4008 10417/16975/4029 10418/16961/4017
f 10415/16970/4025 10505/16976/3834 10430/16977/4030
f 10414/16978/3835 10429/16967/4023 10444/16979/4031
f 10423/16972/4026 10422/16968/4024 10437/16980/4032 10438/16981/4033
f 10416/16973/4027 10415/16970/4025 10430/16977/4030 10431/16982/4034
f 10424/16974/4028 10423/16972/4026 10438/16981/4033 10439/16983/4035
f 10417/16975/4029 10416/16973/4027 10431/16982/4034 10432/16984/4036
f 10425/16959/4015 10424/16974/4028 10439/16983/4035 10440/16985/4037
f 10418/16961/4017 10417/16975/4029 10432/16984/4036 10433/16986/4038
f 10426/16960/4016 10425/16959/4015 10440/16985/4037 10441/16987/4039
f 10419/16962/4018 10418/16961/4017 10433/16986/4038 10434/16988/4040
f 10427/16963/4019 10426/16960/4016 10441/16987/4039 10442/16989/4041
f 10420/16964/4020 10419/16962/4018 10434/16988/4040 10435/16990/4042
f 10428/16965/4021 10427/16963/4019 10442/16989/4041 10443/16991/4043
f 10421/16966/4022 10420/16964/4020 10435/16990/4042 10436/16992/4044
f 10429/16967/4023 10428/16965/4021 10443/16991/4043 10444/16979/4031
f 10422/16968/4024 10421/16966/4022 10436/16992/4044 10437/16980/4032
f 10434/16988/4040 10433/16986/4038 10448/16993/4045 10449/16994/4046
f 10442/16989/4041 10441/16987/4039 10456/16995/4047 10457/16996/4048
f 10435/16990/4042 10434/16988/4040 10449/16994/4046 10450/16997/4049
f 10443/16991/4043 10442/16989/4041 10457/16996/4048 10458/16998/4050
f 10436/16992/4044 10435/16990/4042 10450/16997/4049 10451/16999/4051
f 10444/16979/4031 10443/16991/4043 10458/16998/4050 10459/17000/4052
f 10437/16980/4032 10436/16992/4044 10451/16999/4051 10452/17001/3647
f 10430/16977/4030 10505/17002/3834 10445/17003/4053
f 10414/17004/3835 10444/16979/4031 10459/17000/4052
f 10438/16981/4033 10437/16980/4032 10452/17001/3647 10453/17005/4054
f 10431/16982/4034 10430/16977/4030 10445/17003/4053 10446/17006/4055
f 10439/16983/4035 10438/16981/4033 10453/17005/4054 10454/17007/4056
f 10432/16984/4036 10431/16982/4034 10446/17006/4055 10447/17008/4057
f 10440/16985/4037 10439/16983/4035 10454/17007/4056 10455/17009/4058
f 10433/16986/4038 10432/16984/4036 10447/17008/4057 10448/16993/4045
f 10441/16987/4039 10440/16985/4037 10455/17009/4058 10456/16995/4047
f 10453/17005/4054 10452/17001/3647 10467/17010/4059 10468/17011/4060
f 10446/17006/4055 10445/17003/4053 10460/17012/4061 10461/17013/4062
f 10454/17007/4056 10453/17005/4054 10468/17011/4060 10469/17014/4063
f 10447/17008/4057 10446/17006/4055 10461/17013/4062 10462/17015/4064
f 10455/17009/4058 10454/17007/4056 10469/17014/4063 10470/17016/4065
f 10448/16993/4045 10447/17008/4057 10462/17015/4064 10463/17017/4066
f 10456/16995/4047 10455/17009/4058 10470/17016/4065 10471/17018/4067
f 10449/16994/4046 10448/16993/4045 10463/17017/4066 10464/17019/4068
f 10457/16996/4048 10456/16995/4047 10471/17018/4067 10472/17020/4069
f 10450/16997/4049 10449/16994/4046 10464/17019/4068 10465/17021/4070
f 10458/16998/4050 10457/16996/4048 10472/17020/4069 10473/17022/4071
f 10451/16999/4051 10450/16997/4049 10465/17021/4070 10466/17023/4072
f 10459/17000/4052 10458/16998/4050 10473/17022/4071 10474/17024/4073
f 10452/17001/3647 10451/16999/4051 10466/17023/4072 10467/17010/4059
f 10445/17003/4053 10505/17025/3834 10460/17012/4061
f 10414/17026/3835 10459/17000/4052 10474/17024/4073
f 10472/17020/4069 10471/17018/4067 10486/17027/4074 10487/17028/4075
f 10465/17021/4070 10464/17019/4068 10479/17029/4076 10480/17030/4077
f 10473/17022/4071 10472/17020/4069 10487/17028/4075 10488/17031/4078
f 10466/17023/4072 10465/17021/4070 10480/17030/4077 10481/17032/4079
f 10474/17024/4073 10473/17022/4071 10488/17031/4078 10489/17033/4080
f 10467/17010/4059 10466/17023/4072 10481/17032/4079 10482/17034/4081
f 10460/17012/4061 10505/17035/3834 10475/17036/4082
f 10414/17037/3835 10474/17024/4073 10489/17033/4080
f 10468/17011/4060 10467/17010/4059 10482/17034/4081 10483/17038/4083
f 10461/17013/4062 10460/17012/4061 10475/17036/4082 10476/17039/4084
f 10469/17014/4063 10468/17011/4060 10483/17038/4083 10484/17040/4085
f 10462/17015/4064 10461/17013/4062 10476/17039/4084 10477/17041/4086
f 10470/17016/4065 10469/17014/4063 10484/17040/4085 10485/17042/4087
f 10463/17017/4066 10462/17015/4064 10477/17041/4086 10478/17043/4088
f 10471/17018/4067 10470/17016/4065 10485/17042/4087 10486/17027/4074
f 10464/17019/4068 10463/17017/4066 10478/17043/4088 10479/17029/4076
f 10476/17039/4084 10475/17036/4082 10490/17044/4089 10491/17045/4090
f 10484/17040/4085 10483/17038/4083 10498/17046/4091 10499/17047/4092
f 10477/17041/4086 10476/17039/4084 10491/17045/4090 10492/17048/4093
f 10485/17042/4087 10484/17040/4085 10499/17047/4092 10500/17049/4094
f 10478/17043/4088 10477/17041/4086 10492/17048/4093 10493/17050/4095
f 10486/17027/4074 10485/17042/4087 10500/17049/4094 10501/17051/4096
f 10479/17029/4076 10478/17043/4088 10493/17050/4095 10494/17052/4097
f 10487/17028/4075 10486/17027/4074 10501/17051/4096 10502/17053/4098
f 10480/17030/4077 10479/17029/4076 10494/17052/4097 10495/17054/4099
f 10488/17031/4078 10487/17028/4075 10502/17053/4098 10503/17055/4100
f 10481/17032/4079 10480/17030/4077 10495/17054/4099 10496/17056/4101
f 10489/17033/4080 10488/17031/4078 10503/17055/4100 10504/17057/4102
f 10482/17034/4081 10481/17032/4079 10496/17056/4101 10497/17058/4103
f 10475/17036/4082 10505/17059/3834 10490/17044/4089
f 10414/17060/3835 10489/17033/4080 10504/17057/4102
f 10483/17038/4083 10482/17034/4081 10497/17058/4103 10498/17046/4091
f 10495/17054/4099 10494/17052/4097 10510/17061/4104 10511/17062/4105
f 10503/17055/4100 10502/17053/4098 10518/17063/4106 10519/17064/4107
f 10496/17056/4101 10495/17054/4099 10511/17062/4105 10512/17065/4108
f 10504/17057/4102 10503/17055/4100 10519/17064/4107 10520/17066/4109
f 10497/17058/4103 10496/17056/4101 10512/17065/4108 10513/17067/4110
f 10490/17044/4089 10505/17068/3834 10506/17069/4111
f 10414/17070/3835 10504/17057/4102 10520/17066/4109
f 10498/17046/4091 10497/17058/4103 10513/17067/4110 10514/17071/4112
f 10491/17045/4090 10490/17044/4089 10506/17069/4111 10507/17072/4113
f 10499/17047/4092 10498/17046/4091 10514/17071/4112 10515/17073/4114
f 10492/17048/4093 10491/17045/4090 10507/17072/4113 10508/17074/4115
f 10500/17049/4094 10499/17047/4092 10515/17073/4114 10516/17075/4116
f 10493/17050/4095 10492/17048/4093 10508/17074/4115 10509/17076/4117
f 10501/17051/4096 10500/17049/4094 10516/17075/4116 10517/17077/4118
f 10494/17052/4097 10493/17050/4095 10509/17076/4117 10510/17061/4104
f 10502/17053/4098 10501/17051/4096 10517/17077/4118 10518/17063/4106
f 10515/17073/4114 10514/17071/4112 10529/17078/4119 10530/17079/4120
f 10508/17074/4115 10507/17072/4113 10522/17080/4121 10523/17081/4122
f 10516/17075/4116 10515/17073/4114 10530/17079/4120 10531/17082/4123
f 10509/17076/4117 10508/17074/4115 10523/17081/4122 10524/17083/4124
f 10517/17077/4118 10516/17075/4116 10531/17082/4123 10532/17084/4125
f 10510/17061/4104 10509/17076/4117 10524/17083/4124 10525/17085/4126
f 10518/17063/4106 10517/17077/4118 10532/17084/4125 10533/17086/4127
f 10511/17062/4105 10510/17061/4104 10525/17085/4126 10526/17087/4128
f 10519/17064/4107 10518/17063/4106 10533/17086/4127 10534/17088/4129
f 10512/17065/4108 10511/17062/4105 10526/17087/4128 10527/17089/4130
f 10520/17066/4109 10519/17064/4107 10534/17088/4129 10535/17090/4131
f 10513/17067/4110 10512/17065/4108 10527/17089/4130 10528/17091/4132
f 10506/17069/4111 10505/17092/3834 10521/17093/4133
f 10414/17094/3835 10520/17066/4109 10535/17090/4131
f 10514/17071/4112 10513/17067/4110 10528/17091/4132 10529/17078/4119
f 10507/17072/4113 10506/17069/4111 10521/17093/4133 10522/17080/4121
f 10534/17088/4129 10533/17086/4127 10548/17095/4134 10549/17096/4135
f 10527/17089/4130 10526/17087/4128 10541/17097/4136 10542/17098/4137
f 10535/17090/4131 10534/17088/4129 10549/17096/4135 10550/17099/4138
f 10528/17091/4132 10527/17089/4130 10542/17098/4137 10543/17100/4139
f 10521/17093/4133 10505/17101/3834 10536/17102/4140
f 10414/17103/3835 10535/17090/4131 10550/17099/4138
f 10529/17078/4119 10528/17091/4132 10543/17100/4139 10544/17104/4141
f 10522/17080/4121 10521/17093/4133 10536/17102/4140 10537/17105/4142
f 10530/17079/4120 10529/17078/4119 10544/17104/4141 10545/17106/4143
f 10523/17081/4122 10522/17080/4121 10537/17105/4142 10538/17107/4144
f 10531/17082/4123 10530/17079/4120 10545/17106/4143 10546/17108/4145
f 10524/17083/4124 10523/17081/4122 10538/17107/4144 10539/17109/4146
f 10532/17084/4125 10531/17082/4123 10546/17108/4145 10547/17110/4147
f 10525/17085/4126 10524/17083/4124 10539/17109/4146 10540/17111/4148
f 10533/17086/4127 10532/17084/4125 10547/17110/4147 10548/17095/4134
f 10526/17087/4128 10525/17085/4126 10540/17111/4148 10541/17097/4136
f 10546/17108/4145 10545/17106/4143 10560/17112/4149 10561/17113/4150
f 10539/17109/4146 10538/17107/4144 10553/17114/4151 10554/17115/4152
f 10547/17110/4147 10546/17108/4145 10561/17113/4150 10562/17116/4153
f 10540/17111/4148 10539/17109/4146 10554/17115/4152 10555/17117/4154
f 10548/17095/4134 10547/17110/4147 10562/17116/4153 10563/17118/4155
f 10541/17097/4136 10540/17111/4148 10555/17117/4154 10556/17119/4156
f 10549/17096/4135 10548/17095/4134 10563/17118/4155 10564/17120/4157
f 10542/17098/4137 10541/17097/4136 10556/17119/4156 10557/17121/4158
f 10550/17099/4138 10549/17096/4135 10564/17120/4157 10565/17122/4159
f 10543/17100/4139 10542/17098/4137 10557/17121/4158 10558/17123/4160
f 10536/17102/4140 10505/17124/3834 10551/17125/4161
f 10414/17126/3835 10550/17099/4138 10565/17122/4159
f 10544/17104/4141 10543/17100/4139 10558/17123/4160 10559/17127/4162
f 10537/17105/4142 10536/17102/4140 10551/17125/4161 10552/17128/4163
f 10545/17106/4143 10544/17104/4141 10559/17127/4162 10560/17112/4149
f 10538/17107/4144 10537/17105/4142 10552/17128/4163 10553/17114/4151
f 10565/17122/4159 10564/17120/4157 10579/17129/4164 10580/17130/4165
f 10558/17123/4160 10557/17121/4158 10572/17131/4166 10573/17132/3645
f 10551/17125/4161 10505/17133/3834 10566/17134/4167
f 10414/17135/3835 10565/17122/4159 10580/17130/4165
f 10559/17127/4162 10558/17123/4160 10573/17132/3645 10574/17136/4168
f 10552/17128/4163 10551/17125/4161 10566/17134/4167 10567/17137/4169
f 10560/17112/4149 10559/17127/4162 10574/17136/4168 10575/17138/4170
f 10553/17114/4151 10552/17128/4163 10567/17137/4169 10568/17139/4171
f 10561/17113/4150 10560/17112/4149 10575/17138/4170 10576/17140/4172
f 10554/17115/4152 10553/17114/4151 10568/17139/4171 10569/17141/4173
f 10562/17116/4153 10561/17113/4150 10576/17140/4172 10577/17142/4174
f 10555/17117/4154 10554/17115/4152 10569/17141/4173 10570/17143/4175
f 10563/17118/4155 10562/17116/4153 10577/17142/4174 10578/17144/4176
f 10556/17119/4156 10555/17117/4154 10570/17143/4175 10571/17145/4177
f 10564/17120/4157 10563/17118/4155 10578/17144/4176 10579/17129/4164
f 10557/17121/4158 10556/17119/4156 10571/17145/4177 10572/17131/4166
f 10569/17146/4173 10568/17147/4171 10583/17148/4178 10584/17149/4179
f 10577/17150/4174 10576/17151/4172 10591/17152/4180 10592/17153/4181
f 10570/17154/4175 10569/17146/4173 10584/17149/4179 10585/17155/4182
f 10578/17156/4176 10577/17150/4174 10592/17153/4181 10593/17157/4183
f 10571/17158/4177 10570/17154/4175 10585/17155/4182 10586/17159/4184
f 10579/17160/4164 10578/17156/4176 10593/17157/4183 10594/17161/4185
f 10572/17162/4166 10571/17158/4177 10586/17159/4184 10587/17163/4186
f 10580/17164/4165 10579/17160/4164 10594/17161/4185 10595/17165/4187
f 10573/17166/3645 10572/17162/4166 10587/17163/4186 10588/17167/4188
f 10566/17168/4167 10505/17169/3834 10581/17170/4189
f 10414/17171/3835 10580/17164/4165 10595/17165/4187
f 10574/17172/4168 10573/17166/3645 10588/17167/4188 10589/17173/4190
f 10567/17174/4169 10566/17168/4167 10581/17170/4189 10582/17175/4191
f 10575/17176/4170 10574/17172/4168 10589/17173/4190 10590/17177/4192
f 10568/17147/4171 10567/17174/4169 10582/17175/4191 10583/17148/4178
f 10576/17151/4172 10575/17176/4170 10590/17177/4192 10591/17152/4180
f 10588/17167/4188 10587/17163/4186 10602/17178/4193 10603/17179/4194
f 10581/17170/4189 10505/17180/3834 10596/17181/4195
f 10414/17182/3835 10595/17165/4187 10610/17183/4196
f 10589/17173/4190 10588/17167/4188 10603/17179/4194 10604/17184/4197
f 10582/17175/4191 10581/17170/4189 10596/17181/4195 10597/17185/4198
f 10590/17177/4192 10589/17173/4190 10604/17184/4197 10605/17186/4199
f 10583/17148/4178 10582/17175/4191 10597/17185/4198 10598/17187/4200
f 10591/17152/4180 10590/17177/4192 10605/17186/4199 10606/17188/4201
f 10584/17149/4179 10583/17148/4178 10598/17187/4200 10599/17189/4202
f 10592/17153/4181 10591/17152/4180 10606/17188/4201 10607/17190/4203
f 10585/17155/4182 10584/17149/4179 10599/17189/4202 10600/17191/4204
f 10593/17157/4183 10592/17153/4181 10607/17190/4203 10608/17192/4205
f 10586/17159/4184 10585/17155/4182 10600/17191/4204 10601/17193/4206
f 10594/17161/4185 10593/17157/4183 10608/17192/4205 10609/17194/4207
f 10587/17163/4186 10586/17159/4184 10601/17193/4206 10602/17178/4193
f 10595/17165/4187 10594/17161/4185 10609/17194/4207 10610/17183/4196
f 10607/17190/4203 10606/17188/4201 10621/17195/4208 10622/17196/4209
f 10600/17191/4204 10599/17189/4202 10614/17197/4210 10615/17198/4211
f 10608/17192/4205 10607/17190/4203 10622/17196/4209 10623/17199/4212
f 10601/17193/4206 10600/17191/4204 10615/17198/4211 10616/17200/4213
f 10609/17194/4207 10608/17192/4205 10623/17199/4212 10624/17201/4214
f 10602/17178/4193 10601/17193/4206 10616/17200/4213 10617/17202/4215
f 10610/17183/4196 10609/17194/4207 10624/17201/4214 10625/17203/4216
f 10603/17179/4194 10602/17178/4193 10617/17202/4215 10618/17204/4217
f 10596/17181/4195 10505/17205/3834 10611/17206/4218
f 10414/17207/3835 10610/17183/4196 10625/17203/4216
f 10604/17184/4197 10603/17179/4194 10618/17204/4217 10619/17208/4219
f 10597/17185/4198 10596/17181/4195 10611/17206/4218 10612/17209/4220
f 10605/17186/4199 10604/17184/4197 10619/17208/4219 10620/17210/4221
f 10598/17187/4200 10597/17185/4198 10612/17209/4220 10613/17211/4222
f 10606/17188/4201 10605/17186/4199 10620/17210/4221 10621/17195/4208
f 10599/17189/4202 10598/17187/4200 10613/17211/4222 10614/17197/4210
f 10611/17206/4218 10505/17212/3834 10626/17213/4223
f 10414/17214/3835 10625/17203/4216 10640/17215/4224
f 10619/17208/4219 10618/17204/4217 10633/17216/4225 10634/17217/4226
f 10612/17209/4220 10611/17206/4218 10626/17213/4223 10627/17218/4227
f 10620/17210/4221 10619/17208/4219 10634/17217/4226 10635/17219/4228
f 10613/17211/4222 10612/17209/4220 10627/17218/4227 10628/17220/4229
f 10621/17195/4208 10620/17210/4221 10635/17219/4228 10636/17221/4230
f 10614/17197/4210 10613/17211/4222 10628/17220/4229 10629/17222/4231
f 10622/17196/4209 10621/17195/4208 10636/17221/4230 10637/17223/4232
f 10615/17198/4211 10614/17197/4210 10629/17222/4231 10630/17224/4233
f 10623/17199/4212 10622/17196/4209 10637/17223/4232 10638/17225/4234
f 10616/17200/4213 10615/17198/4211 10630/17224/4233 10631/17226/4235
f 10624/17201/4214 10623/17199/4212 10638/17225/4234 10639/17227/4236
f 10617/17202/4215 10616/17200/4213 10631/17226/4235 10632/17228/4237
f 10625/17203/4216 10624/17201/4214 10639/17227/4236 10640/17215/4224
f 10618/17204/4217 10617/17202/4215 10632/17228/4237 10633/17216/4225
f 10630/17224/4233 10629/17222/4231 10644/17229/4238 10645/17230/4239
f 10638/17225/4234 10637/17223/4232 10652/17231/4240 10653/17232/4241
f 10631/17226/4235 10630/17224/4233 10645/17230/4239 10646/17233/4242
f 10639/17227/4236 10638/17225/4234 10653/17232/4241 10654/17234/4243
f 10632/17228/4237 10631/17226/4235 10646/17233/4242 10647/17235/4244
f 10640/17215/4224 10639/17227/4236 10654/17234/4243 10655/17236/4245
f 10633/17216/4225 10632/17228/4237 10647/17235/4244 10648/17237/4246
f 10626/17213/4223 10505/17238/3834 10641/17239/4247
f 10414/17240/3835 10640/17215/4224 10655/17236/4245
f 10634/17217/4226 10633/17216/4225 10648/17237/4246 10649/17241/4248
f 10627/17218/4227 10626/17213/4223 10641/17239/4247 10642/17242/4249
f 10635/17219/4228 10634/17217/4226 10649/17241/4248 10650/17243/4250
f 10628/17220/4229 10627/17218/4227 10642/17242/4249 10643/17244/4251
f 10636/17221/4230 10635/17219/4228 10650/17243/4250 10651/17245/4252
f 10629/17222/4231 10628/17220/4229 10643/17244/4251 10644/17229/4238
f 10637/17223/4232 10636/17221/4230 10651/17245/4252 10652/17231/4240
f 10649/17241/4248 10648/17237/4246 10663/17246/4253 10664/17247/4254
f 10642/17242/4249 10641/17239/4247 10656/17248/4255 10657/17249/4256
f 10650/17243/4250 10649/17241/4248 10664/17247/4254 10665/17250/4257
f 10643/17244/4251 10642/17242/4249 10657/17249/4256 10658/17251/4258
f 10651/17245/4252 10650/17243/4250 10665/17250/4257 10666/17252/4259
f 10644/17229/4238 10643/17244/4251 10658/17251/4258 10659/17253/4260
f 10652/17231/4240 10651/17245/4252 10666/17252/4259 10667/17254/4261
f 10645/17230/4239 10644/17229/4238 10659/17253/4260 10660/17255/4262
f 10653/17232/4241 10652/17231/4240 10667/17254/4261 10668/17256/4263
f 10646/17233/4242 10645/17230/4239 10660/17255/4262 10661/17257/4264
f 10654/17234/4243 10653/17232/4241 10668/17256/4263 10669/17258/4265
f 10647/17235/4244 10646/17233/4242 10661/17257/4264 10662/17259/4266
f 10655/17236/4245 10654/17234/4243 10669/17258/4265 10670/17260/4267
f 10648/17237/4246 10647/17235/4244 10662/17259/4266 10663/17246/4253
f 10641/17239/4247 10505/17261/3834 10656/17248/4255
f 10414/17262/3835 10655/17236/4245 10670/17260/4267
f 10668/17256/4263 10667/17254/4261 10682/17263/4268 10683/17264/4269
f 10661/17257/4264 10660/17255/4262 10675/17265/4270 10676/17266/4271
f 10669/17258/4265 10668/17256/4263 10683/17264/4269 10684/17267/4272
f 10662/17259/4266 10661/17257/4264 10676/17266/4271 10677/17268/4273
f 10670/17260/4267 10669/17258/4265 10684/17267/4272 10685/17269/4274
f 10663/17246/4253 10662/17259/4266 10677/17268/4273 10678/17270/4275
f 10656/17248/4255 10505/17271/3834 10671/17272/4276
f 10414/17273/3835 10670/17260/4267 10685/17269/4274
f 10664/17247/4254 10663/17246/4253 10678/17270/4275 10679/17274/4277
f 10657/17249/4256 10656/17248/4255 10671/17272/4276 10672/17275/4278
f 10665/17250/4257 10664/17247/4254 10679/17274/4277 10680/17276/4279
f 10658/17251/4258 10657/17249/4256 10672/17275/4278 10673/17277/4280
f 10666/17252/4259 10665/17250/4257 10680/17276/4279 10681/17278/4281
f 10659/17253/4260 10658/17251/4258 10673/17277/4280 10674/17279/4282
f 10667/17254/4261 10666/17252/4259 10681/17278/4281 10682/17263/4268
f 10660/17255/4262 10659/17253/4260 10674/17279/4282 10675/17265/4270
f 10680/17276/4279 10679/17274/4277 10217/16728/3810 10686/16727/3809
f 10673/17277/4280 10672/17275/4278 10210/16723/3805 10211/16731/3813
f 10681/17278/4281 10680/17276/4279 10686/16727/3809 10687/16733/3815
f 10674/17279/4282 10673/17277/4280 10211/16731/3813 10212/16735/3817
f 10682/17263/4268 10681/17278/4281 10687/16733/3815 10688/16737/3819
f 10675/17265/4270 10674/17279/4282 10212/16735/3817 10213/16739/3821
f 10683/17264/4269 10682/17263/4268 10688/16737/3819 10218/16741/3823
f 10676/17266/4271 10675/17265/4270 10213/16739/3821 10214/16743/3825
f 10684/17267/4272 10683/17264/4269 10218/16741/3823 10689/16745/3827
f 10677/17268/4273 10676/17266/4271 10214/16743/3825 10215/16747/3829
f 10685/17269/4274 10684/17267/4272 10689/16745/3827 10690/16749/3831
f 10678/17270/4275 10677/17268/4273 10215/16747/3829 10216/16751/3651
f 10671/17272/4276 10505/17280/3834 10209/16724/3806
f 10414/17281/3835 10685/17269/4274 10690/16749/3831
f 10679/17274/4277 10678/17270/4275 10216/16751/3651 10217/16728/3810
f 10672/17275/4278 10671/17272/4276 10209/16724/3806 10210/16723/3805
f 10693/17282/4283 10691/17283/4283 10716/17284/4283 10715/17285/4283
f 10699/17286/3651 10700/17287/3651 10698/17288/3651 10697/17289/3651
f 10697/17289/3642 10698/17288/3642 10696/17290/3642 10695/17291/3642
f 10710/17292/3647 10708/17293/3647 10692/17294/3647 10691/17295/3647
f 10699/17296/4284 10697/17289/4284 10695/17291/4284 10701/17297/4284
f 10709/17298/4285 10694/17299/4285 10692/17300/4285 10708/17301/4285
f 10698/17288/4286 10700/17302/4286 10702/17303/4286 10696/17290/4286
f 10703/17304/4287 10699/17296/4287 10701/17297/4287 10706/17305/4287
f 10695/17291/3647 10696/17290/3647 10702/17306/3647 10701/17307/3647
f 10703/17308/3651 10705/17309/3651 10700/17287/3651 10699/17286/3651
f 10707/17310/3651 10709/17311/3651 10705/17309/3651 10703/17308/3651
f 10707/17312/4288 10703/17304/4288 10706/17305/4288 10710/17313/4288
f 10700/17302/4289 10705/17314/4290 10704/17315/4290 10702/17303/4289
f 10701/17307/3647 10702/17306/3647 10704/17316/3647 10706/17317/3647
f 10693/17282/4288 10707/17312/4288 10710/17313/4288 10691/17283/4288
f 10693/17318/3651 10694/17319/3651 10709/17311/3651 10707/17310/3651
f 10705/17314/4290 10709/17298/4291 10708/17301/4291 10704/17315/4290
f 10706/17317/3647 10704/17316/3647 10708/17293/3647 10710/17292/3647
f 10712/17320/4292 10713/17321/4292 10714/17322/4292 10711/17323/4292
f 10694/17319/3651 10693/17318/3651 10711/17323/3651 10714/17322/3651
f 10691/17295/3647 10692/17294/3647 10713/17324/3647 10712/17325/3647
f 10694/17319/3651 10714/17322/3651 10722/17326/3651 10720/17327/3651
f 10715/17285/4293 10716/17284/4293 10718/17328/4293 10717/17329/4293
f 10691/17295/3647 10712/17325/3647 10718/17330/3647 10716/17331/3647
f 10712/17320/4294 10711/17323/4294 10717/17332/4294 10718/17333/4294
f 10711/17323/3651 10693/17318/3651 10715/17334/3651 10717/17332/3651
f 10721/17335/3647 10719/17336/3647 10723/17337/3647 10725/17338/3647
f 10714/17322/4295 10713/17321/4295 10721/17339/4295 10722/17326/4295
f 10713/17324/3647 10692/17294/3647 10719/17336/3647 10721/17335/3647
f 10692/17300/4296 10694/17299/4296 10720/17340/4296 10719/17341/4296
f 10723/17342/4297 10724/17343/4297 10726/17344/4297 10725/17345/4297
f 10722/17326/4298 10721/17339/4298 10725/17346/4298 10726/17347/4298
f 10720/17327/3651 10722/17326/3651 10726/17347/3651 10724/17348/3651
f 10719/17341/4299 10720/17340/4299 10724/17343/4299 10723/17342/4299
f 10735/17349/4300 10728/17350/4300 10730/17351/4300 10736/17352/4300
f 10736/17352/3651 10730/17351/3651 10734/17353/3651 10737/17354/3651
f 10737/17354/3642 10734/17353/3642 10732/17355/3642 10738/17356/3642
f 10738/17356/3647 10732/17355/3647 10728/17357/3647 10735/17358/3647
f 10729/17359/3651 10733/17360/3651 10741/17361/3709 10739/17362/3709
f 10734/17353/4301 10730/17363/4301 10728/17364/4301 10732/17355/4301
f 10731/17365/3647 10738/17356/3647 10735/17358/3647 10727/17366/3647
f 10733/17360/4302 10737/17354/4302 10738/17356/4302 10731/17365/4302
f 10729/17359/3651 10736/17352/3651 10737/17354/3651 10733/17360/3651
f 10727/17367/4303 10735/17349/4303 10736/17352/4303 10729/17359/4303
f 10741/17361/3693 10742/17368/3693 10746/17369/3693 10745/17370/3693
f 10727/17367/4304 10729/17359/4304 10739/17362/4304 10740/17371/4304
f 10733/17360/4305 10731/17365/4305 10742/17368/4305 10741/17361/4305
f 10731/17365/3647 10727/17366/3647 10740/17372/3647 10742/17368/3647
f 10746/17369/3647 10744/17373/3647 10748/17374/3647 10750/17375/3647
f 10740/17371/4306 10739/17362/4306 10743/17376/4306 10744/17377/4306
f 10742/17368/3647 10740/17372/3647 10744/17373/3647 10746/17369/3647
f 10739/17362/3709 10741/17361/3709 10745/17370/3709 10743/17376/3651
f 10747/17378/3651 10749/17379/3651 10753/17380/3651 10751/17381/3651
f 10743/17376/3651 10745/17370/3709 10749/17379/3651 10747/17378/3651
f 10745/17370/4307 10746/17369/4307 10750/17375/4307 10749/17379/4307
f 10744/17377/4308 10743/17376/4308 10747/17378/4308 10748/17382/4308
f 10753/17380/4309 10754/17383/4309 10758/17384/4309 10757/17385/4309
f 10749/17379/4310 10750/17375/4310 10754/17383/4310 10753/17380/4310
f 10748/17382/4311 10747/17378/4311 10751/17381/4311 10752/17386/4311
f 10750/17375/3647 10748/17374/3647 10752/17387/3647 10754/17383/3647
f 10755/17388/4312 10757/17385/4312 10758/17384/4312 10756/17389/4312
f 10752/17386/4313 10751/17381/4313 10755/17390/4313 10756/17391/4313
f 10754/17383/3647 10752/17387/3647 10756/17392/3669 10758/17384/3669
f 10751/17381/3651 10753/17380/3651 10757/17385/3709 10755/17390/3709
