# Blender v2.80 (sub 75) OBJ File: 'all weapons.blend'
# www.blender.org
v -3.97960 -0.28337 0.25600
v -3.97960 0.35170 0.25600
v -3.97960 -0.28337 -0.25600
v -3.97960 0.35170 -0.25600
v -2.63979 -0.28337 0.25600
v -2.63979 0.35170 0.25600
v -2.63979 -0.28337 -0.25600
v -2.63979 0.35170 -0.25600
v -3.33960 -0.28337 -0.25600
v -3.33960 0.35170 -0.25600
v -3.33960 -0.28337 0.25600
v -3.33960 0.35170 0.25600
v -4.00267 -0.49619 -0.25600
v -4.00267 -0.49619 0.25600
v -3.33960 -0.84560 -0.25600
v -3.33960 -0.84560 0.25600
v -4.01486 -0.52058 -0.25600
v -4.01486 -0.52058 0.25600
v -3.50012 -0.85187 -0.25600
v -3.50012 -0.85187 0.25600
v -3.97960 0.13538 0.25600
v -3.97960 0.13538 -0.25600
v -2.63979 0.13538 -0.25600
v -2.63979 0.13538 0.25600
v -3.33960 0.13538 0.25600
v -3.33960 0.13538 -0.25600
v -2.49541 0.13538 -0.25600
v -2.49541 -0.28337 -0.25600
v -2.49541 -0.28337 0.25600
v -2.49541 0.13538 0.25600
v -3.97960 -0.21757 -0.25600
v -2.63979 -0.21757 -0.25600
v -2.63979 -0.21757 0.25600
v -3.33960 -0.21757 0.25600
v -3.33960 -0.21757 -0.25600
v -3.97960 -0.21757 0.25600
v -2.49541 -0.21757 -0.25600
v -2.49541 -0.21757 0.25600
v -2.35300 0.13538 -0.25600
v -2.35300 0.13538 0.25600
v -2.35300 -0.21757 -0.25600
v -2.35300 -0.21757 0.25600
v -4.47089 0.00558 0.25600
v -4.47089 0.31101 0.25600
v -4.47089 0.31101 -0.25600
v -4.47089 0.00558 -0.25600
v -4.12962 -0.07002 0.25600
v -4.12962 -0.07002 -0.25600
v -4.15442 0.19788 0.25600
v -4.15442 0.19788 -0.25600
v -4.40175 -0.06177 0.25600
v -4.40058 0.28588 0.25600
v -4.40058 0.28588 -0.25600
v -4.40175 -0.06177 -0.25600
v -3.70261 0.54209 0.25600
v -3.70261 0.54209 -0.25600
v -4.47089 0.71772 0.25600
v -4.47089 0.71772 -0.25600
v -4.40058 0.69258 0.25600
v -4.40058 0.69258 -0.25600
v -4.15442 0.60458 0.25600
v -4.15443 0.60458 -0.25600
v -4.63494 0.31101 0.25600
v -4.63494 0.31101 -0.25600
v -4.63494 0.71772 0.25600
v -4.63494 0.71772 -0.25600
v -4.47375 0.00558 0.25600
v -4.47375 0.31101 0.25600
v -4.47375 0.31101 -0.25600
v -4.47375 0.00558 -0.25600
v -3.70261 0.72839 0.25600
v -3.70261 0.72839 -0.25600
v -4.26098 0.72839 0.25600
v -4.26098 0.72839 -0.25600
v -4.15443 0.72839 0.25600
v -4.15443 0.72839 -0.25600
v -4.15443 0.72839 0.25600
v -4.15443 0.72839 -0.25600
v -4.26098 1.00864 0.25600
v -4.26098 1.00864 -0.25600
v -4.15443 1.00864 0.25600
v -4.15443 1.00864 -0.25600
v -4.15442 0.41479 -0.25600
v -4.40058 0.50279 -0.25600
v -4.47089 0.52792 -0.25600
v -4.47089 0.52792 0.25600
v -3.97960 0.35170 0.25600
v -4.15442 0.41479 0.25600
v -4.40058 0.50279 0.25600
v -3.97960 0.35170 -0.25600
v -4.63494 0.52792 -0.25600
v -4.63494 0.52792 0.25600
v -2.63979 0.54209 0.25600
v -2.63979 0.54209 -0.25600
v -2.63979 0.35170 0.25600
v -2.63979 0.35170 -0.25600
v -3.70261 1.07550 0.25600
v -3.70261 1.07550 -0.25600
v -4.15443 1.00864 0.25600
v -4.15443 1.00864 -0.25600
v -1.05665 0.54209 0.25600
v -1.05665 0.54209 -0.25600
v -1.07522 0.72839 -0.25600
v -1.07522 0.72839 0.25600
v -1.07522 1.07550 0.25600
v -1.07522 1.07550 -0.25600
v -1.05659 0.35170 -0.25600
v -1.05659 0.35170 0.25600
v -1.05659 0.13538 -0.25600
v -1.05659 0.13538 0.25600
v -1.05659 0.54209 0.25600
v -1.05659 0.54209 -0.25600
v -1.05659 0.35170 0.25600
v -1.05659 0.35170 -0.25600
v -4.08401 -0.11488 -0.25600
v -4.08401 -0.11488 0.25600
v -4.10127 0.17888 0.25600
v -4.10127 0.17888 -0.25600
v -4.01706 0.58558 0.25600
v -4.01706 0.58558 -0.25600
v -4.01706 0.72839 0.25600
v -4.01706 0.72839 -0.25600
v -4.10127 0.39561 -0.25600
v -4.10127 0.39561 0.25600
v -4.01706 1.02897 0.25600
v -4.01706 1.02897 -0.25600
v -3.02758 0.54209 0.25600
v -3.03232 0.72839 0.25600
v -3.03232 0.72839 -0.25600
v -3.02758 0.54209 -0.25600
v -3.03232 1.07550 0.25600
v -3.03232 1.07550 -0.25600
v -3.52779 1.26805 0.25600
v -3.52779 1.26805 -0.25600
v -3.11186 1.23222 0.25600
v -3.11186 1.23222 -0.25600
v -3.86732 1.28099 0.25600
v -3.86732 1.28099 -0.25600
v -3.39345 1.64801 0.25600
v -3.39345 1.64801 -0.25600
v -3.09789 1.61534 0.25600
v -3.09789 1.61534 -0.25600
v -3.73298 1.63512 0.25600
v -3.73298 1.63512 -0.25600
v -3.10311 1.43253 -0.25600
v -3.10311 1.43253 0.25600
v -3.78549 1.41438 -0.25600
v -3.47605 1.40942 -0.25600
v -3.78549 1.41438 0.25600
v -3.47605 1.40942 0.25600
v -1.12444 1.43253 -0.25600
v -1.11921 1.51732 -0.25600
v -1.11921 1.51732 0.25600
v -1.12444 1.43253 0.25600
v -1.19842 1.51980 -0.25600
v -1.20364 1.43253 -0.25600
v -1.19842 1.51980 0.25600
v -1.20364 1.43253 0.25600
v -1.12444 1.07787 -0.25600
v -1.12444 1.07787 0.25600
v -1.20364 1.07787 0.25600
v -1.20364 1.07787 -0.25600
v -3.33960 -0.76239 0.25600
v -3.33960 -0.76239 -0.25600
v -3.99926 -0.46469 -0.25600
v -3.99926 -0.46469 0.25600
v -2.35733 -0.91850 -0.25600
v -2.35733 -0.91850 0.25600
v -2.35733 -0.55218 0.25600
v -2.35733 -0.55218 -0.25600
v -3.18285 -0.87718 -0.25600
v -3.02610 -0.93131 -0.25600
v -2.86935 -0.92454 -0.25600
v -2.71260 -0.91778 -0.25600
v -2.55585 -0.86272 -0.25600
v -2.55585 -0.86272 0.25600
v -2.71260 -0.91778 0.25600
v -2.86935 -0.92454 0.25600
v -3.02610 -0.93131 0.25600
v -3.18285 -0.87718 0.25600
v -3.18285 -0.81878 0.25600
v -3.02610 -0.88725 0.25600
v -2.86935 -0.88701 0.25600
v -2.71260 -0.86328 0.25600
v -2.55585 -0.78603 0.25600
v -2.55585 -0.78603 -0.25600
v -2.71260 -0.86328 -0.25600
v -2.86935 -0.88701 -0.25600
v -3.02610 -0.88725 -0.25600
v -3.18285 -0.81878 -0.25600
v -2.06466 -2.84772 0.19200
v -2.37285 -0.75668 0.19200
v -2.06466 -2.84772 -0.19200
v -2.37285 -0.75668 -0.19200
v -0.95656 -2.55715 0.19200
v -1.27003 -0.62911 0.19200
v -0.95656 -2.55715 -0.19200
v -1.27003 -0.62911 -0.19200
v -2.26836 -1.80220 0.19200
v -2.26836 -1.80220 -0.19200
v -1.19125 -1.59313 -0.19200
v -1.19125 -1.59313 0.19200
v -2.34699 -1.27944 0.19200
v -2.34699 -1.27944 -0.19200
v -1.24835 -1.11112 -0.19200
v -1.24835 -1.11112 0.19200
v -2.17303 -2.32496 -0.19200
v -1.07480 -2.07514 -0.19200
v -1.07480 -2.07514 0.19200
v -2.17303 -2.32496 0.19200
v -2.22010 -2.06358 0.19200
v -2.22010 -2.06358 -0.19200
v -1.12252 -1.83414 -0.19200
v -1.12252 -1.83414 0.19200
v -2.31398 -1.54082 -0.19200
v -1.24460 -1.35213 -0.19200
v -1.24460 -1.35213 0.19200
v -2.31398 -1.54082 0.19200
v -2.39254 -0.34328 0.19200
v -2.39254 -0.34328 -0.19200
v -1.28971 -0.21571 -0.19200
v -1.28971 -0.21571 0.19200
v -4.89315 -1.76087 0.22396
v -4.00377 -0.49368 0.22396
v -4.89315 -1.76087 -0.22404
v -4.00377 -0.49368 -0.22404
v -4.02669 -1.97619 0.22396
v -3.49354 -0.85340 0.22396
v -4.02669 -1.97619 -0.22404
v -3.49354 -0.85340 -0.22404
v -4.70996 -1.49986 0.22396
v -4.70996 -1.49986 -0.22404
v -4.01193 -1.69978 -0.22404
v -4.01193 -1.69978 0.22396
v -4.35687 -0.99677 0.22396
v -4.35687 -0.99677 -0.22404
v -3.75273 -1.27659 -0.22404
v -3.75273 -1.27659 0.22396
v -4.18032 -0.74523 0.22396
v -4.18032 -0.74523 -0.22404
v -3.62313 -1.06500 -0.22404
v -3.62313 -1.06500 0.22396
v -4.26859 -0.87100 -0.22404
v -3.58704 -1.27089 -0.22404
v -3.58704 -1.27089 0.22396
v -4.26859 -0.87100 0.22396
v -0.63852 0.55579 -0.54449
v 2.01590 0.55579 -0.54449
v -0.63852 0.44957 -0.53403
v 2.01590 0.44957 -0.53403
v -0.63852 0.34743 -0.50305
v 2.01590 0.34743 -0.50305
v -0.63852 0.25330 -0.45274
v 2.01590 0.25331 -0.45274
v -0.63852 0.17080 -0.38503
v 2.01590 0.17080 -0.38503
v -0.63852 0.10309 -0.30252
v 2.01590 0.10309 -0.30252
v -0.63852 0.05278 -0.20839
v 2.01590 0.05278 -0.20839
v -0.63852 0.02179 -0.10626
v 2.01590 0.02179 -0.10626
v -0.63852 0.01133 -0.00004
v 2.01590 0.01133 -0.00004
v -0.63852 0.02179 0.10618
v 2.01590 0.02179 0.10618
v -0.63852 0.05278 0.20832
v 2.01590 0.05278 0.20832
v -0.63852 0.10309 0.30244
v 2.01590 0.10309 0.30245
v -0.63852 0.17080 0.38495
v 2.01590 0.17080 0.38495
v -0.63852 0.25330 0.45266
v 2.01590 0.25331 0.45266
v -0.63852 0.34743 0.50297
v 2.01590 0.34743 0.50297
v -0.63852 0.44957 0.53395
v 2.01590 0.44957 0.53396
v -0.63852 0.55579 0.54442
v 2.01590 0.55579 0.54442
v -0.63852 0.66201 0.53395
v 2.01590 0.66201 0.53395
v -0.63852 0.76414 0.50297
v 2.01590 0.76414 0.50297
v -0.63852 0.85827 0.45266
v 2.01590 0.85827 0.45266
v -0.63852 0.94078 0.38495
v 2.01590 0.94078 0.38495
v -0.63852 1.00849 0.30244
v 2.01590 1.00849 0.30244
v -0.63852 1.05880 0.20832
v 2.01590 1.05880 0.20832
v -0.63852 1.08978 0.10618
v 2.01590 1.08978 0.10618
v -0.63852 1.10024 -0.00004
v 2.01590 1.10024 -0.00004
v -0.63852 1.08978 -0.10626
v 2.01590 1.08978 -0.10626
v -0.63852 1.05880 -0.20839
v 2.01590 1.05880 -0.20839
v -0.63852 1.00849 -0.30252
v 2.01590 1.00849 -0.30252
v -0.63852 0.94078 -0.38503
v 2.01590 0.94078 -0.38503
v -0.63852 0.85827 -0.45274
v 2.01590 0.85827 -0.45274
v -0.63852 0.76414 -0.50305
v 2.01590 0.76414 -0.50305
v -0.63852 0.66200 -0.53403
v 2.01590 0.66200 -0.53403
v 2.28601 0.55579 -0.10218
v 4.94043 0.55579 -0.10218
v 2.28601 0.53586 -0.10021
v 4.94043 0.53586 -0.10021
v 2.28601 0.51670 -0.09440
v 4.94043 0.51670 -0.09440
v 2.28601 0.49904 -0.08496
v 4.94043 0.49904 -0.08496
v 2.28601 0.48357 -0.07226
v 4.94043 0.48357 -0.07226
v 2.28601 0.47086 -0.05678
v 4.94043 0.47086 -0.05678
v 2.28601 0.46142 -0.03913
v 4.94043 0.46142 -0.03913
v 2.28601 0.45561 -0.01997
v 4.94043 0.45561 -0.01997
v 2.28601 0.45365 -0.00004
v 4.94043 0.45365 -0.00004
v 2.28601 0.45561 0.01989
v 4.94043 0.45561 0.01989
v 2.28601 0.46142 0.03905
v 4.94043 0.46142 0.03905
v 2.28601 0.47086 0.05671
v 4.94043 0.47086 0.05671
v 2.28601 0.48357 0.07218
v 4.94043 0.48357 0.07218
v 2.28601 0.49904 0.08489
v 4.94043 0.49904 0.08489
v 2.28601 0.51670 0.09432
v 4.94043 0.51670 0.09432
v 2.28601 0.53586 0.10014
v 4.94043 0.53586 0.10014
v 2.28601 0.55579 0.10210
v 4.94043 0.55579 0.10210
v 2.28601 0.57571 0.10014
v 4.94043 0.57571 0.10014
v 2.28601 0.59488 0.09432
v 4.94043 0.59488 0.09432
v 2.28601 0.61253 0.08489
v 4.94043 0.61253 0.08489
v 2.28601 0.62801 0.07218
v 4.94043 0.62801 0.07218
v 2.28601 0.64071 0.05671
v 4.94043 0.64071 0.05671
v 2.28601 0.65015 0.03905
v 4.94043 0.65015 0.03905
v 2.28601 0.65596 0.01989
v 4.94043 0.65596 0.01989
v 2.28601 0.65793 -0.00004
v 4.94043 0.65793 -0.00004
v 2.28601 0.65596 -0.01997
v 4.94043 0.65596 -0.01997
v 2.28601 0.65015 -0.03913
v 4.94043 0.65015 -0.03913
v 2.28601 0.64071 -0.05678
v 4.94043 0.64071 -0.05678
v 2.28601 0.62801 -0.07226
v 4.94043 0.62801 -0.07226
v 2.28601 0.61253 -0.08496
v 4.94043 0.61253 -0.08496
v 2.28601 0.59487 -0.09440
v 4.94043 0.59488 -0.09440
v 2.28601 0.57571 -0.10021
v 4.94043 0.57571 -0.10021
v 4.77212 0.55579 -0.14739
v 6.10455 0.55579 -0.14739
v 4.77212 0.52704 -0.14456
v 6.10455 0.52704 -0.14456
v 4.77212 0.49940 -0.13618
v 6.10455 0.49940 -0.13618
v 4.77212 0.47392 -0.12256
v 6.10455 0.47392 -0.12256
v 4.77212 0.45159 -0.10423
v 6.10455 0.45159 -0.10423
v 4.77212 0.43327 -0.08191
v 6.10455 0.43327 -0.08191
v 4.77212 0.41965 -0.05643
v 6.10455 0.41965 -0.05643
v 4.77212 0.41126 -0.02879
v 6.10455 0.41126 -0.02879
v 4.77212 0.40843 -0.00004
v 6.10455 0.40843 -0.00004
v 4.77212 0.41126 0.02871
v 6.10455 0.41126 0.02871
v 4.77212 0.41965 0.05635
v 6.10455 0.41965 0.05635
v 4.77212 0.43327 0.08183
v 6.10455 0.43327 0.08183
v 4.77212 0.45159 0.10416
v 6.10455 0.45159 0.10416
v 4.77212 0.47392 0.12248
v 6.10455 0.47392 0.12248
v 4.77212 0.49940 0.13610
v 6.10455 0.49940 0.13610
v 4.77212 0.52704 0.14448
v 6.10455 0.52704 0.14448
v 4.77212 0.55579 0.14732
v 6.10455 0.55579 0.14732
v 4.77212 0.58454 0.14448
v 6.10455 0.58454 0.14448
v 4.77212 0.61218 0.13610
v 6.10455 0.61218 0.13610
v 4.77212 0.63765 0.12248
v 6.10455 0.63765 0.12248
v 4.77212 0.65998 0.10416
v 6.10455 0.65998 0.10416
v 4.77212 0.67831 0.08183
v 6.10455 0.67831 0.08183
v 4.77212 0.69193 0.05635
v 6.10455 0.69193 0.05635
v 4.77212 0.70031 0.02871
v 6.10455 0.70031 0.02871
v 4.77212 0.70314 -0.00004
v 6.10455 0.70314 -0.00004
v 4.77212 0.70031 -0.02879
v 6.10455 0.70031 -0.02879
v 4.77212 0.69193 -0.05643
v 6.10455 0.69193 -0.05643
v 4.77212 0.67831 -0.08191
v 6.10455 0.67831 -0.08191
v 4.77212 0.65998 -0.10423
v 6.10455 0.65998 -0.10423
v 4.77212 0.63765 -0.12256
v 6.10455 0.63765 -0.12256
v 4.77212 0.61218 -0.13618
v 6.10455 0.61218 -0.13618
v 4.77212 0.58454 -0.14456
v 6.10455 0.58454 -0.14456
v -8.72498 0.08772 0.12801
v -8.72498 0.74641 0.12800
v -8.72498 0.08772 -0.12799
v -8.72498 0.74641 -0.12800
v -6.04720 0.15417 0.12801
v -6.04720 0.74641 0.12800
v -6.04720 0.15417 -0.12799
v -6.04720 0.74641 -0.12800
v -7.83002 0.08772 -0.12799
v -7.83002 0.74641 -0.12800
v -7.83002 0.08772 0.12801
v -7.83002 0.74641 0.12800
v -8.39889 0.08772 -0.12799
v -8.39889 0.74641 0.12800
v -8.39889 0.74641 -0.12800
v -8.39889 0.08772 0.12801
v -6.61444 -0.27778 0.12801
v -6.61444 -0.27778 -0.12799
v -7.74925 -0.54598 0.12801
v -7.74925 -0.54598 -0.12799
v -7.83002 -0.22913 -0.12799
v -7.83002 -0.22913 0.12801
v -6.53019 0.04737 0.12801
v -6.53019 0.04737 -0.12799
v -6.65243 0.74641 -0.12800
v -6.65243 0.13161 0.12801
v -6.65243 0.13161 -0.12799
v -6.65243 0.74641 0.12800
v -7.02710 -0.28378 0.12801
v -7.02710 -0.28378 -0.12799
v -6.97145 -0.04650 0.12801
v -6.97145 -0.04650 -0.12799
v -6.96658 0.11990 -0.12799
v -6.96658 0.74641 0.12800
v -7.19383 -0.29346 -0.12799
v -7.20050 -0.09522 -0.12799
v -6.96658 0.74641 -0.12800
v -6.96658 0.11990 0.12801
v -7.19383 -0.29346 0.12801
v -7.20050 -0.09522 0.12801
v -6.62739 0.74641 -0.12800
v -6.62739 0.13255 0.12801
v -7.01003 -0.38341 0.12801
v -6.95319 -0.04261 0.12801
v -6.62739 0.13255 -0.12799
v -6.62739 0.74641 0.12800
v -7.01003 -0.38341 -0.12799
v -6.95319 -0.04261 -0.12799
v -7.48702 0.10050 -0.12799
v -7.48702 0.74641 0.12800
v -7.61198 -0.63085 -0.12799
v -7.57994 -0.17593 -0.12799
v -7.48702 0.74641 -0.12800
v -7.48702 0.10050 0.12801
v -7.61198 -0.63085 0.12801
v -7.57994 -0.17593 0.12801
v -6.45420 0.74641 -0.12800
v -6.45420 0.13900 0.12801
v -6.89195 -0.38341 0.12801
v -6.82693 -0.01575 0.12801
v -6.45420 0.13900 -0.12799
v -6.45420 0.74641 0.12800
v -6.89195 -0.38341 -0.12799
v -6.82693 -0.01575 -0.12799
v -6.42581 0.74641 -0.12800
v -6.42581 0.14006 0.12801
v -6.87259 -0.28257 0.12801
v -6.80623 -0.01135 0.12801
v -6.42581 0.14006 -0.12799
v -6.42581 0.74641 0.12800
v -6.87259 -0.28257 -0.12799
v -6.80623 -0.01135 -0.12799
v -7.74925 -0.42022 -0.12799
v -6.58100 -0.14873 0.12801
v -7.74925 -0.42022 0.12801
v -6.58100 -0.14873 -0.12799
v -7.00502 -0.18960 0.12801
v -7.00502 -0.18960 -0.12799
v -7.19648 -0.21478 -0.12799
v -7.19648 -0.21478 0.12801
v -6.98747 -0.24814 0.12801
v -6.98747 -0.24814 -0.12799
v -7.59926 -0.45029 -0.12799
v -7.59926 -0.45029 0.12801
v -6.86614 -0.23748 0.12801
v -6.86614 -0.23748 -0.12799
v -6.84625 -0.17492 0.12801
v -6.84625 -0.17492 -0.12799
v -8.63475 -1.21237 -0.12799
v -8.63475 -1.21237 0.12801
v -8.30866 -1.21237 -0.12799
v -8.30866 -1.21237 0.12801
v -7.83002 -0.05926 0.12801
v -6.27125 0.10463 -0.12799
v -7.83002 -0.05926 -0.12799
v -6.27125 0.10463 0.12801
v -6.80042 0.04899 -0.12799
v -6.80042 0.04899 0.12801
v -7.07509 0.02012 -0.12799
v -7.07509 0.02012 0.12801
v -6.77852 0.05130 0.12801
v -6.77852 0.05130 -0.12799
v -7.53012 -0.02773 -0.12799
v -7.53012 -0.02773 0.12801
v -6.62710 0.06722 0.12801
v -6.62710 0.06722 -0.12799
v -6.60227 0.06983 0.12801
v -6.60227 0.06983 -0.12799
v -8.41018 -0.05926 -0.12799
v -8.41018 -0.22913 -0.12799
v -8.41018 -0.22913 0.12801
v -8.41018 -0.05926 0.12801
v -7.83002 -0.39052 -0.12799
v -7.83002 -0.39052 0.12801
v -8.33660 -0.91266 -0.12799
v -8.33660 -0.91266 0.12801
v -7.73845 -0.22913 -0.12799
v -7.73845 -0.22913 0.12801
v -7.73845 -0.39052 -0.12799
v -7.73845 -0.39052 0.12801
v -6.05486 0.52455 -0.19144
v -4.63260 0.52455 -0.19144
v -6.05486 0.48720 -0.18776
v -4.63260 0.48720 -0.18776
v -6.05486 0.45129 -0.17686
v -4.63260 0.45129 -0.17686
v -6.05486 0.41819 -0.15917
v -4.63260 0.41819 -0.15917
v -6.05486 0.38918 -0.13536
v -4.63260 0.38918 -0.13536
v -6.05486 0.36537 -0.10635
v -4.63260 0.36537 -0.10635
v -6.05486 0.34768 -0.07326
v -4.63260 0.34768 -0.07326
v -6.05486 0.33679 -0.03734
v -4.63260 0.33679 -0.03734
v -6.05486 0.33311 0.00000
v -4.63260 0.33311 0.00001
v -6.05486 0.33679 0.03735
v -4.63260 0.33679 0.03735
v -6.05486 0.34768 0.07327
v -4.63260 0.34768 0.07327
v -6.05486 0.36537 0.10636
v -4.63260 0.36537 0.10636
v -6.05486 0.38918 0.13537
v -4.63260 0.38918 0.13537
v -6.05486 0.41819 0.15918
v -4.63260 0.41819 0.15918
v -6.05486 0.45129 0.17687
v -4.63260 0.45129 0.17687
v -6.05486 0.48720 0.18777
v -4.63260 0.48720 0.18777
v -6.05486 0.52455 0.19145
v -4.63260 0.52455 0.19145
v -6.05486 0.56190 0.18777
v -4.63260 0.56190 0.18777
v -6.05486 0.59781 0.17687
v -4.63260 0.59781 0.17687
v -6.05486 0.63091 0.15918
v -4.63260 0.63091 0.15918
v -6.05486 0.65992 0.13537
v -4.63260 0.65992 0.13537
v -6.05486 0.68372 0.10636
v -4.63260 0.68372 0.10636
v -6.05486 0.70142 0.07326
v -4.63260 0.70142 0.07327
v -6.05486 0.71231 0.03735
v -4.63260 0.71231 0.03735
v -6.05486 0.71599 0.00000
v -4.63260 0.71599 0.00000
v -6.05486 0.71231 -0.03734
v -4.63260 0.71231 -0.03734
v -6.05486 0.70142 -0.07326
v -4.63260 0.70142 -0.07326
v -6.05486 0.68372 -0.10635
v -4.63260 0.68372 -0.10635
v -6.05486 0.65992 -0.13537
v -4.63260 0.65992 -0.13537
v -6.05486 0.63091 -0.15917
v -4.63260 0.63091 -0.15917
v -6.05486 0.59781 -0.17686
v -4.63260 0.59781 -0.17686
v -6.05486 0.56190 -0.18776
v -4.63260 0.56190 -0.18776
v -2.37848 -0.76738 0.22396
v -2.42147 0.14514 0.22396
v -2.37848 -0.76738 -0.22404
v -2.42147 0.14514 -0.22404
v -1.26773 -0.62139 0.22396
v -1.26773 0.14514 0.22396
v -1.26773 -0.62139 -0.22404
v -1.26773 0.14514 -0.22404
v -2.40443 -0.21657 0.22396
v -2.40443 -0.21657 -0.22404
v -1.26773 -0.15870 -0.22404
v -1.26773 -0.15870 0.22396
v -2.39847 -0.34302 -0.22404
v -1.26773 -0.26492 -0.22404
v -1.26773 -0.26492 0.22396
v -2.39847 -0.34302 0.22396
v -2.49100 -0.34302 0.22396
v -2.49100 -0.21657 0.22396
v -2.49100 -0.21657 -0.22404
v -2.49100 -0.34302 -0.22404
v -1.18490 0.55007 -0.24825
v -0.53240 0.55007 -0.38125
v -1.18490 0.50165 -0.24348
v -0.53240 0.47570 -0.37392
v -1.18490 0.45509 -0.22935
v -0.53240 0.40419 -0.35223
v -1.18490 0.41217 -0.20642
v -0.53240 0.33828 -0.31700
v -1.18490 0.37456 -0.17555
v -0.53240 0.28052 -0.26959
v -1.18490 0.34369 -0.13794
v -0.53240 0.23311 -0.21183
v -1.18490 0.32076 -0.09502
v -0.53240 0.19788 -0.14592
v -1.18490 0.30663 -0.04846
v -0.53240 0.17619 -0.07441
v -1.18490 0.30186 -0.00004
v -0.53240 0.16886 -0.00004
v -1.18490 0.30663 0.04838
v -0.53240 0.17619 0.07433
v -1.18490 0.32076 0.09495
v -0.53240 0.19788 0.14584
v -1.18490 0.34369 0.13786
v -0.53240 0.23311 0.21175
v -1.18490 0.37456 0.17547
v -0.53240 0.28052 0.26952
v -1.18490 0.41217 0.20634
v -0.53240 0.33828 0.31693
v -1.18490 0.45509 0.22928
v -0.53240 0.40419 0.35215
v -1.18490 0.50165 0.24340
v -0.53240 0.47570 0.37384
v -1.18490 0.55007 0.24817
v -0.53240 0.55007 0.38117
v -1.18490 0.59849 0.24340
v -0.53240 0.62444 0.37384
v -1.18490 0.64506 0.22928
v -0.53240 0.69595 0.35215
v -1.18490 0.68797 0.20634
v -0.53240 0.76186 0.31692
v -1.18490 0.72558 0.17547
v -0.53240 0.81963 0.26952
v -1.18490 0.75645 0.13786
v -0.53240 0.86704 0.21175
v -1.18490 0.77939 0.09495
v -0.53240 0.90226 0.14584
v -1.18490 0.79351 0.04838
v -0.53240 0.92395 0.07433
v -1.18490 0.79828 -0.00004
v -0.53240 0.93128 -0.00004
v -1.18490 0.79351 -0.04846
v -0.53240 0.92395 -0.07441
v -1.18490 0.77939 -0.09502
v -0.53240 0.90226 -0.14592
v -1.18490 0.75645 -0.13794
v -0.53240 0.86704 -0.21183
v -1.18490 0.72558 -0.17555
v -0.53240 0.81963 -0.26959
v -1.18490 0.68797 -0.20642
v -0.53240 0.76186 -0.31700
v -1.18490 0.64506 -0.22935
v -0.53240 0.69595 -0.35223
v -1.18490 0.59849 -0.24348
v -0.53240 0.62444 -0.37392
v -0.88484 0.55007 -0.38125
v -0.88484 0.47570 -0.37392
v -0.88484 0.40419 -0.35223
v -0.88484 0.33828 -0.31700
v -0.88484 0.28052 -0.26959
v -0.88484 0.23311 -0.21183
v -0.88484 0.19788 -0.14592
v -0.88484 0.17619 -0.07441
v -0.88484 0.16886 -0.00004
v -0.88484 0.17619 0.07433
v -0.88484 0.19788 0.14584
v -0.88484 0.23311 0.21175
v -0.88484 0.28052 0.26952
v -0.88484 0.33828 0.31693
v -0.88484 0.40419 0.35215
v -0.88484 0.47570 0.37384
v -0.88484 0.55007 0.38117
v -0.88484 0.62444 0.37384
v -0.88484 0.69595 0.35215
v -0.88484 0.76186 0.31692
v -0.88484 0.81963 0.26952
v -0.88484 0.86704 0.21175
v -0.88484 0.90226 0.14584
v -0.88484 0.92395 0.07433
v -0.88484 0.93128 -0.00004
v -0.88484 0.92395 -0.07441
v -0.88484 0.90226 -0.14592
v -0.88484 0.86704 -0.21183
v -0.88484 0.81963 -0.26959
v -0.88484 0.76186 -0.31700
v -0.88484 0.69595 -0.35223
v -0.88484 0.62444 -0.37392
v -0.93009 0.50075 -0.24800
v -0.93009 0.45332 -0.23361
v -0.93009 0.40961 -0.21025
v -0.93009 0.37130 -0.17881
v -0.93009 0.33986 -0.14050
v -0.93009 0.31650 -0.09679
v -0.93009 0.30211 -0.04936
v -0.93009 0.29725 -0.00004
v -0.93009 0.30211 0.04928
v -0.93009 0.31650 0.09671
v -0.93009 0.33986 0.14042
v -0.93009 0.37130 0.17873
v -0.93009 0.40961 0.21017
v -0.93009 0.45332 0.23354
v -0.93009 0.50075 0.24792
v -0.93009 0.55007 0.25278
v -0.93009 0.59939 0.24792
v -0.93009 0.64682 0.23354
v -0.93009 0.69053 0.21017
v -0.93009 0.72884 0.17873
v -0.93009 0.76028 0.14042
v -0.93009 0.78365 0.09671
v -0.93009 0.79803 0.04928
v -0.93009 0.80289 -0.00004
v -0.93009 0.79803 -0.04936
v -0.93009 0.78365 -0.09679
v -0.93009 0.76028 -0.14050
v -0.93009 0.72884 -0.17881
v -0.93009 0.69053 -0.21025
v -0.93009 0.64682 -0.23361
v -0.93009 0.59939 -0.24800
v -0.93009 0.55007 -0.25286
v 1.93703 0.46095 -0.23718
v 2.75274 0.56756 -0.23718
v 1.93703 0.39569 -0.23262
v 2.75274 0.53624 -0.23262
v 1.93703 0.33293 -0.21912
v 2.75274 0.50613 -0.21912
v 1.93703 0.27509 -0.19721
v 2.75274 0.47837 -0.19721
v 1.93703 0.22440 -0.16772
v 2.75274 0.45405 -0.16772
v 1.93703 0.18279 -0.13179
v 2.75274 0.43409 -0.13179
v 1.93703 0.15188 -0.09079
v 2.75274 0.41925 -0.09079
v 1.93703 0.13284 -0.04630
v 2.75274 0.41012 -0.04630
v 1.93703 0.12641 -0.00004
v 2.75274 0.40703 -0.00004
v 1.93703 0.13284 0.04622
v 2.75274 0.41012 0.04622
v 1.93703 0.15188 0.09071
v 2.75274 0.41925 0.09071
v 1.93703 0.18279 0.13171
v 2.75274 0.43409 0.13171
v 1.93703 0.22440 0.16764
v 2.75274 0.45405 0.16764
v 1.93703 0.27509 0.19713
v 2.75274 0.47837 0.19713
v 1.93703 0.33293 0.21905
v 2.75274 0.50613 0.21905
v 1.93703 0.39569 0.23254
v 2.75274 0.53624 0.23254
v 1.93703 0.46095 0.23710
v 2.75274 0.56756 0.23710
v 1.93703 0.52622 0.23254
v 2.75274 0.59888 0.23254
v 1.93703 0.58898 0.21905
v 2.75274 0.62899 0.21905
v 1.93703 0.64681 0.19713
v 2.75274 0.65675 0.19713
v 1.93703 0.69751 0.16764
v 2.75274 0.68107 0.16764
v 1.93703 0.73911 0.13171
v 2.75274 0.70103 0.13171
v 1.93703 0.77002 0.09071
v 2.75274 0.71587 0.09071
v 1.93703 0.78906 0.04622
v 2.75274 0.72500 0.04622
v 1.93703 0.79549 -0.00004
v 2.75274 0.72809 -0.00004
v 1.93703 0.78906 -0.04630
v 2.75274 0.72500 -0.04630
v 1.93703 0.77002 -0.09079
v 2.75274 0.71587 -0.09079
v 1.93703 0.73911 -0.13179
v 2.75274 0.70103 -0.13179
v 1.93703 0.69751 -0.16772
v 2.75274 0.68107 -0.16772
v 1.93703 0.64681 -0.19721
v 2.75274 0.65675 -0.19721
v 1.93703 0.58897 -0.21913
v 2.75274 0.62899 -0.21912
v 1.93703 0.52622 -0.23262
v 2.75274 0.59888 -0.23262
v 2.06051 0.46095 -0.23718
v 2.06051 0.39569 -0.23262
v 2.06051 0.33293 -0.21912
v 2.06051 0.27509 -0.19721
v 2.06051 0.22440 -0.16772
v 2.06051 0.18279 -0.13179
v 2.06051 0.15188 -0.09079
v 2.06051 0.13284 -0.04630
v 2.06051 0.12641 -0.00004
v 2.06051 0.13284 0.04622
v 2.06051 0.15188 0.09071
v 2.06051 0.18279 0.13171
v 2.06051 0.22440 0.16764
v 2.06051 0.27509 0.19713
v 2.06051 0.33293 0.21905
v 2.06051 0.39569 0.23254
v 2.06051 0.46095 0.23710
v 2.06051 0.52622 0.23254
v 2.06051 0.58898 0.21905
v 2.06051 0.64681 0.19713
v 2.06051 0.69751 0.16764
v 2.06051 0.73911 0.13171
v 2.06051 0.77002 0.09071
v 2.06051 0.78906 0.04622
v 2.06051 0.79549 -0.00004
v 2.06051 0.78906 -0.04630
v 2.06051 0.77002 -0.09079
v 2.06051 0.73911 -0.13179
v 2.06051 0.69751 -0.16772
v 2.06051 0.64681 -0.19721
v 2.06051 0.58897 -0.21913
v 2.06051 0.52622 -0.23262
v 2.32475 0.56756 -0.23718
v 2.32475 0.53624 -0.23262
v 2.32475 0.50613 -0.21912
v 2.32475 0.47837 -0.19721
v 2.32475 0.45405 -0.16772
v 2.32475 0.43409 -0.13179
v 2.32475 0.41925 -0.09079
v 2.32475 0.41012 -0.04630
v 2.32475 0.40703 -0.00004
v 2.32475 0.41012 0.04622
v 2.32475 0.41925 0.09071
v 2.32475 0.43409 0.13171
v 2.32475 0.45405 0.16764
v 2.32475 0.47837 0.19713
v 2.32475 0.50613 0.21905
v 2.32475 0.53624 0.23254
v 2.32475 0.56756 0.23710
v 2.32475 0.59888 0.23254
v 2.32475 0.62899 0.21905
v 2.32475 0.65675 0.19713
v 2.32475 0.68107 0.16764
v 2.32475 0.70103 0.13171
v 2.32475 0.71587 0.09071
v 2.32475 0.72500 0.04622
v 2.32475 0.72809 -0.00004
v 2.32475 0.72500 -0.04630
v 2.32475 0.71587 -0.09079
v 2.32475 0.70103 -0.13179
v 2.32475 0.68107 -0.16772
v 2.32475 0.65675 -0.19721
v 2.32475 0.62899 -0.21912
v 2.32475 0.59888 -0.23262
v 2.11694 0.75937 0.06396
v 2.66635 1.69787 0.06396
v 2.11694 0.75937 -0.06404
v 2.66635 1.69787 -0.06404
v 2.24823 0.75937 0.06396
v 2.76926 1.69529 0.06396
v 2.24823 0.75937 -0.06404
v 2.76926 1.69529 -0.06404
v 2.10662 0.89224 0.06396
v 2.10662 0.89224 -0.06404
v 2.20954 0.88966 -0.06404
v 2.20954 0.88966 0.06396
v 1.98539 0.75937 -0.06404
v 1.98539 0.75937 0.06396
v 1.98539 0.87419 -0.06404
v 1.98539 0.87419 0.06396
v 2.86470 0.87419 -0.06404
v 2.86470 0.75937 -0.06404
v 2.86470 0.75937 0.06396
v 2.86470 0.87419 0.06396
v 2.24823 0.54786 0.06396
v 2.24823 0.54786 -0.06404
v 2.86470 0.54786 0.06396
v 2.86470 0.54786 -0.06404
v 2.43960 1.37150 0.06396
v 2.43960 1.37150 -0.06404
v 2.54251 1.36892 -0.06404
v 2.54251 1.36892 0.06396
v 2.82002 1.69529 -0.06404
v 2.82002 1.69529 0.06396
v 2.86046 1.36892 -0.06404
v 2.86046 1.36892 0.06396
v 2.79464 1.69529 -0.06404
v 2.70148 1.36892 -0.06404
v 2.70148 1.36892 0.06396
v 2.79464 1.69529 0.06396
v 2.86046 1.15248 -0.06404
v 2.86046 1.15248 0.06396
v 2.70148 1.15248 -0.06404
v 2.70148 1.15248 0.06396
v 2.81212 1.69529 -0.06404
v 2.81097 1.36892 -0.06404
v 2.81097 1.36892 0.06396
v 2.81212 1.69529 0.06396
v 2.81097 1.15248 -0.06404
v 2.81097 1.15248 0.06396
v 2.86046 0.85543 -0.06404
v 2.86046 0.85543 0.06396
v 2.81097 0.85543 -0.06404
v 2.81097 0.85543 0.06396
v -2.99426 -0.76641 0.03199
v -3.19657 -0.24573 0.03199
v -2.99426 -0.76641 -0.03201
v -3.19657 -0.24573 -0.03201
v -2.93629 -0.76641 0.03199
v -2.93629 -0.24573 0.03199
v -2.93629 -0.76641 -0.03201
v -2.93629 -0.24573 -0.03201
v -3.06474 -0.70856 0.03199
v -3.09998 -0.65071 0.03199
v -3.13653 -0.59286 0.03199
v -3.15611 -0.53500 0.03199
v -3.15219 -0.47715 0.03199
v -3.13392 -0.41929 0.03199
v -3.11695 -0.36144 0.03199
v -3.19657 -0.30359 0.03199
v -3.19657 -0.30359 -0.03201
v -3.11695 -0.36144 -0.03201
v -3.13392 -0.41929 -0.03201
v -3.15219 -0.47715 -0.03201
v -3.15611 -0.53500 -0.03201
v -3.13653 -0.59286 -0.03201
v -3.09998 -0.65071 -0.03201
v -3.06474 -0.70856 -0.03201
v -2.93629 -0.30359 -0.03201
v -3.01982 -0.36144 -0.03201
v -3.04723 -0.41929 -0.03201
v -3.08508 -0.47715 -0.03201
v -3.09030 -0.53500 -0.03201
v -3.06942 -0.59286 -0.03201
v -3.03549 -0.65071 -0.03201
v -2.99372 -0.70856 -0.03201
v -2.93629 -0.30359 0.03199
v -3.01982 -0.36144 0.03199
v -3.04723 -0.41929 0.03199
v -3.08508 -0.47715 0.03199
v -3.09030 -0.53500 0.03199
v -3.06942 -0.59286 0.03199
v -3.03549 -0.65071 0.03199
v -2.99372 -0.70856 0.03199
vt 0.53984 0.00000
vt 0.62500 0.00000
vt 0.62500 0.25000
vt 0.53984 0.25000
vt 0.53984 0.37500
vt 0.62500 0.37500
vt 0.62500 0.50000
vt 0.53984 0.50000
vt 0.62500 0.75000
vt 0.53984 0.75000
vt 0.53984 0.75000
vt 0.62500 0.75000
vt 0.53984 0.87500
vt 0.62500 0.87500
vt 0.62500 1.00000
vt 0.53984 1.00000
vt 0.25000 0.50000
vt 0.37500 0.50000
vt 0.37500 0.75000
vt 0.25000 0.75000
vt 0.75000 0.50000
vt 0.87500 0.50000
vt 0.87500 0.75000
vt 0.75000 0.75000
vt 0.25000 0.75000
vt 0.25000 0.50000
vt 0.25000 0.50000
vt 0.25000 0.75000
vt 0.37500 0.25000
vt 0.37500 0.37500
vt 0.37500 0.37500
vt 0.37500 0.25000
vt 0.37500 0.25000
vt 0.37500 0.37500
vt 0.37500 0.00000
vt 0.37500 0.00000
vt 0.37500 0.87500
vt 0.37500 1.00000
vt 0.37500 1.00000
vt 0.37500 0.87500
vt 0.12500 0.50000
vt 0.25000 0.50000
vt 0.25000 0.75000
vt 0.12500 0.75000
vt 0.37500 1.00000
vt 0.37500 0.87500
vt 0.37500 0.00000
vt 0.25000 0.50000
vt 0.25000 0.75000
vt 0.40090 0.25000
vt 0.40090 0.37500
vt 0.40090 0.75000
vt 0.40090 0.87500
vt 0.40090 1.00000
vt 0.40090 0.50000
vt 0.53984 0.50000
vt 0.40090 0.50000
vt 0.40090 0.25000
vt 0.40090 0.00000
vt 0.40090 0.00000
vt 0.40090 0.25000
vt 0.40090 0.75000
vt 0.40090 0.50000
vt 0.40090 0.75000
vt 0.37500 0.75000
vt 0.37500 0.50000
vt 0.53984 0.75000
vt 0.37500 0.00000
vt 0.40090 0.00000
vt 0.37500 0.25000
vt 0.37500 0.37500
vt 0.37500 0.87500
vt 0.37500 1.00000
vt 0.53984 0.50000
vt 0.53984 0.75000
vt 0.40090 0.00000
vt 0.40090 0.25000
vt 0.40090 1.00000
vt 0.53984 1.00000
vt 0.53984 1.00000
vt 0.40090 1.00000
vt 0.53984 0.00000
vt 0.53984 0.25000
vt 0.53984 0.25000
vt 0.53984 0.00000
vt 0.53984 0.25000
vt 0.53984 0.25000
vt 0.53984 0.25000
vt 0.40090 0.25000
vt 0.40090 0.25000
vt 0.53984 0.25000
vt 0.53984 0.25000
vt 0.53984 0.25000
vt 0.53984 0.25000
vt 0.40090 1.00000
vt 0.53984 1.00000
vt 0.53984 1.00000
vt 0.40090 1.00000
vt 0.40090 0.00000
vt 0.40090 0.00000
vt 0.53984 0.25000
vt 0.53984 0.25000
vt 0.53984 0.00000
vt 0.53984 0.25000
vt 0.53984 0.25000
vt 0.53984 0.25000
vt 0.53984 0.25000
vt 0.53984 0.25000
vt 0.53984 1.00000
vt 0.53984 1.00000
vt 0.53984 1.00000
vt 0.53984 1.00000
vt 0.53984 1.00000
vt 0.53984 1.00000
vt 0.53984 1.00000
vt 0.53984 1.00000
vt 0.53984 1.00000
vt 0.53984 1.00000
vt 0.53984 0.25000
vt 0.53984 0.00000
vt 0.53984 0.25000
vt 0.53984 0.25000
vt 0.53984 0.00000
vt 0.53984 0.25000
vt 0.53984 0.00000
vt 0.53984 0.00000
vt 0.53984 0.00000
vt 0.53984 0.25000
vt 0.53984 1.00000
vt 0.53984 1.00000
vt 0.53984 0.00000
vt 0.53984 0.25000
vt 0.53984 1.00000
vt 0.40090 1.00000
vt 0.53984 1.00000
vt 0.53984 1.00000
vt 0.53984 1.00000
vt 0.53984 1.00000
vt 0.53984 0.00000
vt 0.53984 0.00000
vt 0.53984 0.25000
vt 0.53984 0.00000
vt 0.53984 1.00000
vt 0.53984 1.00000
vt 0.53984 0.25000
vt 0.53984 0.25000
vt 0.53984 0.25000
vt 0.53984 0.25000
vt 0.53984 1.00000
vt 0.53984 0.00000
vt 0.53984 0.25000
vt 0.53984 0.25000
vt 0.53984 0.00000
vt 0.53984 1.00000
vt 0.53984 0.25000
vt 0.53984 0.25000
vt 0.53984 0.25000
vt 0.53984 1.00000
vt 0.53984 1.00000
vt 0.53984 0.25000
vt 0.53984 0.00000
vt 0.53984 0.00000
vt 0.53984 0.00000
vt 0.53984 0.25000
vt 0.53984 1.00000
vt 0.53984 1.00000
vt 0.53984 1.00000
vt 0.53984 1.00000
vt 0.53984 1.00000
vt 0.53984 1.00000
vt 0.53984 0.00000
vt 0.53984 0.00000
vt 0.53984 0.25000
vt 0.53984 0.00000
vt 0.53984 1.00000
vt 0.53984 1.00000
vt 0.53984 0.00000
vt 0.53984 0.25000
vt 0.53984 0.00000
vt 0.53984 0.50000
vt 0.62500 0.50000
vt 0.53984 0.00000
vt 0.53984 0.00000
vt 0.53984 1.00000
vt 0.53984 1.00000
vt 0.53984 0.25000
vt 0.53984 0.25000
vt 0.53984 1.00000
vt 0.53984 0.25000
vt 0.53984 0.00000
vt 0.53984 0.25000
vt 0.53984 0.25000
vt 0.53984 0.25000
vt 0.53984 0.25000
vt 0.53984 0.25000
vt 0.53984 0.25000
vt 0.53984 0.25000
vt 0.53984 0.25000
vt 0.53984 0.25000
vt 0.53984 0.25000
vt 0.53984 0.00000
vt 0.53984 1.00000
vt 0.53984 1.00000
vt 0.53984 1.00000
vt 0.53984 0.00000
vt 0.53984 0.00000
vt 0.53984 0.00000
vt 0.53984 0.25000
vt 0.53984 0.25000
vt 0.53984 0.00000
vt 0.53984 1.00000
vt 0.53984 1.00000
vt 0.53984 1.00000
vt 0.53984 1.00000
vt 0.53984 1.00000
vt 0.53984 1.00000
vt 0.53984 0.00000
vt 0.53984 0.00000
vt 0.53984 0.00000
vt 0.53984 0.00000
vt 0.53984 1.00000
vt 0.53984 1.00000
vt 0.53984 1.00000
vt 0.53984 1.00000
vt 0.53984 0.00000
vt 0.53984 0.25000
vt 0.53984 0.00000
vt 0.53984 0.00000
vt 0.53984 0.25000
vt 0.53984 1.00000
vt 0.53984 1.00000
vt 0.25000 0.75000
vt 0.25000 0.50000
vt 0.25000 0.50000
vt 0.25000 0.75000
vt 0.25000 0.50000
vt 0.25000 0.75000
vt 0.37500 0.87500
vt 0.37500 0.87500
vt 0.37500 0.87500
vt 0.37500 0.87500
vt 0.37500 0.37500
vt 0.37500 0.37500
vt 0.37500 0.37500
vt 0.37500 0.37500
vt 0.37500 0.37500
vt 0.37500 0.37500
vt 0.37500 0.37500
vt 0.37500 0.37500
vt 0.37500 0.37500
vt 0.37500 0.37500
vt 0.37500 0.37500
vt 0.37500 0.37500
vt 0.37500 0.87500
vt 0.37500 0.87500
vt 0.37500 0.87500
vt 0.37500 0.87500
vt 0.37500 0.87500
vt 0.37500 0.87500
vt 0.37500 0.87500
vt 0.37500 0.87500
vt 0.25000 0.75000
vt 0.25000 0.50000
vt 0.25000 0.75000
vt 0.25000 0.50000
vt 0.25000 0.75000
vt 0.25000 0.50000
vt 0.25000 0.75000
vt 0.25000 0.50000
vt 0.25000 0.50000
vt 0.25000 0.75000
vt 0.25000 0.50000
vt 0.25000 0.75000
vt 0.25000 0.50000
vt 0.25000 0.75000
vt 0.25000 0.50000
vt 0.25000 0.75000
vt 0.56250 0.00000
vt 0.62500 0.00000
vt 0.62500 0.25000
vt 0.56250 0.25000
vt 0.62500 0.50000
vt 0.56250 0.50000
vt 0.62500 0.75000
vt 0.56250 0.75000
vt 0.62500 1.00000
vt 0.56250 1.00000
vt 0.12500 0.50000
vt 0.37500 0.50000
vt 0.37500 0.75000
vt 0.12500 0.75000
vt 0.62500 0.50000
vt 0.62500 0.75000
vt 0.46875 0.75000
vt 0.50000 0.75000
vt 0.50000 1.00000
vt 0.46875 1.00000
vt 0.46875 0.50000
vt 0.50000 0.50000
vt 0.46875 0.25000
vt 0.50000 0.25000
vt 0.46875 0.00000
vt 0.50000 0.00000
vt 0.53125 0.75000
vt 0.53125 1.00000
vt 0.53125 0.50000
vt 0.53125 0.25000
vt 0.53125 0.00000
vt 0.37500 0.00000
vt 0.43750 0.00000
vt 0.43750 0.25000
vt 0.37500 0.25000
vt 0.43750 0.50000
vt 0.43750 0.75000
vt 0.43750 1.00000
vt 0.37500 1.00000
vt 0.87500 0.50000
vt 0.87500 0.75000
vt 0.62500 0.00000
vt 0.62500 0.25000
vt 0.62500 1.00000
vt 0.57537 0.00000
vt 0.62500 0.00000
vt 0.62500 0.25000
vt 0.57537 0.25000
vt 0.62500 0.50000
vt 0.57537 0.50000
vt 0.62500 0.75000
vt 0.57537 0.75000
vt 0.62500 1.00000
vt 0.57537 1.00000
vt 0.12500 0.50000
vt 0.37500 0.50000
vt 0.37500 0.75000
vt 0.12500 0.75000
vt 0.87500 0.50000
vt 0.87500 0.75000
vt 0.42650 0.75000
vt 0.42650 1.00000
vt 0.37500 1.00000
vt 0.42650 0.50000
vt 0.37500 0.25000
vt 0.42650 0.25000
vt 0.37500 0.00000
vt 0.42650 0.00000
vt 0.52575 0.75000
vt 0.52575 1.00000
vt 0.52575 0.50000
vt 0.52575 0.25000
vt 0.52575 0.00000
vt 0.55056 0.75000
vt 0.55056 1.00000
vt 0.55056 0.50000
vt 0.55056 0.25000
vt 0.55056 0.00000
vt 1.00000 0.50000
vt 1.00000 1.00000
vt 0.96875 1.00000
vt 0.96875 0.50000
vt 0.93750 1.00000
vt 0.93750 0.50000
vt 0.90625 1.00000
vt 0.90625 0.50000
vt 0.87500 1.00000
vt 0.87500 0.50000
vt 0.84375 1.00000
vt 0.84375 0.50000
vt 0.81250 1.00000
vt 0.81250 0.50000
vt 0.78125 1.00000
vt 0.78125 0.50000
vt 0.75000 1.00000
vt 0.75000 0.50000
vt 0.71875 1.00000
vt 0.71875 0.50000
vt 0.68750 1.00000
vt 0.68750 0.50000
vt 0.65625 1.00000
vt 0.65625 0.50000
vt 0.62500 1.00000
vt 0.62500 0.50000
vt 0.59375 1.00000
vt 0.59375 0.50000
vt 0.56250 1.00000
vt 0.56250 0.50000
vt 0.53125 1.00000
vt 0.53125 0.50000
vt 0.50000 1.00000
vt 0.50000 0.50000
vt 0.46875 1.00000
vt 0.46875 0.50000
vt 0.43750 1.00000
vt 0.43750 0.50000
vt 0.40625 1.00000
vt 0.40625 0.50000
vt 0.37500 1.00000
vt 0.37500 0.50000
vt 0.34375 1.00000
vt 0.34375 0.50000
vt 0.31250 1.00000
vt 0.31250 0.50000
vt 0.28125 1.00000
vt 0.28125 0.50000
vt 0.25000 1.00000
vt 0.25000 0.50000
vt 0.21875 1.00000
vt 0.21875 0.50000
vt 0.18750 1.00000
vt 0.18750 0.50000
vt 0.15625 1.00000
vt 0.15625 0.50000
vt 0.12500 1.00000
vt 0.12500 0.50000
vt 0.09375 1.00000
vt 0.09375 0.50000
vt 0.06250 1.00000
vt 0.06250 0.50000
vt 0.29682 0.48539
vt 0.25000 0.49000
vt 0.20318 0.48539
vt 0.15816 0.47173
vt 0.11666 0.44955
vt 0.08030 0.41971
vt 0.05045 0.38334
vt 0.02827 0.34184
vt 0.01461 0.29682
vt 0.01000 0.25000
vt 0.01461 0.20318
vt 0.02827 0.15816
vt 0.05045 0.11666
vt 0.08029 0.08029
vt 0.11666 0.05045
vt 0.15816 0.02827
vt 0.20318 0.01461
vt 0.25000 0.01000
vt 0.29682 0.01461
vt 0.34184 0.02827
vt 0.38334 0.05045
vt 0.41971 0.08029
vt 0.44955 0.11666
vt 0.47173 0.15816
vt 0.48539 0.20318
vt 0.49000 0.25000
vt 0.48539 0.29682
vt 0.47173 0.34184
vt 0.44955 0.38334
vt 0.41971 0.41971
vt 0.38334 0.44955
vt 0.34184 0.47173
vt 0.03125 1.00000
vt 0.03125 0.50000
vt 0.00000 1.00000
vt 0.00000 0.50000
vt 0.75000 0.49000
vt 0.79682 0.48539
vt 0.84184 0.47173
vt 0.88334 0.44955
vt 0.91971 0.41971
vt 0.94955 0.38334
vt 0.97173 0.34184
vt 0.98539 0.29682
vt 0.99000 0.25000
vt 0.98539 0.20318
vt 0.97173 0.15816
vt 0.94955 0.11666
vt 0.91971 0.08029
vt 0.88334 0.05045
vt 0.84184 0.02827
vt 0.79682 0.01461
vt 0.75000 0.01000
vt 0.70318 0.01461
vt 0.65816 0.02827
vt 0.61666 0.05045
vt 0.58029 0.08029
vt 0.55045 0.11666
vt 0.52827 0.15816
vt 0.51461 0.20318
vt 0.51000 0.25000
vt 0.51461 0.29682
vt 0.52827 0.34184
vt 0.55045 0.38334
vt 0.58030 0.41971
vt 0.61666 0.44955
vt 0.65816 0.47173
vt 0.70318 0.48539
vt 1.00000 0.50000
vt 1.00000 1.00000
vt 0.96875 1.00000
vt 0.96875 0.50000
vt 0.93750 1.00000
vt 0.93750 0.50000
vt 0.90625 1.00000
vt 0.90625 0.50000
vt 0.87500 1.00000
vt 0.87500 0.50000
vt 0.84375 1.00000
vt 0.84375 0.50000
vt 0.81250 1.00000
vt 0.81250 0.50000
vt 0.78125 1.00000
vt 0.78125 0.50000
vt 0.75000 1.00000
vt 0.75000 0.50000
vt 0.71875 1.00000
vt 0.71875 0.50000
vt 0.68750 1.00000
vt 0.68750 0.50000
vt 0.65625 1.00000
vt 0.65625 0.50000
vt 0.62500 1.00000
vt 0.62500 0.50000
vt 0.59375 1.00000
vt 0.59375 0.50000
vt 0.56250 1.00000
vt 0.56250 0.50000
vt 0.53125 1.00000
vt 0.53125 0.50000
vt 0.50000 1.00000
vt 0.50000 0.50000
vt 0.46875 1.00000
vt 0.46875 0.50000
vt 0.43750 1.00000
vt 0.43750 0.50000
vt 0.40625 1.00000
vt 0.40625 0.50000
vt 0.37500 1.00000
vt 0.37500 0.50000
vt 0.34375 1.00000
vt 0.34375 0.50000
vt 0.31250 1.00000
vt 0.31250 0.50000
vt 0.28125 1.00000
vt 0.28125 0.50000
vt 0.25000 1.00000
vt 0.25000 0.50000
vt 0.21875 1.00000
vt 0.21875 0.50000
vt 0.18750 1.00000
vt 0.18750 0.50000
vt 0.15625 1.00000
vt 0.15625 0.50000
vt 0.12500 1.00000
vt 0.12500 0.50000
vt 0.09375 1.00000
vt 0.09375 0.50000
vt 0.06250 1.00000
vt 0.06250 0.50000
vt 0.29682 0.48539
vt 0.25000 0.49000
vt 0.20318 0.48539
vt 0.15816 0.47173
vt 0.11666 0.44955
vt 0.08030 0.41971
vt 0.05045 0.38334
vt 0.02827 0.34184
vt 0.01461 0.29682
vt 0.01000 0.25000
vt 0.01461 0.20318
vt 0.02827 0.15816
vt 0.05045 0.11666
vt 0.08029 0.08029
vt 0.11666 0.05045
vt 0.15816 0.02827
vt 0.20318 0.01461
vt 0.25000 0.01000
vt 0.29682 0.01461
vt 0.34184 0.02827
vt 0.38334 0.05045
vt 0.41971 0.08029
vt 0.44955 0.11666
vt 0.47173 0.15816
vt 0.48539 0.20318
vt 0.49000 0.25000
vt 0.48539 0.29682
vt 0.47173 0.34184
vt 0.44955 0.38334
vt 0.41971 0.41971
vt 0.38334 0.44955
vt 0.34184 0.47173
vt 0.03125 1.00000
vt 0.03125 0.50000
vt 0.00000 1.00000
vt 0.00000 0.50000
vt 0.75000 0.49000
vt 0.79682 0.48539
vt 0.84184 0.47173
vt 0.88334 0.44955
vt 0.91971 0.41971
vt 0.94955 0.38334
vt 0.97173 0.34184
vt 0.98539 0.29682
vt 0.99000 0.25000
vt 0.98539 0.20318
vt 0.97173 0.15816
vt 0.94955 0.11666
vt 0.91971 0.08029
vt 0.88334 0.05045
vt 0.84184 0.02827
vt 0.79682 0.01461
vt 0.75000 0.01000
vt 0.70318 0.01461
vt 0.65816 0.02827
vt 0.61666 0.05045
vt 0.58029 0.08029
vt 0.55045 0.11666
vt 0.52827 0.15816
vt 0.51461 0.20318
vt 0.51000 0.25000
vt 0.51461 0.29682
vt 0.52827 0.34184
vt 0.55045 0.38334
vt 0.58030 0.41971
vt 0.61666 0.44955
vt 0.65816 0.47173
vt 0.70318 0.48539
vt 1.00000 0.50000
vt 1.00000 1.00000
vt 0.96875 1.00000
vt 0.96875 0.50000
vt 0.93750 1.00000
vt 0.93750 0.50000
vt 0.90625 1.00000
vt 0.90625 0.50000
vt 0.87500 1.00000
vt 0.87500 0.50000
vt 0.84375 1.00000
vt 0.84375 0.50000
vt 0.81250 1.00000
vt 0.81250 0.50000
vt 0.78125 1.00000
vt 0.78125 0.50000
vt 0.75000 1.00000
vt 0.75000 0.50000
vt 0.71875 1.00000
vt 0.71875 0.50000
vt 0.68750 1.00000
vt 0.68750 0.50000
vt 0.65625 1.00000
vt 0.65625 0.50000
vt 0.62500 1.00000
vt 0.62500 0.50000
vt 0.59375 1.00000
vt 0.59375 0.50000
vt 0.56250 1.00000
vt 0.56250 0.50000
vt 0.53125 1.00000
vt 0.53125 0.50000
vt 0.50000 1.00000
vt 0.50000 0.50000
vt 0.46875 1.00000
vt 0.46875 0.50000
vt 0.43750 1.00000
vt 0.43750 0.50000
vt 0.40625 1.00000
vt 0.40625 0.50000
vt 0.37500 1.00000
vt 0.37500 0.50000
vt 0.34375 1.00000
vt 0.34375 0.50000
vt 0.31250 1.00000
vt 0.31250 0.50000
vt 0.28125 1.00000
vt 0.28125 0.50000
vt 0.25000 1.00000
vt 0.25000 0.50000
vt 0.21875 1.00000
vt 0.21875 0.50000
vt 0.18750 1.00000
vt 0.18750 0.50000
vt 0.15625 1.00000
vt 0.15625 0.50000
vt 0.12500 1.00000
vt 0.12500 0.50000
vt 0.09375 1.00000
vt 0.09375 0.50000
vt 0.06250 1.00000
vt 0.06250 0.50000
vt 0.29682 0.48539
vt 0.25000 0.49000
vt 0.20318 0.48539
vt 0.15816 0.47173
vt 0.11666 0.44955
vt 0.08030 0.41971
vt 0.05045 0.38334
vt 0.02827 0.34184
vt 0.01461 0.29682
vt 0.01000 0.25000
vt 0.01461 0.20318
vt 0.02827 0.15816
vt 0.05045 0.11666
vt 0.08029 0.08029
vt 0.11666 0.05045
vt 0.15816 0.02827
vt 0.20318 0.01461
vt 0.25000 0.01000
vt 0.29682 0.01461
vt 0.34184 0.02827
vt 0.38334 0.05045
vt 0.41971 0.08029
vt 0.44955 0.11666
vt 0.47173 0.15816
vt 0.48539 0.20318
vt 0.49000 0.25000
vt 0.48539 0.29682
vt 0.47173 0.34184
vt 0.44955 0.38334
vt 0.41971 0.41971
vt 0.38334 0.44955
vt 0.34184 0.47173
vt 0.03125 1.00000
vt 0.03125 0.50000
vt 0.00000 1.00000
vt 0.00000 0.50000
vt 0.75000 0.49000
vt 0.79682 0.48539
vt 0.84184 0.47173
vt 0.88334 0.44955
vt 0.91971 0.41971
vt 0.94955 0.38334
vt 0.97173 0.34184
vt 0.98539 0.29682
vt 0.99000 0.25000
vt 0.98539 0.20318
vt 0.97173 0.15816
vt 0.94955 0.11666
vt 0.91971 0.08029
vt 0.88334 0.05045
vt 0.84184 0.02827
vt 0.79682 0.01461
vt 0.75000 0.01000
vt 0.70318 0.01461
vt 0.65816 0.02827
vt 0.61666 0.05045
vt 0.58029 0.08029
vt 0.55045 0.11666
vt 0.52827 0.15816
vt 0.51461 0.20318
vt 0.51000 0.25000
vt 0.51461 0.29682
vt 0.52827 0.34184
vt 0.55045 0.38334
vt 0.58030 0.41971
vt 0.61666 0.44955
vt 0.65816 0.47173
vt 0.70318 0.48539
vt 0.37500 0.00000
vt 0.62500 0.00000
vt 0.62500 0.25000
vt 0.37500 0.25000
vt 0.37500 0.46465
vt 0.62500 0.46465
vt 0.62500 0.50000
vt 0.37500 0.50000
vt 0.62500 0.75000
vt 0.37500 0.75000
vt 0.37500 0.96956
vt 0.62500 0.96956
vt 0.62500 1.00000
vt 0.37500 1.00000
vt 0.20855 0.75000
vt 0.20855 0.50000
vt 0.20855 0.50000
vt 0.20855 0.75000
vt 0.84456 0.50000
vt 0.87500 0.50000
vt 0.87500 0.75000
vt 0.84456 0.75000
vt 0.75942 0.50000
vt 0.79144 0.50000
vt 0.79144 0.75000
vt 0.75942 0.75000
vt 0.15544 0.50000
vt 0.20855 0.50000
vt 0.20855 0.75000
vt 0.15544 0.75000
vt 0.37500 0.88442
vt 0.62500 0.88442
vt 0.62500 0.91644
vt 0.37500 0.91644
vt 0.37500 0.28044
vt 0.62500 0.28044
vt 0.62500 0.33355
vt 0.37500 0.33355
vt 0.37500 0.28044
vt 0.37500 0.25000
vt 0.33965 0.50000
vt 0.37500 0.50000
vt 0.37500 0.75000
vt 0.33965 0.75000
vt 0.37500 0.50000
vt 0.37500 0.75000
vt 0.37500 0.46465
vt 0.37500 0.46465
vt 0.37500 0.88442
vt 0.37500 0.91644
vt 0.37500 0.91644
vt 0.37500 0.88442
vt 0.37500 0.88442
vt 0.37500 0.91644
vt 0.37500 0.91644
vt 0.37500 0.88442
vt 0.37500 0.46465
vt 0.37500 0.50000
vt 0.37500 0.50000
vt 0.37500 0.46465
vt 0.37500 0.75000
vt 0.37500 0.75000
vt 0.20855 0.50000
vt 0.20855 0.75000
vt 0.20855 0.75000
vt 0.20855 0.50000
vt 0.37500 0.41417
vt 0.37500 0.44349
vt 0.37500 0.44349
vt 0.37500 0.41417
vt 0.37500 0.80417
vt 0.37500 0.80651
vt 0.37500 0.80651
vt 0.37500 0.80417
vt 0.37500 0.80417
vt 0.37500 0.80651
vt 0.37500 0.80651
vt 0.37500 0.80417
vt 0.37500 0.41417
vt 0.37500 0.44349
vt 0.37500 0.44349
vt 0.37500 0.41417
vt 0.28917 0.50000
vt 0.31849 0.50000
vt 0.31849 0.75000
vt 0.28917 0.75000
vt 0.37500 0.80417
vt 0.62500 0.80417
vt 0.62500 0.80651
vt 0.37500 0.80651
vt 0.67917 0.50000
vt 0.68151 0.50000
vt 0.68151 0.75000
vt 0.67917 0.75000
vt 0.37500 0.41417
vt 0.62500 0.41417
vt 0.62500 0.44349
vt 0.37500 0.44349
vt 0.37500 0.36558
vt 0.62500 0.36558
vt 0.24058 0.50000
vt 0.24058 0.75000
vt 0.37500 0.36558
vt 0.37500 0.36558
vt 0.37500 0.36558
vt 0.37500 0.36558
vt 0.37500 0.83583
vt 0.37500 0.83583
vt 0.37500 0.83583
vt 0.37500 0.83583
vt 0.62500 0.83583
vt 0.37500 0.83583
vt 0.71083 0.50000
vt 0.71083 0.75000
vt 0.66300 0.50000
vt 0.66300 0.75000
vt 0.37500 0.78800
vt 0.62500 0.78800
vt 0.37500 0.78800
vt 0.37500 0.78800
vt 0.37500 0.78800
vt 0.37500 0.78800
vt 0.37500 0.44583
vt 0.37500 0.44583
vt 0.37500 0.44583
vt 0.37500 0.44583
vt 0.32083 0.50000
vt 0.32083 0.75000
vt 0.62500 0.44583
vt 0.37500 0.44583
vt 0.37500 0.33355
vt 0.37500 0.33355
vt 0.37500 0.33355
vt 0.37500 0.33355
vt 0.37500 0.78535
vt 0.37500 0.78535
vt 0.37500 0.78535
vt 0.37500 0.78535
vt 0.37500 0.78535
vt 0.62500 0.78535
vt 0.66035 0.50000
vt 0.66035 0.75000
vt 0.37500 0.46200
vt 0.37500 0.46200
vt 0.37500 0.46200
vt 0.37500 0.46200
vt 0.33700 0.50000
vt 0.33700 0.75000
vt 0.62500 0.46200
vt 0.37500 0.46200
vt 0.12500 0.50000
vt 0.15544 0.50000
vt 0.15544 0.75000
vt 0.12500 0.75000
vt 0.37500 0.00000
vt 0.37500 1.00000
vt 0.37500 0.96956
vt 0.20855 0.50000
vt 0.20855 0.75000
vt 0.20855 0.75000
vt 0.20855 0.50000
vt 0.20855 0.50000
vt 0.20855 0.75000
vt 0.37500 0.91644
vt 0.37500 0.91644
vt 0.37500 0.33355
vt 0.37500 0.33355
vt 0.20855 0.50000
vt 0.20855 0.75000
vt 0.20855 0.75000
vt 0.20855 0.50000
vt 0.37500 0.33355
vt 0.37500 0.33355
vt 0.37500 0.91644
vt 0.37500 0.91644
vt 0.20855 0.75000
vt 0.20855 0.50000
vt 0.37500 0.91644
vt 0.37500 0.91644
vt 0.37500 0.33355
vt 0.37500 0.33355
vt 1.00000 0.50000
vt 1.00000 1.00000
vt 0.96875 1.00000
vt 0.96875 0.50000
vt 0.93750 1.00000
vt 0.93750 0.50000
vt 0.90625 1.00000
vt 0.90625 0.50000
vt 0.87500 1.00000
vt 0.87500 0.50000
vt 0.84375 1.00000
vt 0.84375 0.50000
vt 0.81250 1.00000
vt 0.81250 0.50000
vt 0.78125 1.00000
vt 0.78125 0.50000
vt 0.75000 1.00000
vt 0.75000 0.50000
vt 0.71875 1.00000
vt 0.71875 0.50000
vt 0.68750 1.00000
vt 0.68750 0.50000
vt 0.65625 1.00000
vt 0.65625 0.50000
vt 0.62500 1.00000
vt 0.62500 0.50000
vt 0.59375 1.00000
vt 0.59375 0.50000
vt 0.56250 1.00000
vt 0.56250 0.50000
vt 0.53125 1.00000
vt 0.53125 0.50000
vt 0.50000 1.00000
vt 0.50000 0.50000
vt 0.46875 1.00000
vt 0.46875 0.50000
vt 0.43750 1.00000
vt 0.43750 0.50000
vt 0.40625 1.00000
vt 0.40625 0.50000
vt 0.37500 1.00000
vt 0.37500 0.50000
vt 0.34375 1.00000
vt 0.34375 0.50000
vt 0.31250 1.00000
vt 0.31250 0.50000
vt 0.28125 1.00000
vt 0.28125 0.50000
vt 0.25000 1.00000
vt 0.25000 0.50000
vt 0.21875 1.00000
vt 0.21875 0.50000
vt 0.18750 1.00000
vt 0.18750 0.50000
vt 0.15625 1.00000
vt 0.15625 0.50000
vt 0.12500 1.00000
vt 0.12500 0.50000
vt 0.09375 1.00000
vt 0.09375 0.50000
vt 0.06250 1.00000
vt 0.06250 0.50000
vt 0.29682 0.48539
vt 0.25000 0.49000
vt 0.20318 0.48539
vt 0.15816 0.47173
vt 0.11666 0.44955
vt 0.08030 0.41971
vt 0.05045 0.38334
vt 0.02827 0.34184
vt 0.01461 0.29682
vt 0.01000 0.25000
vt 0.01461 0.20318
vt 0.02827 0.15816
vt 0.05045 0.11666
vt 0.08029 0.08029
vt 0.11666 0.05045
vt 0.15816 0.02827
vt 0.20318 0.01461
vt 0.25000 0.01000
vt 0.29682 0.01461
vt 0.34184 0.02827
vt 0.38334 0.05045
vt 0.41971 0.08029
vt 0.44955 0.11666
vt 0.47173 0.15816
vt 0.48539 0.20318
vt 0.49000 0.25000
vt 0.48539 0.29682
vt 0.47173 0.34184
vt 0.44955 0.38334
vt 0.41971 0.41971
vt 0.38334 0.44955
vt 0.34184 0.47173
vt 0.03125 1.00000
vt 0.03125 0.50000
vt 0.00000 1.00000
vt 0.00000 0.50000
vt 0.75000 0.49000
vt 0.79682 0.48539
vt 0.84184 0.47173
vt 0.88334 0.44955
vt 0.91971 0.41971
vt 0.94955 0.38334
vt 0.97173 0.34184
vt 0.98539 0.29682
vt 0.99000 0.25000
vt 0.98539 0.20318
vt 0.97173 0.15816
vt 0.94955 0.11666
vt 0.91971 0.08029
vt 0.88334 0.05045
vt 0.84184 0.02827
vt 0.79682 0.01461
vt 0.75000 0.01000
vt 0.70318 0.01461
vt 0.65816 0.02827
vt 0.61666 0.05045
vt 0.58029 0.08029
vt 0.55045 0.11666
vt 0.52827 0.15816
vt 0.51461 0.20318
vt 0.51000 0.25000
vt 0.51461 0.29682
vt 0.52827 0.34184
vt 0.55045 0.38334
vt 0.58030 0.41971
vt 0.61666 0.44955
vt 0.65816 0.47173
vt 0.70318 0.48539
vt 0.52590 0.00000
vt 0.62500 0.00000
vt 0.62500 0.25000
vt 0.52590 0.25000
vt 0.62500 0.50000
vt 0.52590 0.50000
vt 0.62500 0.75000
vt 0.52590 0.75000
vt 0.62500 1.00000
vt 0.52590 1.00000
vt 0.12500 0.50000
vt 0.37500 0.50000
vt 0.37500 0.75000
vt 0.12500 0.75000
vt 0.87500 0.50000
vt 0.87500 0.75000
vt 0.49126 0.75000
vt 0.49126 1.00000
vt 0.49126 0.50000
vt 0.49126 0.25000
vt 0.52590 1.00000
vt 0.49126 1.00000
vt 0.37500 0.00000
vt 0.49126 0.00000
vt 0.37500 0.25000
vt 0.37500 1.00000
vt 0.49126 0.00000
vt 0.52590 0.00000
vt 0.52590 0.25000
vt 0.49126 0.25000
vt 1.00000 0.72993
vt 1.00000 1.00000
vt 0.96875 1.00000
vt 0.96875 0.72993
vt 0.93750 1.00000
vt 0.93750 0.72993
vt 0.90625 1.00000
vt 0.90625 0.72993
vt 0.87500 1.00000
vt 0.87500 0.72993
vt 0.84375 1.00000
vt 0.84375 0.72993
vt 0.81250 1.00000
vt 0.81250 0.72993
vt 0.78125 1.00000
vt 0.78125 0.72993
vt 0.75000 1.00000
vt 0.75000 0.72993
vt 0.71875 1.00000
vt 0.71875 0.72993
vt 0.68750 1.00000
vt 0.68750 0.72993
vt 0.65625 1.00000
vt 0.65625 0.72993
vt 0.62500 1.00000
vt 0.62500 0.72993
vt 0.59375 1.00000
vt 0.59375 0.72993
vt 0.56250 1.00000
vt 0.56250 0.72993
vt 0.53125 1.00000
vt 0.53125 0.72993
vt 0.50000 1.00000
vt 0.50000 0.72993
vt 0.46875 1.00000
vt 0.46875 0.72993
vt 0.43750 1.00000
vt 0.43750 0.72993
vt 0.40625 1.00000
vt 0.40625 0.72993
vt 0.37500 1.00000
vt 0.37500 0.72993
vt 0.34375 1.00000
vt 0.34375 0.72993
vt 0.31250 1.00000
vt 0.31250 0.72993
vt 0.28125 1.00000
vt 0.28125 0.72993
vt 0.25000 1.00000
vt 0.25000 0.72993
vt 0.21875 1.00000
vt 0.21875 0.72993
vt 0.18750 1.00000
vt 0.18750 0.72993
vt 0.15625 1.00000
vt 0.15625 0.72993
vt 0.12500 1.00000
vt 0.12500 0.72993
vt 0.09375 1.00000
vt 0.09375 0.72993
vt 0.06250 1.00000
vt 0.06250 0.72993
vt 0.29682 0.48539
vt 0.25000 0.49000
vt 0.20318 0.48539
vt 0.15816 0.47173
vt 0.11666 0.44955
vt 0.08030 0.41971
vt 0.05045 0.38334
vt 0.02827 0.34184
vt 0.01461 0.29682
vt 0.01000 0.25000
vt 0.01461 0.20318
vt 0.02827 0.15816
vt 0.05045 0.11666
vt 0.08029 0.08029
vt 0.11666 0.05045
vt 0.15816 0.02827
vt 0.20318 0.01461
vt 0.25000 0.01000
vt 0.29682 0.01461
vt 0.34184 0.02827
vt 0.38334 0.05045
vt 0.41971 0.08029
vt 0.44955 0.11666
vt 0.47173 0.15816
vt 0.48539 0.20318
vt 0.49000 0.25000
vt 0.48539 0.29682
vt 0.47173 0.34184
vt 0.44955 0.38334
vt 0.41971 0.41971
vt 0.38334 0.44955
vt 0.34184 0.47173
vt 0.03125 1.00000
vt 0.03125 0.72993
vt 0.00000 1.00000
vt 0.00000 0.72993
vt 0.75000 0.49000
vt 0.79682 0.48539
vt 0.84184 0.47173
vt 0.88334 0.44955
vt 0.91971 0.41971
vt 0.94955 0.38334
vt 0.97173 0.34184
vt 0.98539 0.29682
vt 0.99000 0.25000
vt 0.98539 0.20318
vt 0.97173 0.15816
vt 0.94955 0.11666
vt 0.91971 0.08029
vt 0.88334 0.05045
vt 0.84184 0.02827
vt 0.79682 0.01461
vt 0.75000 0.01000
vt 0.70318 0.01461
vt 0.65816 0.02827
vt 0.61666 0.05045
vt 0.58029 0.08029
vt 0.55045 0.11666
vt 0.52827 0.15816
vt 0.51461 0.20318
vt 0.51000 0.25000
vt 0.51461 0.29682
vt 0.52827 0.34184
vt 0.55045 0.38334
vt 0.58030 0.41971
vt 0.61666 0.44955
vt 0.65816 0.47173
vt 0.70318 0.48539
vt 0.03125 0.69526
vt 0.00000 0.69525
vt 0.06250 0.69526
vt 0.09375 0.69525
vt 0.12500 0.69525
vt 0.15625 0.69526
vt 0.18750 0.69526
vt 0.21875 0.69526
vt 0.25000 0.69526
vt 0.28125 0.69526
vt 0.31250 0.69525
vt 0.34375 0.69525
vt 0.37500 0.69526
vt 0.40625 0.69526
vt 0.43750 0.69526
vt 0.46875 0.69525
vt 0.50000 0.69526
vt 0.53125 0.69525
vt 0.56250 0.69525
vt 0.59375 0.69526
vt 0.62500 0.69526
vt 0.65625 0.69526
vt 0.68750 0.69526
vt 0.71875 0.69525
vt 0.75000 0.69525
vt 0.78125 0.69526
vt 0.81250 0.69526
vt 0.84375 0.69526
vt 0.87500 0.69526
vt 0.90625 0.69526
vt 0.93750 0.69525
vt 0.96875 0.69525
vt 1.00000 0.69526
vt 1.00000 0.50000
vt 0.96875 0.50000
vt 0.93750 0.50000
vt 0.90625 0.50000
vt 0.87500 0.50000
vt 0.84375 0.50000
vt 0.81250 0.50000
vt 0.78125 0.50000
vt 0.75000 0.50000
vt 0.71875 0.50000
vt 0.68750 0.50000
vt 0.65625 0.50000
vt 0.62500 0.50000
vt 0.59375 0.50000
vt 0.56250 0.50000
vt 0.53125 0.50000
vt 0.50000 0.50000
vt 0.46875 0.50000
vt 0.43750 0.50000
vt 0.40625 0.50000
vt 0.37500 0.50000
vt 0.34375 0.50000
vt 0.31250 0.50000
vt 0.28125 0.50000
vt 0.25000 0.50000
vt 0.21875 0.50000
vt 0.18750 0.50000
vt 0.15625 0.50000
vt 0.12500 0.50000
vt 0.09375 0.50000
vt 0.06250 0.50000
vt 0.03125 0.50000
vt 0.00000 0.50000
vt 1.00000 0.73766
vt 1.00000 1.00000
vt 0.96875 1.00000
vt 0.96875 0.73766
vt 0.93750 1.00000
vt 0.93750 0.73766
vt 0.90625 1.00000
vt 0.90625 0.73766
vt 0.87500 1.00000
vt 0.87500 0.73766
vt 0.84375 1.00000
vt 0.84375 0.73766
vt 0.81250 1.00000
vt 0.81250 0.73766
vt 0.78125 1.00000
vt 0.78125 0.73766
vt 0.75000 1.00000
vt 0.75000 0.73766
vt 0.71875 1.00000
vt 0.71875 0.73766
vt 0.68750 1.00000
vt 0.68750 0.73766
vt 0.65625 1.00000
vt 0.65625 0.73766
vt 0.62500 1.00000
vt 0.62500 0.73766
vt 0.59375 1.00000
vt 0.59375 0.73766
vt 0.56250 1.00000
vt 0.56250 0.73766
vt 0.53125 1.00000
vt 0.53125 0.73766
vt 0.50000 1.00000
vt 0.50000 0.73766
vt 0.46875 1.00000
vt 0.46875 0.73766
vt 0.43750 1.00000
vt 0.43750 0.73766
vt 0.40625 1.00000
vt 0.40625 0.73766
vt 0.37500 1.00000
vt 0.37500 0.73766
vt 0.34375 1.00000
vt 0.34375 0.73766
vt 0.31250 1.00000
vt 0.31250 0.73766
vt 0.28125 1.00000
vt 0.28125 0.73766
vt 0.25000 1.00000
vt 0.25000 0.73766
vt 0.21875 1.00000
vt 0.21875 0.73766
vt 0.18750 1.00000
vt 0.18750 0.73766
vt 0.15625 1.00000
vt 0.15625 0.73766
vt 0.12500 1.00000
vt 0.12500 0.73766
vt 0.09375 1.00000
vt 0.09375 0.73766
vt 0.06250 1.00000
vt 0.06250 0.73766
vt 0.29682 0.48539
vt 0.25000 0.49000
vt 0.20318 0.48539
vt 0.15816 0.47173
vt 0.11666 0.44955
vt 0.08030 0.41971
vt 0.05045 0.38334
vt 0.02827 0.34184
vt 0.01461 0.29682
vt 0.01000 0.25000
vt 0.01461 0.20318
vt 0.02827 0.15816
vt 0.05045 0.11666
vt 0.08029 0.08029
vt 0.11666 0.05045
vt 0.15816 0.02827
vt 0.20318 0.01461
vt 0.25000 0.01000
vt 0.29682 0.01461
vt 0.34184 0.02827
vt 0.38334 0.05045
vt 0.41971 0.08029
vt 0.44955 0.11666
vt 0.47173 0.15816
vt 0.48539 0.20318
vt 0.49000 0.25000
vt 0.48539 0.29682
vt 0.47173 0.34184
vt 0.44955 0.38334
vt 0.41971 0.41971
vt 0.38334 0.44955
vt 0.34184 0.47173
vt 0.03125 1.00000
vt 0.03125 0.73766
vt 0.00000 1.00000
vt 0.00000 0.73766
vt 0.75000 0.49000
vt 0.79682 0.48539
vt 0.84184 0.47173
vt 0.88334 0.44955
vt 0.91971 0.41971
vt 0.94955 0.38334
vt 0.97173 0.34184
vt 0.98539 0.29682
vt 0.99000 0.25000
vt 0.98539 0.20318
vt 0.97173 0.15816
vt 0.94955 0.11666
vt 0.91971 0.08029
vt 0.88334 0.05045
vt 0.84184 0.02827
vt 0.79682 0.01461
vt 0.75000 0.01000
vt 0.70318 0.01461
vt 0.65816 0.02827
vt 0.61666 0.05045
vt 0.58029 0.08029
vt 0.55045 0.11666
vt 0.52827 0.15816
vt 0.51461 0.20318
vt 0.51000 0.25000
vt 0.51461 0.29682
vt 0.52827 0.34184
vt 0.55045 0.38334
vt 0.58030 0.41971
vt 0.61666 0.44955
vt 0.65816 0.47173
vt 0.70318 0.48539
vt 0.03125 0.50000
vt 0.03125 0.57569
vt 0.00000 0.57569
vt 0.00000 0.50000
vt 0.06250 0.50000
vt 0.06250 0.57569
vt 0.09375 0.50000
vt 0.09375 0.57569
vt 0.12500 0.50000
vt 0.12500 0.57569
vt 0.15625 0.50000
vt 0.15625 0.57569
vt 0.18750 0.50000
vt 0.18750 0.57569
vt 0.21875 0.50000
vt 0.21875 0.57569
vt 0.25000 0.50000
vt 0.25000 0.57569
vt 0.28125 0.50000
vt 0.28125 0.57569
vt 0.31250 0.50000
vt 0.31250 0.57569
vt 0.34375 0.50000
vt 0.34375 0.57569
vt 0.37500 0.50000
vt 0.37500 0.57569
vt 0.40625 0.50000
vt 0.40625 0.57569
vt 0.43750 0.50000
vt 0.43750 0.57569
vt 0.46875 0.50000
vt 0.46875 0.57569
vt 0.50000 0.50000
vt 0.50000 0.57569
vt 0.53125 0.50000
vt 0.53125 0.57569
vt 0.56250 0.50000
vt 0.56250 0.57569
vt 0.59375 0.50000
vt 0.59375 0.57569
vt 0.62500 0.50000
vt 0.62500 0.57569
vt 0.65625 0.50000
vt 0.65625 0.57569
vt 0.68750 0.50000
vt 0.68750 0.57569
vt 0.71875 0.50000
vt 0.71875 0.57569
vt 0.75000 0.50000
vt 0.75000 0.57569
vt 0.78125 0.50000
vt 0.78125 0.57569
vt 0.81250 0.50000
vt 0.81250 0.57569
vt 0.84375 0.50000
vt 0.84375 0.57569
vt 0.87500 0.50000
vt 0.87500 0.57569
vt 0.90625 0.50000
vt 0.90625 0.57569
vt 0.93750 0.50000
vt 0.93750 0.57569
vt 0.96875 0.50000
vt 0.96875 0.57569
vt 1.00000 0.50000
vt 1.00000 0.57569
vt 0.55193 0.00000
vt 0.62500 0.00000
vt 0.62500 0.25000
vt 0.55193 0.25000
vt 0.62500 0.50000
vt 0.55193 0.50000
vt 0.55193 0.50000
vt 0.62500 0.50000
vt 0.62500 0.50000
vt 0.55193 0.50000
vt 0.55193 0.75000
vt 0.62500 0.75000
vt 0.62500 1.00000
vt 0.55193 1.00000
vt 0.12500 0.50000
vt 0.37500 0.50000
vt 0.37500 0.75000
vt 0.12500 0.75000
vt 0.87500 0.50000
vt 0.87500 0.75000
vt 0.44462 0.75000
vt 0.44462 1.00000
vt 0.37500 1.00000
vt 0.44462 0.50000
vt 0.44462 0.50000
vt 0.37500 0.50000
vt 0.37500 0.25000
vt 0.44462 0.25000
vt 0.12500 0.75000
vt 0.12500 0.50000
vt 0.37500 0.00000
vt 0.44462 0.00000
vt 0.44462 0.25000
vt 0.37500 0.25000
vt 0.44462 1.00000
vt 0.37500 1.00000
vt 0.44462 0.00000
vt 0.44462 0.75000
vt 0.37500 0.75000
vt 0.37500 0.75000
vt 0.37500 0.75000
vt 0.37500 0.50000
vt 0.37500 0.50000
vt 0.62500 0.75000
vt 0.55193 0.75000
vt 0.55193 0.50000
vt 0.55193 0.50000
vt 0.62500 0.75000
vt 0.55193 0.75000
vt 0.62500 0.75000
vt 0.62500 0.50000
vt 0.55193 0.75000
vt 0.55193 0.50000
vt 0.55193 0.75000
vt 0.55193 0.50000
vt 0.55193 0.75000
vt 0.55193 0.75000
vt 0.55193 0.50000
vt 0.55193 0.75000
vt 0.55193 0.50000
vt 0.55193 0.75000
vt 0.59722 0.00000
vt 0.62500 0.00000
vt 0.62500 0.25000
vt 0.59722 0.25000
vt 0.62500 0.50000
vt 0.59722 0.50000
vt 0.62500 0.75000
vt 0.59722 0.75000
vt 0.62500 1.00000
vt 0.59722 1.00000
vt 0.12500 0.50000
vt 0.37500 0.50000
vt 0.37500 0.75000
vt 0.12500 0.75000
vt 0.87500 0.50000
vt 0.87500 0.75000
vt 0.40278 0.75000
vt 0.40278 1.00000
vt 0.37500 1.00000
vt 0.43056 0.75000
vt 0.43056 1.00000
vt 0.45833 0.75000
vt 0.45833 1.00000
vt 0.48611 0.75000
vt 0.48611 1.00000
vt 0.51389 0.75000
vt 0.51389 1.00000
vt 0.54167 0.75000
vt 0.54167 1.00000
vt 0.56944 0.75000
vt 0.56944 1.00000
vt 0.40278 0.50000
vt 0.43056 0.50000
vt 0.45833 0.50000
vt 0.48611 0.50000
vt 0.51389 0.50000
vt 0.54167 0.50000
vt 0.56944 0.50000
vt 0.37500 0.25000
vt 0.40278 0.25000
vt 0.43056 0.25000
vt 0.45833 0.25000
vt 0.48611 0.25000
vt 0.51389 0.25000
vt 0.54167 0.25000
vt 0.56944 0.25000
vt 0.37500 0.00000
vt 0.40278 0.00000
vt 0.43056 0.00000
vt 0.45833 0.00000
vt 0.48611 0.00000
vt 0.51389 0.00000
vt 0.54167 0.00000
vt 0.56944 0.00000
vn -1.0000 0.0000 0.0000
vn 0.0000 -0.0000 -1.0000
vn 0.0000 0.0000 1.0000
vn 0.0000 -1.0000 0.0000
vn 0.0000 1.0000 -0.0000
vn -0.2705 -0.9627 0.0000
vn -0.9942 0.1078 -0.0000
vn -0.5412 -0.8409 0.0000
vn -0.8946 0.4470 -0.0000
vn 0.0390 -0.9992 0.0000
vn -0.6977 -0.7163 0.0000
vn 1.0000 -0.0000 0.0000
vn -0.7012 -0.7130 0.0000
vn -0.0303 -0.9995 0.0000
vn -0.0508 0.9987 -0.0000
vn -0.1464 0.9892 -0.0000
vn 0.9951 0.0992 -0.0000
vn 0.8917 0.4526 0.0000
vn -0.8597 0.5108 -0.0000
vn -0.8561 0.5169 -0.0000
vn -0.0380 0.9993 0.0000
vn 0.1099 0.9939 0.0000
vn -0.9729 0.2314 0.0000
vn -0.8524 0.5229 0.0000
vn 0.9990 -0.0436 0.0000
vn 0.9981 -0.0615 0.0000
vn 0.0313 0.9995 0.0000
vn 0.0502 0.9987 0.0000
vn -0.7624 0.6472 -0.0000
vn 0.3385 0.9410 -0.0000
vn 0.4003 0.9164 -0.0000
vn -0.0015 1.0000 -0.0000
vn -0.1497 0.9887 0.0000
vn -0.4420 0.8970 -0.0000
vn -0.1975 -0.9803 0.0000
vn -0.3264 -0.9452 0.0000
vn 0.0431 -0.9991 0.0000
vn 0.3314 -0.9435 0.0000
vn -0.9988 -0.0494 0.0000
vn -0.9988 -0.0485 0.0000
vn 0.9990 0.0449 -0.0000
vn 0.9989 0.0462 -0.0000
vn 0.2536 -0.9673 0.0000
vn 0.9989 0.0476 -0.0000
vn 0.9617 0.2742 0.0000
vn -0.9838 -0.1794 0.0000
vn -0.9843 -0.1767 0.0000
vn 0.9999 0.0156 0.0000
vn -0.9921 -0.1253 0.0000
vn -0.9792 -0.2030 0.0000
vn 0.9712 0.2382 0.0000
vn -0.9842 -0.1772 0.0000
vn 0.9809 0.1943 0.0000
vn -0.9851 -0.1719 0.0000
vn 0.9764 0.2162 0.0000
vn -0.1149 0.9934 -0.0000
vn -0.9989 -0.0476 0.0000
vn -0.8185 0.5745 -0.0000
vn 0.8528 -0.5223 0.0000
vn -0.2412 -0.9705 0.0000
vn 0.5762 0.8173 -0.0000
vn 0.9986 -0.0534 0.0000
vn 0.9850 0.1726 0.0000
vn 0.0344 -0.9994 0.0000
vn 0.0000 -0.0980 -0.9952
vn 0.0000 -0.2903 -0.9569
vn 0.0000 -0.4714 -0.8819
vn 0.0000 -0.6344 -0.7730
vn 0.0000 -0.7730 -0.6344
vn 0.0000 -0.8819 -0.4714
vn 0.0000 -0.9569 -0.2903
vn 0.0000 -0.9952 -0.0980
vn 0.0000 -0.9952 0.0980
vn 0.0000 -0.9569 0.2903
vn 0.0000 -0.8819 0.4714
vn 0.0000 -0.7730 0.6344
vn -0.0000 -0.6344 0.7730
vn -0.0000 -0.4714 0.8819
vn -0.0000 -0.2903 0.9569
vn -0.0000 -0.0980 0.9952
vn -0.0000 0.0980 0.9952
vn -0.0000 0.2903 0.9569
vn -0.0000 0.4714 0.8819
vn -0.0000 0.6344 0.7730
vn -0.0000 0.7730 0.6344
vn -0.0000 0.8819 0.4714
vn -0.0000 0.9569 0.2903
vn -0.0000 0.9952 0.0980
vn -0.0000 0.9952 -0.0980
vn -0.0000 0.9569 -0.2903
vn -0.0000 0.8819 -0.4714
vn -0.0000 0.7730 -0.6344
vn 0.0000 0.6344 -0.7730
vn 0.0000 0.4714 -0.8819
vn 0.0000 0.2903 -0.9569
vn 0.0000 0.0980 -0.9952
vn 0.0185 -0.9998 0.0000
vn 0.9680 -0.2508 0.0000
vn 0.2159 -0.9764 0.0000
vn 0.0580 -0.9983 0.0000
vn 0.6280 -0.7783 0.0000
vn -0.9856 -0.1690 0.0000
vn -0.5259 -0.8506 0.0000
vn 0.9821 -0.1885 0.0000
vn -0.9211 -0.3893 0.0000
vn -0.9976 -0.0692 0.0000
vn 0.9976 0.0692 -0.0000
vn 0.7177 -0.6963 0.0000
vn -0.9943 -0.1070 0.0000
vn -0.9989 -0.0471 0.0000
vn 0.1303 -0.9915 0.0000
vn -0.9426 0.0327 -0.3322
vn -0.9426 0.0969 -0.3194
vn -0.9426 0.1574 -0.2944
vn -0.9426 0.2118 -0.2580
vn -0.9426 0.2580 -0.2118
vn -0.9426 0.2944 -0.1574
vn -0.9426 0.3194 -0.0969
vn -0.9426 0.3322 -0.0327
vn -0.9426 0.3322 0.0327
vn -0.9426 0.3194 0.0969
vn -0.9426 0.2944 0.1574
vn -0.9426 0.2580 0.2118
vn -0.9426 0.2118 0.2580
vn -0.9426 0.1574 0.2944
vn -0.9426 0.0969 0.3194
vn -0.9426 0.0327 0.3322
vn -0.9426 -0.0327 0.3322
vn -0.9426 -0.0969 0.3194
vn -0.9426 -0.1574 0.2944
vn -0.9426 -0.2118 0.2580
vn -0.9426 -0.2580 0.2118
vn -0.9426 -0.2944 0.1574
vn -0.9426 -0.3194 0.0969
vn -0.9426 -0.3322 0.0327
vn -0.9426 -0.3322 -0.0327
vn -0.9426 -0.3194 -0.0969
vn -0.9426 -0.2944 -0.1574
vn -0.9426 -0.2580 -0.2118
vn -0.9426 -0.2118 -0.2580
vn -0.9426 -0.1574 -0.2944
vn -0.9426 -0.0969 -0.3194
vn -0.9426 -0.0327 -0.3322
vn -0.0180 -0.0980 -0.9950
vn -0.0180 -0.2902 -0.9568
vn -0.0180 -0.4713 -0.8818
vn -0.0180 -0.6343 -0.7729
vn -0.0180 -0.7729 -0.6343
vn -0.0180 -0.8818 -0.4713
vn -0.0180 -0.9568 -0.2902
vn -0.0180 -0.9950 -0.0980
vn -0.0180 -0.9950 0.0980
vn -0.0180 -0.9568 0.2902
vn -0.0180 -0.8818 0.4713
vn -0.0180 -0.7729 0.6343
vn -0.0180 -0.6343 0.7729
vn -0.0180 -0.4713 0.8818
vn -0.0180 -0.2902 0.9568
vn -0.0180 -0.0980 0.9950
vn -0.0180 0.0980 0.9950
vn -0.0180 0.2902 0.9568
vn -0.0180 0.4713 0.8818
vn -0.0180 0.6343 0.7729
vn -0.0180 0.7729 0.6343
vn -0.0180 0.8818 0.4713
vn -0.0180 0.9568 0.2902
vn -0.0180 0.9950 0.0980
vn -0.0180 0.9950 -0.0980
vn -0.0180 0.9568 -0.2902
vn -0.0180 0.8818 -0.4713
vn -0.0180 0.7729 -0.6343
vn -0.0180 0.6343 -0.7729
vn -0.0180 0.4713 -0.8818
vn -0.0180 0.2902 -0.9568
vn -0.0180 0.0980 -0.9950
vn 0.0000 -0.1440 -0.9896
vn 0.0000 -0.4089 -0.9126
vn 0.0000 -0.6197 -0.7848
vn 0.0000 -0.7714 -0.6363
vn 0.0000 -0.8742 -0.4856
vn 0.0000 -0.9403 -0.3402
vn 0.0000 -0.9796 -0.2012
vn 0.0000 -0.9978 -0.0665
vn 0.0000 -0.9978 0.0665
vn 0.0000 -0.9796 0.2012
vn 0.0000 -0.9403 0.3402
vn -0.0000 -0.8742 0.4856
vn -0.0000 -0.7714 0.6363
vn 0.0000 -0.6197 0.7848
vn 0.0000 -0.4089 0.9126
vn -0.0000 -0.1440 0.9896
vn -0.0000 0.1440 0.9896
vn -0.0000 0.4089 0.9126
vn -0.0000 0.6197 0.7848
vn -0.0000 0.7714 0.6363
vn -0.0000 0.8742 0.4856
vn -0.0000 0.9403 0.3402
vn -0.0000 0.9796 0.2012
vn -0.0000 0.9978 0.0665
vn 0.0000 0.9978 -0.0665
vn 0.0000 0.9796 -0.2012
vn 0.0000 0.9403 -0.3402
vn 0.0000 0.8742 -0.4856
vn 0.0000 0.7714 -0.6363
vn -0.0000 0.6197 -0.7848
vn 0.0000 0.4089 -0.9126
vn 0.0000 0.1440 -0.9896
vn 0.0000 0.0696 -0.9976
vn 0.0000 0.2102 -0.9777
vn 0.0000 0.3543 -0.9351
vn 0.0000 0.5028 -0.8644
vn -0.0000 0.6537 -0.7568
vn -0.0000 0.7984 -0.6021
vn 0.0000 0.9194 -0.3934
vn 0.0000 0.9905 -0.1376
vn -0.0000 0.9905 0.1376
vn -0.0000 0.9194 0.3934
vn -0.0000 0.7984 0.6021
vn -0.0000 0.6537 0.7568
vn -0.0000 0.5028 0.8644
vn -0.0000 0.3543 0.9351
vn -0.0000 0.2102 0.9777
vn -0.0000 0.0696 0.9976
vn -0.0000 -0.0696 0.9976
vn -0.0000 -0.2102 0.9777
vn -0.0000 -0.3543 0.9351
vn -0.0000 -0.5028 0.8644
vn 0.0000 -0.6537 0.7568
vn 0.0000 -0.7984 0.6021
vn 0.0000 -0.9194 0.3934
vn -0.0000 -0.9905 0.1376
vn 0.0000 -0.9905 -0.1376
vn 0.0000 -0.9194 -0.3934
vn 0.0000 -0.7984 -0.6021
vn 0.0000 -0.6537 -0.7568
vn 0.0000 -0.5028 -0.8644
vn 0.0000 -0.3543 -0.9351
vn 0.0000 -0.2102 -0.9777
vn 0.0000 -0.0696 -0.9976
vn -0.0318 0.0939 -0.9951
vn -0.0594 0.2786 -0.9586
vn -0.0430 0.4554 -0.8893
vn 0.0076 0.6180 -0.7861
vn 0.0781 0.7571 -0.6486
vn 0.1507 0.8633 -0.4817
vn 0.2086 0.9324 -0.2952
vn 0.2402 0.9656 -0.0993
vn 0.2402 0.9656 0.0993
vn 0.2086 0.9324 0.2952
vn 0.1507 0.8633 0.4817
vn 0.0781 0.7571 0.6486
vn 0.0076 0.6180 0.7861
vn -0.0430 0.4554 0.8893
vn -0.0594 0.2786 0.9586
vn -0.0318 0.0939 0.9951
vn 0.0439 -0.0938 0.9946
vn 0.1634 -0.2753 0.9474
vn 0.3088 -0.4335 0.8466
vn 0.4517 -0.5514 0.7014
vn 0.5686 -0.6247 0.5352
vn 0.6508 -0.6631 0.3700
vn 0.7008 -0.6800 0.2153
vn 0.7242 -0.6860 0.0705
vn 0.7242 -0.6860 -0.0705
vn 0.7008 -0.6800 -0.2153
vn 0.6508 -0.6631 -0.3700
vn 0.5686 -0.6247 -0.5352
vn 0.4517 -0.5514 -0.7014
vn 0.3088 -0.4335 -0.8466
vn 0.1634 -0.2753 -0.9474
vn 0.0439 -0.0938 -0.9946
vn -0.8212 0.5706 0.0000
vn 0.0125 0.9999 0.0000
vn 0.0251 0.9997 0.0000
vn -0.1473 0.9891 0.0000
vn 0.0236 0.9997 0.0000
vn 0.8212 -0.5706 0.0000
vn 0.9924 0.1230 0.0000
vn 0.7097 0.7045 0.0000
vn 0.8108 0.5853 0.0000
vn 0.8626 0.5060 0.0000
vn 0.9406 0.3395 0.0000
vn 0.9960 -0.0899 0.0000
vn 0.8368 -0.5475 0.0000
vn 0.9037 -0.4282 0.0000
vn 0.5694 -0.8221 0.0000
vn -0.6345 -0.7730 0.0000
vn -0.8540 -0.5202 0.0000
vn -0.8454 -0.5341 0.0000
vn -0.9472 -0.3206 0.0000
vn -0.9977 0.0675 -0.0000
vn -0.9536 0.3012 -0.0000
vn -0.9596 0.2814 0.0000
vn -0.5878 -0.8090 0.0000
usemtl None
s 1
f 4521/7009/1878 4502/7010/1878 4504/7011/1878 4522/7012/1878
f 4526/7013/1879 4510/7014/1879 4508/7015/1879 4523/7016/1879
f 4506/7017/1880 4524/7018/1880 4610/7019/1880 4608/7020/1880
f 4525/7021/1880 4512/7022/1880 4502/7023/1880 4521/7024/1880
f 4509/7025/1881 4507/7026/1881 4505/7027/1881 4511/7028/1881
f 4510/7029/1882 4504/7030/1882 4502/7031/1882 4512/7032/1882
f 4508/7015/1882 4510/7029/1882 4512/7032/1882 4506/7017/1882
f 4676/7033/1883 4675/7034/1883 4667/7035/1883 4668/7036/1883
f 4524/7018/1880 4506/7017/1880 4512/7022/1880 4525/7021/1880
f 4522/7012/1879 4504/7011/1879 4510/7014/1879 4526/7013/1879
f 4513/7037/1879 4515/7038/1879 4519/7039/1879 4517/7040/1879
f 4665/7041/1879 4664/7042/1879 4515/7038/1879 4513/7037/1879
f 4666/7043/1884 4665/7041/1884 4513/7037/1884 4514/7044/1884
f 4663/7045/1880 4666/7046/1880 4514/7047/1880 4516/7048/1880
f 4517/7049/1885 4519/7050/1885 4520/7051/1885 4518/7052/1885
f 4516/7048/1880 4514/7047/1880 4518/7053/1880 4520/7054/1880
f 4514/7044/1886 4513/7037/1886 4517/7040/1886 4518/7055/1886
f 4515/7056/1887 4516/7057/1887 4520/7051/1887 4519/7050/1887
f 4531/7058/1879 4522/7012/1879 4526/7013/1879 4535/7059/1879
f 4533/7060/1880 4524/7018/1880 4525/7021/1880 4534/7061/1880
f 4534/7061/1880 4525/7021/1880 4521/7024/1880 4536/7062/1880
f 4532/7063/1879 4523/7016/1879 4527/7064/1879 4537/7065/1879
f 4535/7059/1879 4526/7013/1879 4523/7016/1879 4532/7063/1879
f 4554/7066/1888 4551/7067/1888 4543/7068/1888 4546/7069/1888
f 4538/7070/1881 4537/7065/1881 4541/7071/1881 4542/7072/1881
f 4533/7060/1880 4505/7027/1880 4529/7073/1880 4538/7070/1880
f 4505/7027/1881 4507/7026/1881 4528/7074/1881 4529/7073/1881
f 4523/7016/1882 4524/7018/1882 4530/7075/1882 4527/7064/1882
f 4524/7018/1880 4533/7060/1880 4538/7070/1880 4530/7075/1880
f 4528/7074/1889 4537/7065/1889 4538/7070/1889 4529/7073/1889
f 4501/7076/1878 4536/7077/1878 4531/7058/1878 4503/7078/1878
f 4509/7079/1879 4535/7059/1879 4532/7063/1879 4507/7026/1879
f 4507/7026/1879 4532/7063/1879 4537/7065/1879 4528/7074/1879
f 4511/7080/1880 4534/7061/1880 4536/7062/1880 4501/7081/1880
f 4505/7027/1880 4533/7060/1880 4534/7061/1880 4511/7080/1880
f 4503/7078/1879 4531/7058/1879 4535/7059/1879 4509/7079/1879
f 4541/7071/1889 4539/7082/1889 4540/7083/1889 4542/7072/1889
f 4530/7075/1880 4538/7070/1880 4542/7072/1880 4540/7083/1880
f 4527/7064/1882 4530/7075/1882 4540/7083/1882 4539/7082/1882
f 4537/7065/1879 4527/7064/1879 4539/7082/1879 4541/7071/1879
f 4546/7069/1881 4543/7068/1881 4567/7084/1881 4570/7085/1881
f 4551/7086/1880 4552/7087/1880 4544/7088/1880 4543/7089/1880
f 4557/7090/1882 4558/7091/1882 4566/7092/1882 4565/7093/1882
f 4553/7094/1879 4554/7066/1879 4546/7069/1879 4545/7095/1879
f 4618/7096/1879 4615/7097/1879 4548/7098/1879 4550/7099/1879
f 4584/7100/1879 4585/7101/1879 4558/7091/1879 4560/7102/1879
f 4616/7103/1880 4617/7104/1880 4549/7105/1880 4547/7106/1880
f 4615/7097/1890 4616/7107/1890 4547/7108/1890 4548/7098/1890
f 4550/7099/1879 4548/7098/1879 4554/7066/1879 4553/7094/1879
f 4583/7109/1879 4584/7100/1879 4560/7102/1879 4562/7110/1879
f 4547/7106/1880 4549/7105/1880 4552/7087/1880 4551/7086/1880
f 4548/7098/1891 4547/7108/1891 4551/7067/1891 4554/7066/1891
f 4558/7091/1892 4557/7090/1892 4573/7111/1892 4574/7112/1892
f 4560/7102/1879 4558/7091/1879 4574/7112/1879 4576/7113/1879
f 4620/7114/1879 4562/7110/1879 4578/7115/1879 4622/7116/1879
f 4624/7117/1880 4587/7118/1880 4555/7119/1880 4619/7120/1880
f 4589/7121/1880 4588/7122/1880 4561/7123/1880 4559/7124/1880
f 4586/7125/1880 4589/7121/1880 4559/7124/1880 4557/7126/1880
f 4623/7127/1879 4583/7109/1879 4562/7110/1879 4620/7114/1879
f 4587/7128/1881 4590/7129/1881 4596/7130/1881 4595/7131/1881
f 4591/7132/1878 4592/7133/1878 4565/7093/1878 4566/7092/1878
f 4545/7095/1881 4544/7134/1881 4563/7135/1881 4564/7136/1881
f 4585/7101/1879 4545/7095/1879 4564/7136/1879 4591/7132/1879
f 4586/7125/1880 4557/7126/1880 4565/7137/1880 4592/7138/1880
f 4567/7084/1878 4568/7139/1878 4569/7140/1878 4570/7085/1878
f 4544/7134/1882 4545/7095/1882 4569/7140/1882 4568/7139/1882
f 4545/7095/1879 4546/7069/1879 4570/7085/1879 4569/7140/1879
f 4543/7089/1880 4544/7088/1880 4568/7141/1880 4567/7142/1880
f 4573/7143/1880 4575/7144/1880 4581/7145/1880 4579/7146/1880
f 4578/7115/1878 4577/7147/1878 4599/7148/1878 4600/7149/1878
f 4577/7147/1882 4578/7115/1882 4576/7113/1882 4575/7150/1882
f 4562/7110/1879 4560/7102/1879 4576/7113/1879 4578/7115/1879
f 4619/7120/1880 4555/7119/1880 4571/7151/1880 4621/7152/1880
f 4557/7126/1880 4559/7124/1880 4575/7144/1880 4573/7143/1880
f 4630/7153/1879 4629/7154/1879 4603/7155/1879 4602/7156/1879
f 4559/7124/1880 4561/7123/1880 4577/7157/1880 4575/7144/1880
f 4581/7158/1882 4582/7159/1882 4580/7160/1882 4579/7161/1882
f 4575/7150/1889 4576/7113/1889 4582/7159/1889 4581/7158/1889
f 4576/7113/1879 4574/7112/1879 4580/7160/1879 4582/7159/1879
f 4574/7112/1878 4573/7111/1878 4579/7161/1878 4580/7160/1878
f 4544/7088/1880 4586/7125/1880 4592/7138/1880 4563/7162/1880
f 4558/7091/1879 4585/7101/1879 4591/7132/1879 4566/7092/1879
f 4564/7136/1878 4563/7135/1878 4592/7133/1878 4591/7132/1878
f 4521/7009/1889 4522/7012/1889 4590/7129/1889 4587/7128/1889
f 4618/7096/1879 4550/7099/1879 4583/7109/1879 4623/7127/1879
f 4544/7088/1880 4552/7087/1880 4589/7121/1880 4586/7125/1880
f 4552/7087/1880 4549/7105/1880 4588/7122/1880 4589/7121/1880
f 4617/7104/1880 4521/7024/1880 4587/7118/1880 4624/7117/1880
f 4550/7099/1879 4553/7094/1879 4584/7100/1879 4583/7109/1879
f 4553/7094/1879 4545/7095/1879 4585/7101/1879 4584/7100/1879
f 4596/7130/1879 4594/7163/1879 4612/7164/1879 4614/7165/1879
f 4555/7119/1880 4587/7118/1880 4595/7166/1880 4593/7167/1880
f 4590/7129/1879 4556/7168/1879 4594/7163/1879 4596/7130/1879
f 4556/7168/1882 4555/7169/1882 4593/7170/1882 4594/7163/1882
f 4625/7171/1893 4626/7172/1893 4600/7149/1893 4599/7148/1893
f 4621/7152/1880 4571/7151/1880 4597/7173/1880 4625/7174/1880
f 4628/7175/1880 4627/7176/1880 4601/7177/1880 4604/7178/1880
f 4622/7116/1879 4578/7115/1879 4600/7149/1879 4626/7172/1879
f 4601/7179/1894 4602/7156/1894 4603/7155/1894 4604/7180/1894
f 4604/7180/1889 4603/7155/1889 4606/7181/1889 4605/7182/1889
f 4631/7183/1880 4628/7175/1880 4604/7178/1880 4605/7184/1880
f 4627/7185/1881 4630/7153/1881 4602/7156/1881 4601/7179/1881
f 4632/7186/1882 4631/7187/1882 4605/7182/1882 4606/7181/1882
f 4629/7154/1879 4632/7186/1879 4606/7181/1879 4603/7155/1879
f 4609/7188/1889 4607/7189/1889 4608/7020/1889 4610/7019/1889
f 4613/7190/1889 4614/7165/1889 4612/7164/1889 4611/7191/1889
f 4594/7163/1882 4593/7170/1882 4611/7191/1882 4612/7164/1882
f 4595/7131/1881 4596/7130/1881 4614/7165/1881 4613/7190/1881
f 4593/7167/1880 4595/7166/1880 4613/7192/1880 4611/7193/1880
f 4523/7016/1879 4508/7015/1879 4607/7189/1879 4609/7188/1879
f 4524/7018/1881 4523/7016/1881 4609/7188/1881 4610/7019/1881
f 4508/7015/1882 4506/7017/1882 4608/7020/1882 4607/7189/1882
f 4572/7194/1879 4622/7116/1879 4626/7172/1879 4598/7195/1879
f 4577/7157/1880 4621/7152/1880 4625/7174/1880 4599/7196/1880
f 4631/7187/1895 4632/7186/1895 4636/7197/1895 4635/7198/1895
f 4549/7105/1880 4617/7104/1880 4624/7117/1880 4588/7122/1880
f 4522/7012/1879 4618/7096/1879 4623/7127/1879 4590/7129/1879
f 4561/7123/1880 4619/7120/1880 4621/7152/1880 4577/7157/1880
f 4590/7129/1879 4623/7127/1879 4620/7114/1879 4556/7168/1879
f 4588/7122/1880 4624/7117/1880 4619/7120/1880 4561/7123/1880
f 4556/7168/1879 4620/7114/1879 4622/7116/1879 4572/7194/1879
f 4531/7058/1890 4536/7077/1890 4616/7107/1890 4615/7097/1890
f 4536/7062/1880 4521/7024/1880 4617/7104/1880 4616/7103/1880
f 4522/7012/1879 4531/7058/1879 4615/7097/1879 4618/7096/1879
f 4572/7194/1879 4598/7195/1879 4632/7186/1879 4629/7154/1879
f 4598/7195/1879 4626/7172/1879 4638/7199/1879 4634/7200/1879
f 4555/7169/1881 4556/7168/1881 4630/7153/1881 4627/7185/1881
f 4597/7173/1880 4571/7151/1880 4628/7175/1880 4631/7183/1880
f 4571/7151/1880 4555/7119/1880 4627/7176/1880 4628/7175/1880
f 4556/7168/1879 4572/7194/1879 4629/7154/1879 4630/7153/1879
f 4648/7201/1879 4647/7202/1879 4644/7203/1879 4640/7204/1879
f 4656/7205/1879 4655/7206/1879 4652/7207/1879 4651/7208/1879
f 4632/7186/1879 4598/7195/1879 4634/7200/1879 4636/7197/1879
f 4626/7172/1896 4625/7171/1896 4637/7209/1897 4638/7199/1897
f 4625/7174/1880 4597/7173/1880 4633/7210/1880 4637/7211/1880
f 4597/7173/1880 4631/7183/1880 4635/7212/1880 4633/7210/1880
f 4639/7213/1898 4640/7204/1898 4644/7203/1898 4643/7214/1898
f 4640/7204/1899 4639/7213/1899 4641/7215/1899 4642/7216/1899
f 4645/7217/1879 4648/7201/1879 4640/7204/1879 4642/7216/1879
f 4647/7202/1900 4649/7218/1900 4643/7214/1900 4644/7203/1900
f 4649/7219/1880 4650/7220/1880 4639/7221/1880 4643/7222/1880
f 4650/7220/1880 4646/7223/1880 4641/7224/1880 4639/7221/1880
f 4633/7210/1880 4635/7212/1880 4646/7223/1880 4650/7220/1880
f 4637/7211/1880 4633/7210/1880 4650/7220/1880 4649/7219/1880
f 4638/7199/1897 4637/7209/1897 4649/7218/1901 4647/7202/1901
f 4636/7197/1879 4634/7200/1879 4648/7201/1879 4645/7217/1879
f 4635/7198/1902 4636/7197/1902 4645/7217/1902 4646/7225/1902
f 4634/7200/1879 4638/7199/1879 4647/7202/1879 4648/7201/1879
f 4654/7226/1903 4651/7208/1903 4652/7207/1903 4653/7227/1903
f 4655/7206/1904 4657/7228/1904 4653/7227/1904 4652/7207/1904
f 4657/7229/1880 4658/7230/1880 4654/7231/1880 4653/7232/1880
f 4651/7208/1889 4654/7226/1889 4660/7233/1889 4659/7234/1889
f 4646/7225/1881 4645/7217/1881 4656/7205/1881 4658/7235/1881
f 4641/7224/1880 4646/7223/1880 4658/7230/1880 4657/7229/1880
f 4642/7216/1905 4641/7215/1905 4657/7228/1905 4655/7206/1905
f 4645/7217/1879 4642/7216/1879 4655/7206/1879 4656/7205/1879
f 4661/7236/1881 4662/7237/1881 4659/7234/1881 4660/7233/1881
f 4658/7235/1878 4656/7205/1878 4662/7237/1878 4661/7236/1878
f 4656/7205/1879 4651/7208/1879 4659/7234/1879 4662/7237/1879
f 4654/7231/1880 4658/7230/1880 4661/7238/1880 4660/7239/1880
f 4511/7080/1880 4501/7081/1880 4666/7046/1880 4663/7045/1880
f 4501/7076/1884 4503/7078/1884 4665/7041/1884 4666/7043/1884
f 4503/7078/1879 4509/7079/1879 4664/7042/1879 4665/7041/1879
f 4509/7025/1889 4511/7028/1889 4663/7240/1889 4664/7241/1889
f 4670/7242/1889 4669/7243/1889 4668/7036/1889 4667/7035/1889
f 4686/7244/1906 4685/7245/1906 4669/7243/1906 4670/7242/1906
f 4685/7246/1880 4676/7247/1880 4668/7248/1880 4669/7249/1880
f 4675/7250/1879 4686/7251/1879 4670/7252/1879 4667/7253/1879
f 4515/7038/1879 4664/7042/1879 4690/7254/1879 4671/7255/1879
f 4671/7255/1879 4690/7254/1879 4689/7256/1879 4672/7257/1879
f 4672/7257/1879 4689/7256/1879 4688/7258/1879 4673/7259/1879
f 4673/7259/1879 4688/7258/1879 4687/7260/1879 4674/7261/1879
f 4674/7261/1879 4687/7260/1879 4686/7251/1879 4675/7250/1879
f 4663/7045/1880 4516/7048/1880 4680/7262/1880 4681/7263/1880
f 4681/7263/1880 4680/7262/1880 4679/7264/1880 4682/7265/1880
f 4682/7265/1880 4679/7264/1880 4678/7266/1880 4683/7267/1880
f 4683/7267/1880 4678/7266/1880 4677/7268/1880 4684/7269/1880
f 4684/7269/1880 4677/7268/1880 4676/7247/1880 4685/7246/1880
f 4664/7241/1907 4663/7240/1907 4681/7270/1907 4690/7271/1907
f 4690/7271/1908 4681/7270/1908 4682/7272/1908 4689/7273/1908
f 4689/7273/1909 4682/7272/1909 4683/7274/1909 4688/7275/1909
f 4688/7275/1910 4683/7274/1910 4684/7276/1910 4687/7277/1910
f 4687/7277/1911 4684/7276/1911 4685/7245/1911 4686/7244/1911
f 4516/7057/1912 4515/7056/1912 4671/7278/1912 4680/7279/1912
f 4680/7279/1913 4671/7278/1913 4672/7280/1913 4679/7281/1913
f 4679/7281/1914 4672/7280/1914 4673/7282/1914 4678/7283/1914
f 4678/7283/1914 4673/7282/1914 4674/7284/1914 4677/7285/1914
f 4677/7285/1915 4674/7284/1915 4675/7034/1915 4676/7033/1915
f 4703/7286/1916 4692/7287/1917 4694/7288/1917 4704/7289/1916
f 4704/7289/1879 4694/7288/1879 4698/7290/1879 4705/7291/1879
f 4705/7291/1918 4698/7290/1919 4696/7292/1919 4706/7293/1918
f 4706/7293/1880 4696/7292/1880 4692/7294/1880 4703/7295/1880
f 4693/7296/1920 4697/7297/1920 4695/7298/1920 4691/7299/1920
f 4696/7292/1919 4698/7290/1919 4721/7300/1921 4722/7301/1921
f 4714/7302/1880 4702/7303/1880 4699/7304/1880 4711/7305/1880
f 4713/7306/1922 4701/7307/1922 4702/7303/1922 4714/7302/1922
f 4712/7308/1879 4700/7309/1879 4701/7307/1879 4713/7306/1879
f 4711/7310/1923 4699/7311/1924 4700/7309/1924 4712/7308/1923
f 4717/7312/1880 4706/7293/1880 4703/7295/1880 4718/7313/1880
f 4716/7314/1925 4705/7291/1925 4706/7293/1925 4717/7312/1925
f 4715/7315/1879 4704/7289/1879 4705/7291/1879 4716/7314/1879
f 4718/7316/1926 4703/7286/1926 4704/7289/1926 4715/7315/1926
f 4691/7317/1927 4710/7318/1927 4707/7319/1927 4693/7320/1927
f 4693/7320/1879 4707/7319/1879 4708/7321/1879 4697/7297/1879
f 4697/7297/1928 4708/7321/1928 4709/7322/1928 4695/7298/1928
f 4695/7298/1880 4709/7322/1880 4710/7323/1880 4691/7324/1880
f 4710/7318/1929 4711/7310/1923 4712/7308/1923 4707/7319/1929
f 4707/7319/1879 4712/7308/1879 4713/7306/1879 4708/7321/1879
f 4708/7321/1930 4713/7306/1930 4714/7302/1930 4709/7322/1930
f 4709/7322/1880 4714/7302/1880 4711/7305/1880 4710/7323/1880
f 4699/7311/1924 4718/7316/1931 4715/7315/1931 4700/7309/1924
f 4700/7309/1879 4715/7315/1879 4716/7314/1879 4701/7307/1879
f 4701/7307/1932 4716/7314/1932 4717/7312/1932 4702/7303/1932
f 4702/7303/1880 4717/7312/1880 4718/7313/1880 4699/7304/1880
f 4721/7300/1933 4720/7325/1933 4719/7326/1933 4722/7301/1933
f 4694/7288/1917 4692/7287/1917 4719/7327/1934 4720/7328/1934
f 4692/7294/1880 4696/7292/1880 4722/7301/1880 4719/7329/1880
f 4698/7290/1879 4694/7288/1879 4720/7328/1879 4721/7300/1879
f 4739/7330/1935 4724/7331/1935 4726/7332/1935 4740/7333/1935
f 4740/7333/1879 4726/7332/1879 4730/7334/1879 4741/7335/1879
f 4741/7335/1936 4730/7334/1936 4728/7336/1936 4742/7337/1936
f 4742/7337/1880 4728/7336/1880 4724/7338/1880 4739/7339/1880
f 4725/7340/1937 4729/7341/1937 4727/7342/1937 4723/7343/1937
f 4730/7334/1938 4726/7344/1938 4724/7345/1938 4728/7336/1938
f 4727/7342/1880 4734/7346/1880 4731/7347/1880 4723/7348/1880
f 4729/7341/1939 4733/7349/1939 4734/7346/1939 4727/7342/1939
f 4725/7350/1879 4732/7351/1879 4733/7349/1879 4729/7341/1879
f 4723/7352/1935 4731/7353/1935 4732/7351/1935 4725/7350/1935
f 4734/7346/1880 4738/7354/1880 4735/7355/1880 4731/7347/1880
f 4733/7349/1936 4737/7356/1936 4738/7354/1936 4734/7346/1936
f 4732/7351/1879 4736/7357/1879 4737/7356/1879 4733/7349/1879
f 4731/7353/1935 4735/7358/1935 4736/7357/1935 4732/7351/1935
f 4745/7359/1880 4742/7337/1880 4739/7339/1880 4746/7360/1880
f 4744/7361/1940 4741/7335/1940 4742/7337/1940 4745/7359/1940
f 4743/7362/1879 4740/7333/1879 4741/7335/1879 4744/7361/1879
f 4746/7363/1935 4739/7330/1935 4740/7333/1935 4743/7362/1935
f 4735/7358/1935 4746/7363/1935 4743/7362/1935 4736/7357/1935
f 4736/7357/1879 4743/7362/1879 4744/7361/1879 4737/7356/1879
f 4737/7356/1941 4744/7361/1941 4745/7359/1941 4738/7354/1941
f 4738/7354/1880 4745/7359/1880 4746/7360/1880 4735/7355/1880
f 4747/7364/1942 4748/7365/1942 4750/7366/1942 4749/7367/1942
f 4749/7367/1943 4750/7366/1943 4752/7368/1943 4751/7369/1943
f 4751/7369/1944 4752/7368/1944 4754/7370/1944 4753/7371/1944
f 4753/7371/1945 4754/7370/1945 4756/7372/1945 4755/7373/1945
f 4755/7373/1946 4756/7372/1946 4758/7374/1946 4757/7375/1946
f 4757/7375/1947 4758/7374/1947 4760/7376/1947 4759/7377/1947
f 4759/7377/1948 4760/7376/1948 4762/7378/1948 4761/7379/1948
f 4761/7379/1949 4762/7378/1949 4764/7380/1949 4763/7381/1949
f 4763/7381/1950 4764/7380/1950 4766/7382/1950 4765/7383/1950
f 4765/7383/1951 4766/7382/1951 4768/7384/1951 4767/7385/1951
f 4767/7385/1952 4768/7384/1952 4770/7386/1952 4769/7387/1952
f 4769/7387/1953 4770/7386/1953 4772/7388/1953 4771/7389/1953
f 4771/7389/1954 4772/7388/1954 4774/7390/1954 4773/7391/1954
f 4773/7391/1955 4774/7390/1955 4776/7392/1955 4775/7393/1955
f 4775/7393/1956 4776/7392/1956 4778/7394/1956 4777/7395/1956
f 4777/7395/1957 4778/7394/1957 4780/7396/1957 4779/7397/1957
f 4779/7397/1958 4780/7396/1958 4782/7398/1958 4781/7399/1958
f 4781/7399/1959 4782/7398/1959 4784/7400/1959 4783/7401/1959
f 4783/7401/1960 4784/7400/1960 4786/7402/1960 4785/7403/1960
f 4785/7403/1961 4786/7402/1961 4788/7404/1961 4787/7405/1961
f 4787/7405/1962 4788/7404/1962 4790/7406/1962 4789/7407/1962
f 4789/7407/1963 4790/7406/1963 4792/7408/1963 4791/7409/1963
f 4791/7409/1964 4792/7408/1964 4794/7410/1964 4793/7411/1964
f 4793/7411/1965 4794/7410/1965 4796/7412/1965 4795/7413/1965
f 4795/7413/1966 4796/7412/1966 4798/7414/1966 4797/7415/1966
f 4797/7415/1967 4798/7414/1967 4800/7416/1967 4799/7417/1967
f 4799/7417/1968 4800/7416/1968 4802/7418/1968 4801/7419/1968
f 4801/7419/1969 4802/7418/1969 4804/7420/1969 4803/7421/1969
f 4803/7421/1970 4804/7420/1970 4806/7422/1970 4805/7423/1970
f 4805/7423/1971 4806/7422/1971 4808/7424/1971 4807/7425/1971
f 4750/7426/1889 4748/7427/1889 4810/7428/1889 4808/7429/1889 4806/7430/1889 4804/7431/1889 4802/7432/1889 4800/7433/1889 4798/7434/1889 4796/7435/1889 4794/7436/1889 4792/7437/1889 4790/7438/1889 4788/7439/1889 4786/7440/1889 4784/7441/1889 4782/7442/1889 4780/7443/1889 4778/7444/1889 4776/7445/1889 4774/7446/1889 4772/7447/1889 4770/7448/1889 4768/7449/1889 4766/7450/1889 4764/7451/1889 4762/7452/1889 4760/7453/1889 4758/7454/1889 4756/7455/1889 4754/7456/1889 4752/7457/1889
f 4807/7425/1972 4808/7424/1972 4810/7458/1972 4809/7459/1972
f 4809/7459/1973 4810/7458/1973 4748/7460/1973 4747/7461/1973
f 4747/7462/1878 4749/7463/1878 4751/7464/1878 4753/7465/1878 4755/7466/1878 4757/7467/1878 4759/7468/1878 4761/7469/1878 4763/7470/1878 4765/7471/1878 4767/7472/1878 4769/7473/1878 4771/7474/1878 4773/7475/1878 4775/7476/1878 4777/7477/1878 4779/7478/1878 4781/7479/1878 4783/7480/1878 4785/7481/1878 4787/7482/1878 4789/7483/1878 4791/7484/1878 4793/7485/1878 4795/7486/1878 4797/7487/1878 4799/7488/1878 4801/7489/1878 4803/7490/1878 4805/7491/1878 4807/7492/1878 4809/7493/1878
f 4811/7494/1942 4812/7495/1942 4814/7496/1942 4813/7497/1942
f 4813/7497/1943 4814/7496/1943 4816/7498/1943 4815/7499/1943
f 4815/7499/1944 4816/7498/1944 4818/7500/1944 4817/7501/1944
f 4817/7501/1945 4818/7500/1945 4820/7502/1945 4819/7503/1945
f 4819/7503/1946 4820/7502/1946 4822/7504/1946 4821/7505/1946
f 4821/7505/1947 4822/7504/1947 4824/7506/1947 4823/7507/1947
f 4823/7507/1948 4824/7506/1948 4826/7508/1948 4825/7509/1948
f 4825/7509/1949 4826/7508/1949 4828/7510/1949 4827/7511/1949
f 4827/7511/1950 4828/7510/1950 4830/7512/1950 4829/7513/1950
f 4829/7513/1951 4830/7512/1951 4832/7514/1951 4831/7515/1951
f 4831/7515/1952 4832/7514/1952 4834/7516/1952 4833/7517/1952
f 4833/7517/1953 4834/7516/1953 4836/7518/1953 4835/7519/1953
f 4835/7519/1954 4836/7518/1954 4838/7520/1954 4837/7521/1954
f 4837/7521/1955 4838/7520/1955 4840/7522/1955 4839/7523/1955
f 4839/7523/1956 4840/7522/1956 4842/7524/1956 4841/7525/1956
f 4841/7525/1957 4842/7524/1957 4844/7526/1957 4843/7527/1957
f 4843/7527/1958 4844/7526/1958 4846/7528/1958 4845/7529/1958
f 4845/7529/1959 4846/7528/1959 4848/7530/1959 4847/7531/1959
f 4847/7531/1960 4848/7530/1960 4850/7532/1960 4849/7533/1960
f 4849/7533/1961 4850/7532/1961 4852/7534/1961 4851/7535/1961
f 4851/7535/1962 4852/7534/1962 4854/7536/1962 4853/7537/1962
f 4853/7537/1963 4854/7536/1963 4856/7538/1963 4855/7539/1963
f 4855/7539/1964 4856/7538/1964 4858/7540/1964 4857/7541/1964
f 4857/7541/1965 4858/7540/1965 4860/7542/1965 4859/7543/1965
f 4859/7543/1966 4860/7542/1966 4862/7544/1966 4861/7545/1966
f 4861/7545/1967 4862/7544/1967 4864/7546/1967 4863/7547/1967
f 4863/7547/1968 4864/7546/1968 4866/7548/1968 4865/7549/1968
f 4865/7549/1969 4866/7548/1969 4868/7550/1969 4867/7551/1969
f 4867/7551/1970 4868/7550/1970 4870/7552/1970 4869/7553/1970
f 4869/7553/1971 4870/7552/1971 4872/7554/1971 4871/7555/1971
f 4814/7556/1889 4812/7557/1889 4874/7558/1889 4872/7559/1889 4870/7560/1889 4868/7561/1889 4866/7562/1889 4864/7563/1889 4862/7564/1889 4860/7565/1889 4858/7566/1889 4856/7567/1889 4854/7568/1889 4852/7569/1889 4850/7570/1889 4848/7571/1889 4846/7572/1889 4844/7573/1889 4842/7574/1889 4840/7575/1889 4838/7576/1889 4836/7577/1889 4834/7578/1889 4832/7579/1889 4830/7580/1889 4828/7581/1889 4826/7582/1889 4824/7583/1889 4822/7584/1889 4820/7585/1889 4818/7586/1889 4816/7587/1889
f 4871/7555/1972 4872/7554/1972 4874/7588/1972 4873/7589/1972
f 4873/7589/1973 4874/7588/1973 4812/7590/1973 4811/7591/1973
f 4811/7592/1878 4813/7593/1878 4815/7594/1878 4817/7595/1878 4819/7596/1878 4821/7597/1878 4823/7598/1878 4825/7599/1878 4827/7600/1878 4829/7601/1878 4831/7602/1878 4833/7603/1878 4835/7604/1878 4837/7605/1878 4839/7606/1878 4841/7607/1878 4843/7608/1878 4845/7609/1878 4847/7610/1878 4849/7611/1878 4851/7612/1878 4853/7613/1878 4855/7614/1878 4857/7615/1878 4859/7616/1878 4861/7617/1878 4863/7618/1878 4865/7619/1878 4867/7620/1878 4869/7621/1878 4871/7622/1878 4873/7623/1878
f 4875/7624/1942 4876/7625/1942 4878/7626/1942 4877/7627/1942
f 4877/7627/1943 4878/7626/1943 4880/7628/1943 4879/7629/1943
f 4879/7629/1944 4880/7628/1944 4882/7630/1944 4881/7631/1944
f 4881/7631/1945 4882/7630/1945 4884/7632/1945 4883/7633/1945
f 4883/7633/1946 4884/7632/1946 4886/7634/1946 4885/7635/1946
f 4885/7635/1947 4886/7634/1947 4888/7636/1947 4887/7637/1947
f 4887/7637/1948 4888/7636/1948 4890/7638/1948 4889/7639/1948
f 4889/7639/1949 4890/7638/1949 4892/7640/1949 4891/7641/1949
f 4891/7641/1950 4892/7640/1950 4894/7642/1950 4893/7643/1950
f 4893/7643/1951 4894/7642/1951 4896/7644/1951 4895/7645/1951
f 4895/7645/1952 4896/7644/1952 4898/7646/1952 4897/7647/1952
f 4897/7647/1953 4898/7646/1953 4900/7648/1953 4899/7649/1953
f 4899/7649/1954 4900/7648/1954 4902/7650/1954 4901/7651/1954
f 4901/7651/1955 4902/7650/1955 4904/7652/1955 4903/7653/1955
f 4903/7653/1956 4904/7652/1956 4906/7654/1956 4905/7655/1956
f 4905/7655/1957 4906/7654/1957 4908/7656/1957 4907/7657/1957
f 4907/7657/1958 4908/7656/1958 4910/7658/1958 4909/7659/1958
f 4909/7659/1959 4910/7658/1959 4912/7660/1959 4911/7661/1959
f 4911/7661/1960 4912/7660/1960 4914/7662/1960 4913/7663/1960
f 4913/7663/1961 4914/7662/1961 4916/7664/1961 4915/7665/1961
f 4915/7665/1962 4916/7664/1962 4918/7666/1962 4917/7667/1962
f 4917/7667/1963 4918/7666/1963 4920/7668/1963 4919/7669/1963
f 4919/7669/1964 4920/7668/1964 4922/7670/1964 4921/7671/1964
f 4921/7671/1965 4922/7670/1965 4924/7672/1965 4923/7673/1965
f 4923/7673/1966 4924/7672/1966 4926/7674/1966 4925/7675/1966
f 4925/7675/1967 4926/7674/1967 4928/7676/1967 4927/7677/1967
f 4927/7677/1968 4928/7676/1968 4930/7678/1968 4929/7679/1968
f 4929/7679/1969 4930/7678/1969 4932/7680/1969 4931/7681/1969
f 4931/7681/1970 4932/7680/1970 4934/7682/1970 4933/7683/1970
f 4933/7683/1971 4934/7682/1971 4936/7684/1971 4935/7685/1971
f 4878/7686/1889 4876/7687/1889 4938/7688/1889 4936/7689/1889 4934/7690/1889 4932/7691/1889 4930/7692/1889 4928/7693/1889 4926/7694/1889 4924/7695/1889 4922/7696/1889 4920/7697/1889 4918/7698/1889 4916/7699/1889 4914/7700/1889 4912/7701/1889 4910/7702/1889 4908/7703/1889 4906/7704/1889 4904/7705/1889 4902/7706/1889 4900/7707/1889 4898/7708/1889 4896/7709/1889 4894/7710/1889 4892/7711/1889 4890/7712/1889 4888/7713/1889 4886/7714/1889 4884/7715/1889 4882/7716/1889 4880/7717/1889
f 4935/7685/1972 4936/7684/1972 4938/7718/1972 4937/7719/1972
f 4937/7719/1973 4938/7718/1973 4876/7720/1973 4875/7721/1973
f 4875/7722/1878 4877/7723/1878 4879/7724/1878 4881/7725/1878 4883/7726/1878 4885/7727/1878 4887/7728/1878 4889/7729/1878 4891/7730/1878 4893/7731/1878 4895/7732/1878 4897/7733/1878 4899/7734/1878 4901/7735/1878 4903/7736/1878 4905/7737/1878 4907/7738/1878 4909/7739/1878 4911/7740/1878 4913/7741/1878 4915/7742/1878 4917/7743/1878 4919/7744/1878 4921/7745/1878 4923/7746/1878 4925/7747/1878 4927/7748/1878 4929/7749/1878 4931/7750/1878 4933/7751/1878 4935/7752/1878 4937/7753/1878
f 4939/7754/1878 4940/7755/1878 4942/7756/1878 4941/7757/1878
f 5007/7758/1879 5003/7759/1879 4946/7760/1879 4945/7761/1879
f 4945/7761/1889 4946/7760/1889 4944/7762/1889 4943/7763/1889
f 4954/7764/1880 4952/7765/1880 4940/7766/1880 4939/7767/1880
f 5013/7768/1878 5011/7769/1878 4958/7770/1878 4957/7771/1878
f 4953/7772/1882 4942/7773/1882 4940/7774/1882 4952/7775/1882
f 4991/7776/1882 4948/7777/1882 4950/7778/1882 4988/7779/1882
f 4951/7780/1881 4947/7781/1881 4949/7782/1881 4954/7783/1881
f 4992/7784/1880 4988/7785/1880 4950/7786/1880 4949/7787/1880
f 4951/7788/1879 4953/7789/1879 4948/7790/1879 4947/7791/1879
f 4941/7757/1879 4942/7756/1879 4953/7789/1879 4951/7788/1879
f 4941/7757/1879 4951/7788/1879 5029/7792/1879 5027/7793/1879
f 4948/7777/1882 4953/7772/1882 4952/7775/1882 4950/7778/1882
f 4949/7787/1880 4950/7786/1880 4952/7765/1880 4954/7764/1880
f 5009/7794/1974 4956/7795/1974 4955/7796/1974 5005/7797/1974
f 5014/7798/1975 5012/7799/1975 4955/7796/1975 4956/7795/1975
f 5026/7800/1879 5014/7798/1879 4956/7795/1879 5009/7801/1879
f 5022/7802/1880 5013/7803/1880 4957/7804/1880 4993/7805/1880
f 5042/7806/1880 5031/7807/1880 4960/7808/1880 4994/7809/1880
f 5046/7810/1879 5032/7811/1879 4962/7812/1879 5010/7813/1879
f 5032/7811/1976 5034/7814/1976 4961/7815/1976 4962/7812/1976
f 4959/7816/1882 4960/7817/1882 5056/7818/1882 5055/7819/1882
f 5037/7820/1879 5035/7821/1879 4970/7822/1879 4974/7823/1879
f 5039/7824/1880 5036/7825/1880 4969/7826/1880 4982/7827/1880
f 5019/7828/1880 5015/7829/1880 4967/7830/1880 4981/7831/1880
f 5017/7832/1879 5016/7833/1879 4968/7834/1879 4973/7835/1879
f 4973/7836/1977 4968/7837/1977 4967/7838/1977 4977/7839/1977
f 4980/7840/1880 4984/7841/1880 4966/7842/1880 4964/7843/1880
f 4979/7844/1882 4963/7845/1882 4966/7846/1882 4984/7847/1882
f 4971/7848/1879 4975/7849/1879 4963/7850/1879 4965/7851/1879
f 4987/7852/1879 4991/7853/1879 4975/7849/1879 4971/7848/1879
f 4989/7854/1978 4973/7836/1978 4977/7839/1978 4993/7855/1978
f 5021/7856/1879 5017/7832/1879 4973/7835/1879 4989/7857/1879
f 5041/7858/1879 5037/7820/1879 4974/7823/1879 4990/7859/1879
f 5036/7825/1880 5038/7860/1880 4978/7861/1880 4969/7826/1880
f 5015/7829/1880 5018/7862/1880 4977/7863/1880 4967/7830/1880
f 4964/7843/1880 4966/7842/1880 4972/7864/1880 4976/7865/1880
f 4963/7845/1882 4975/7866/1882 4972/7867/1882 4966/7846/1882
f 4995/7868/1882 4979/7844/1882 4984/7847/1882 5000/7869/1882
f 4996/7870/1880 5000/7871/1880 4984/7841/1880 4980/7840/1880
f 5023/7872/1880 5019/7828/1880 4981/7831/1880 4997/7873/1880
f 5043/7874/1880 5039/7824/1880 4982/7827/1880 4998/7875/1880
f 5035/7821/1879 5040/7876/1879 4986/7877/1879 4970/7822/1879
f 5016/7833/1879 5020/7878/1879 4985/7879/1879 4968/7834/1879
f 4968/7837/1979 4985/7880/1979 4981/7881/1979 4967/7838/1979
f 4965/7851/1879 4963/7850/1879 4979/7882/1879 4983/7883/1879
f 5033/7884/1879 5041/7858/1879 4990/7859/1879 4959/7885/1879
f 5011/7886/1879 5021/7856/1879 4989/7857/1879 4958/7887/1879
f 4958/7770/1980 4989/7854/1980 4993/7855/1980 4957/7771/1980
f 4947/7791/1879 4948/7790/1879 4991/7853/1879 4987/7852/1879
f 5038/7860/1880 5042/7806/1880 4994/7809/1880 4978/7861/1880
f 5018/7862/1880 5022/7802/1880 4993/7805/1880 4977/7863/1880
f 4976/7865/1880 4972/7864/1880 4988/7785/1880 4992/7784/1880
f 4975/7866/1882 4991/7776/1882 4988/7779/1882 4972/7867/1882
f 5045/7888/1880 5043/7874/1880 4998/7875/1880 5006/7889/1880
f 5025/7890/1880 5023/7872/1880 4997/7873/1880 5005/7891/1880
f 5004/7892/1880 5008/7893/1880 5000/7871/1880 4996/7870/1880
f 5003/7894/1882 4995/7868/1882 5000/7869/1882 5008/7895/1882
f 5040/7876/1879 5044/7896/1879 5002/7897/1879 4986/7877/1879
f 5020/7878/1879 5024/7898/1879 5001/7899/1879 4985/7879/1879
f 4985/7880/1881 5001/7900/1881 4997/7901/1881 4981/7881/1881
f 4983/7883/1879 4979/7882/1879 4995/7902/1879 4999/7903/1879
f 4946/7760/1882 5003/7894/1882 5008/7895/1882 4944/7762/1882
f 4943/7763/1880 4944/7762/1880 5008/7893/1880 5004/7892/1880
f 5012/7799/1880 5025/7890/1880 5005/7891/1880 4955/7796/1880
f 5034/7814/1880 5045/7888/1880 5006/7889/1880 4961/7815/1880
f 5044/7896/1879 5046/7810/1879 5010/7813/1879 5002/7897/1879
f 5024/7898/1879 5026/7800/1879 5009/7801/1879 5001/7899/1879
f 5001/7900/1981 5009/7794/1981 5005/7797/1981 4997/7901/1981
f 4999/7903/1879 4995/7902/1879 5003/7759/1879 5007/7758/1879
f 5002/7897/1879 5010/7813/1879 5026/7800/1879 5024/7898/1879
f 4961/7815/1880 5006/7889/1880 5025/7890/1880 5012/7799/1880
f 4986/7877/1879 5002/7897/1879 5024/7898/1879 5020/7878/1879
f 5006/7889/1880 4998/7875/1880 5023/7872/1880 5025/7890/1880
f 4978/7861/1880 4994/7809/1880 5022/7802/1880 5018/7862/1880
f 4959/7885/1879 4990/7859/1879 5021/7856/1879 5011/7886/1879
f 4970/7822/1879 4986/7877/1879 5020/7878/1879 5016/7833/1879
f 4998/7875/1880 4982/7827/1880 5019/7828/1880 5023/7872/1880
f 4969/7826/1880 4978/7861/1880 5018/7862/1880 5015/7829/1880
f 4990/7859/1879 4974/7823/1879 5017/7832/1879 5021/7856/1879
f 4974/7823/1879 4970/7822/1879 5016/7833/1879 5017/7832/1879
f 4982/7827/1880 4969/7826/1880 5015/7829/1880 5019/7828/1880
f 4994/7809/1880 4960/7808/1880 5013/7803/1880 5022/7802/1880
f 5010/7813/1879 4962/7812/1879 5014/7798/1879 5026/7800/1879
f 4962/7812/1975 4961/7815/1975 5012/7799/1975 5014/7798/1975
f 4960/7817/1982 4959/7816/1982 5011/7769/1982 5013/7768/1982
f 5027/7904/1881 5029/7905/1881 5030/7906/1881 5028/7907/1881
f 4939/7754/1983 4941/7757/1983 5027/7793/1983 5028/7908/1983
f 4951/7780/1984 4954/7783/1984 5030/7906/1984 5029/7905/1984
f 4954/7764/1880 4939/7767/1880 5028/7909/1880 5030/7910/1880
f 4999/7903/1879 5007/7758/1879 5046/7810/1879 5044/7896/1879
f 4943/7763/1880 5004/7892/1880 5045/7888/1880 5034/7814/1880
f 4983/7883/1879 4999/7903/1879 5044/7896/1879 5040/7876/1879
f 5004/7892/1880 4996/7870/1880 5043/7874/1880 5045/7888/1880
f 4976/7865/1880 4992/7784/1880 5042/7806/1880 5038/7860/1880
f 4947/7791/1879 4987/7852/1879 5041/7858/1879 5033/7884/1879
f 4965/7851/1879 4983/7883/1879 5040/7876/1879 5035/7821/1879
f 4996/7870/1880 4980/7840/1880 5039/7824/1880 5043/7874/1880
f 4964/7843/1880 4976/7865/1880 5038/7860/1880 5036/7825/1880
f 4987/7852/1879 4971/7848/1879 5037/7820/1879 5041/7858/1879
f 4980/7840/1880 4964/7843/1880 5036/7825/1880 5039/7824/1880
f 4971/7848/1879 4965/7851/1879 5035/7821/1879 5037/7820/1879
f 4949/7782/1878 4947/7781/1878 5033/7911/1878 5031/7912/1878
f 4945/7761/1976 4943/7763/1976 5034/7814/1976 5032/7811/1976
f 5007/7758/1879 4945/7761/1879 5032/7811/1879 5046/7810/1879
f 4992/7784/1880 4949/7787/1880 5031/7807/1880 5042/7806/1880
f 5050/7913/1878 5047/7914/1878 5048/7915/1878 5049/7916/1878
f 5031/7912/1882 5033/7911/1882 5047/7914/1882 5050/7913/1882
f 4960/7808/1880 5031/7807/1880 5050/7917/1880 5049/7918/1880
f 5033/7884/1879 4959/7885/1879 5048/7919/1879 5047/7920/1879
f 5051/7921/1985 5052/7922/1985 5054/7923/1985 5053/7924/1985
f 5048/7919/1879 4959/7885/1879 5051/7925/1879 5053/7926/1879
f 5049/7916/1986 5048/7915/1986 5053/7924/1986 5054/7923/1986
f 4960/7808/1880 5049/7918/1880 5054/7927/1880 5052/7928/1880
f 5055/7819/1889 5056/7818/1889 5058/7929/1889 5057/7930/1889
f 4960/7808/1880 5052/7928/1880 5058/7931/1880 5056/7932/1880
f 5052/7922/1881 5051/7921/1881 5057/7930/1881 5058/7929/1881
f 5051/7925/1879 4959/7885/1879 5055/7933/1879 5057/7934/1879
f 5059/7935/1942 5060/7936/1942 5062/7937/1942 5061/7938/1942
f 5061/7938/1943 5062/7937/1943 5064/7939/1943 5063/7940/1943
f 5063/7940/1944 5064/7939/1944 5066/7941/1944 5065/7942/1944
f 5065/7942/1945 5066/7941/1945 5068/7943/1945 5067/7944/1945
f 5067/7944/1946 5068/7943/1946 5070/7945/1946 5069/7946/1946
f 5069/7946/1947 5070/7945/1947 5072/7947/1947 5071/7948/1947
f 5071/7948/1948 5072/7947/1948 5074/7949/1948 5073/7950/1948
f 5073/7950/1949 5074/7949/1949 5076/7951/1949 5075/7952/1949
f 5075/7952/1950 5076/7951/1950 5078/7953/1950 5077/7954/1950
f 5077/7954/1951 5078/7953/1951 5080/7955/1951 5079/7956/1951
f 5079/7956/1952 5080/7955/1952 5082/7957/1952 5081/7958/1952
f 5081/7958/1953 5082/7957/1953 5084/7959/1953 5083/7960/1953
f 5083/7960/1954 5084/7959/1954 5086/7961/1954 5085/7962/1954
f 5085/7962/1955 5086/7961/1955 5088/7963/1955 5087/7964/1955
f 5087/7964/1956 5088/7963/1956 5090/7965/1956 5089/7966/1956
f 5089/7966/1957 5090/7965/1957 5092/7967/1957 5091/7968/1957
f 5091/7968/1958 5092/7967/1958 5094/7969/1958 5093/7970/1958
f 5093/7970/1959 5094/7969/1959 5096/7971/1959 5095/7972/1959
f 5095/7972/1960 5096/7971/1960 5098/7973/1960 5097/7974/1960
f 5097/7974/1961 5098/7973/1961 5100/7975/1961 5099/7976/1961
f 5099/7976/1962 5100/7975/1962 5102/7977/1962 5101/7978/1962
f 5101/7978/1963 5102/7977/1963 5104/7979/1963 5103/7980/1963
f 5103/7980/1964 5104/7979/1964 5106/7981/1964 5105/7982/1964
f 5105/7982/1965 5106/7981/1965 5108/7983/1965 5107/7984/1965
f 5107/7984/1966 5108/7983/1966 5110/7985/1966 5109/7986/1966
f 5109/7986/1967 5110/7985/1967 5112/7987/1967 5111/7988/1967
f 5111/7988/1968 5112/7987/1968 5114/7989/1968 5113/7990/1968
f 5113/7990/1969 5114/7989/1969 5116/7991/1969 5115/7992/1969
f 5115/7992/1970 5116/7991/1970 5118/7993/1970 5117/7994/1970
f 5117/7994/1971 5118/7993/1971 5120/7995/1971 5119/7996/1971
f 5062/7997/1889 5060/7998/1889 5122/7999/1889 5120/8000/1889 5118/8001/1889 5116/8002/1889 5114/8003/1889 5112/8004/1889 5110/8005/1889 5108/8006/1889 5106/8007/1889 5104/8008/1889 5102/8009/1889 5100/8010/1889 5098/8011/1889 5096/8012/1889 5094/8013/1889 5092/8014/1889 5090/8015/1889 5088/8016/1889 5086/8017/1889 5084/8018/1889 5082/8019/1889 5080/8020/1889 5078/8021/1889 5076/8022/1889 5074/8023/1889 5072/8024/1889 5070/8025/1889 5068/8026/1889 5066/8027/1889 5064/8028/1889
f 5119/7996/1972 5120/7995/1972 5122/8029/1972 5121/8030/1972
f 5121/8030/1973 5122/8029/1973 5060/8031/1973 5059/8032/1973
f 5059/8033/1878 5061/8034/1878 5063/8035/1878 5065/8036/1878 5067/8037/1878 5069/8038/1878 5071/8039/1878 5073/8040/1878 5075/8041/1878 5077/8042/1878 5079/8043/1878 5081/8044/1878 5083/8045/1878 5085/8046/1878 5087/8047/1878 5089/8048/1878 5091/8049/1878 5093/8050/1878 5095/8051/1878 5097/8052/1878 5099/8053/1878 5101/8054/1878 5103/8055/1878 5105/8056/1878 5107/8057/1878 5109/8058/1878 5111/8059/1878 5113/8060/1878 5115/8061/1878 5117/8062/1878 5119/8063/1878 5121/8064/1878
f 5131/8065/1987 5124/8066/1987 5126/8067/1987 5132/8068/1987
f 5132/8068/1879 5126/8067/1879 5130/8069/1879 5133/8070/1879
f 5133/8070/1889 5130/8069/1889 5128/8071/1889 5134/8072/1889
f 5134/8072/1880 5128/8071/1880 5124/8073/1880 5131/8074/1880
f 5125/8075/1988 5129/8076/1988 5127/8077/1988 5123/8078/1988
f 5130/8069/1882 5126/8079/1882 5124/8080/1882 5128/8071/1882
f 5137/8081/1880 5134/8072/1880 5131/8074/1880 5138/8082/1880
f 5136/8083/1889 5133/8070/1889 5134/8072/1889 5137/8081/1889
f 5135/8084/1879 5132/8068/1879 5133/8070/1879 5136/8083/1879
f 5138/8082/1880 5131/8074/1880 5140/8085/1880 5139/8086/1880
f 5123/8087/1987 5138/8088/1987 5135/8084/1987 5125/8089/1987
f 5125/8089/1879 5135/8084/1879 5136/8083/1879 5129/8076/1879
f 5129/8076/1889 5136/8083/1889 5137/8081/1889 5127/8077/1889
f 5127/8077/1880 5137/8081/1880 5138/8082/1880 5123/8090/1880
f 5139/8091/1878 5140/8092/1878 5141/8093/1878 5142/8094/1878
f 5131/8065/1882 5132/8068/1882 5141/8093/1882 5140/8092/1882
f 5135/8084/1881 5138/8088/1881 5139/8091/1881 5142/8094/1881
f 5132/8068/1879 5135/8084/1879 5142/8094/1879 5141/8093/1879
f 5207/8095/1942 5144/8096/1942 5146/8097/1942 5208/8098/1942
f 5208/8098/1943 5146/8097/1943 5148/8099/1943 5209/8100/1943
f 5209/8100/1944 5148/8099/1944 5150/8101/1944 5210/8102/1944
f 5210/8102/1945 5150/8101/1945 5152/8103/1945 5211/8104/1945
f 5211/8104/1946 5152/8103/1946 5154/8105/1946 5212/8106/1946
f 5212/8106/1947 5154/8105/1947 5156/8107/1947 5213/8108/1947
f 5213/8108/1948 5156/8107/1948 5158/8109/1948 5214/8110/1948
f 5214/8110/1949 5158/8109/1949 5160/8111/1949 5215/8112/1949
f 5215/8112/1950 5160/8111/1950 5162/8113/1950 5216/8114/1950
f 5216/8114/1951 5162/8113/1951 5164/8115/1951 5217/8116/1951
f 5217/8116/1952 5164/8115/1952 5166/8117/1952 5218/8118/1952
f 5218/8118/1953 5166/8117/1953 5168/8119/1953 5219/8120/1953
f 5219/8120/1954 5168/8119/1954 5170/8121/1954 5220/8122/1954
f 5220/8122/1955 5170/8121/1955 5172/8123/1955 5221/8124/1955
f 5221/8124/1956 5172/8123/1956 5174/8125/1956 5222/8126/1956
f 5222/8126/1957 5174/8125/1957 5176/8127/1957 5223/8128/1957
f 5223/8128/1958 5176/8127/1958 5178/8129/1958 5224/8130/1958
f 5224/8130/1959 5178/8129/1959 5180/8131/1959 5225/8132/1959
f 5225/8132/1960 5180/8131/1960 5182/8133/1960 5226/8134/1960
f 5226/8134/1961 5182/8133/1961 5184/8135/1961 5227/8136/1961
f 5227/8136/1962 5184/8135/1962 5186/8137/1962 5228/8138/1962
f 5228/8138/1963 5186/8137/1963 5188/8139/1963 5229/8140/1963
f 5229/8140/1964 5188/8139/1964 5190/8141/1964 5230/8142/1964
f 5230/8142/1965 5190/8141/1965 5192/8143/1965 5231/8144/1965
f 5231/8144/1966 5192/8143/1966 5194/8145/1966 5232/8146/1966
f 5232/8146/1967 5194/8145/1967 5196/8147/1967 5233/8148/1967
f 5233/8148/1968 5196/8147/1968 5198/8149/1968 5234/8150/1968
f 5234/8150/1969 5198/8149/1969 5200/8151/1969 5235/8152/1969
f 5235/8152/1970 5200/8151/1970 5202/8153/1970 5236/8154/1970
f 5236/8154/1971 5202/8153/1971 5204/8155/1971 5237/8156/1971
f 5146/8157/1889 5144/8158/1889 5206/8159/1889 5204/8160/1889 5202/8161/1889 5200/8162/1889 5198/8163/1889 5196/8164/1889 5194/8165/1889 5192/8166/1889 5190/8167/1889 5188/8168/1889 5186/8169/1889 5184/8170/1889 5182/8171/1889 5180/8172/1889 5178/8173/1889 5176/8174/1889 5174/8175/1889 5172/8176/1889 5170/8177/1889 5168/8178/1889 5166/8179/1889 5164/8180/1889 5162/8181/1889 5160/8182/1889 5158/8183/1889 5156/8184/1889 5154/8185/1889 5152/8186/1889 5150/8187/1889 5148/8188/1889
f 5237/8156/1972 5204/8155/1972 5206/8189/1972 5238/8190/1972
f 5238/8190/1973 5206/8189/1973 5144/8191/1973 5207/8192/1973
f 5143/8193/1878 5145/8194/1878 5147/8195/1878 5149/8196/1878 5151/8197/1878 5153/8198/1878 5155/8199/1878 5157/8200/1878 5159/8201/1878 5161/8202/1878 5163/8203/1878 5165/8204/1878 5167/8205/1878 5169/8206/1878 5171/8207/1878 5173/8208/1878 5175/8209/1878 5177/8210/1878 5179/8211/1878 5181/8212/1878 5183/8213/1878 5185/8214/1878 5187/8215/1878 5189/8216/1878 5191/8217/1878 5193/8218/1878 5195/8219/1878 5197/8220/1878 5199/8221/1878 5201/8222/1878 5203/8223/1878 5205/8224/1878
f 5269/8225/1989 5238/8190/1989 5207/8192/1989 5270/8226/1989
f 5268/8227/1990 5237/8156/1990 5238/8190/1990 5269/8225/1990
f 5267/8228/1991 5236/8154/1991 5237/8156/1991 5268/8227/1991
f 5266/8229/1992 5235/8152/1992 5236/8154/1992 5267/8228/1992
f 5265/8230/1993 5234/8150/1993 5235/8152/1993 5266/8229/1993
f 5264/8231/1994 5233/8148/1994 5234/8150/1994 5265/8230/1994
f 5263/8232/1995 5232/8146/1995 5233/8148/1995 5264/8231/1995
f 5262/8233/1996 5231/8144/1996 5232/8146/1996 5263/8232/1996
f 5261/8234/1997 5230/8142/1997 5231/8144/1997 5262/8233/1997
f 5260/8235/1998 5229/8140/1998 5230/8142/1998 5261/8234/1998
f 5259/8236/1999 5228/8138/1999 5229/8140/1999 5260/8235/1999
f 5258/8237/2000 5227/8136/2000 5228/8138/2000 5259/8236/2000
f 5257/8238/2001 5226/8134/2001 5227/8136/2001 5258/8237/2001
f 5256/8239/2002 5225/8132/2002 5226/8134/2002 5257/8238/2002
f 5255/8240/2003 5224/8130/2003 5225/8132/2003 5256/8239/2003
f 5254/8241/2004 5223/8128/2004 5224/8130/2004 5255/8240/2004
f 5253/8242/2005 5222/8126/2005 5223/8128/2005 5254/8241/2005
f 5252/8243/2006 5221/8124/2006 5222/8126/2006 5253/8242/2006
f 5251/8244/2007 5220/8122/2007 5221/8124/2007 5252/8243/2007
f 5250/8245/2008 5219/8120/2008 5220/8122/2008 5251/8244/2008
f 5249/8246/2009 5218/8118/2009 5219/8120/2009 5250/8245/2009
f 5248/8247/2010 5217/8116/2010 5218/8118/2010 5249/8246/2010
f 5247/8248/2011 5216/8114/2011 5217/8116/2011 5248/8247/2011
f 5246/8249/2012 5215/8112/2012 5216/8114/2012 5247/8248/2012
f 5245/8250/2013 5214/8110/2013 5215/8112/2013 5246/8249/2013
f 5244/8251/2014 5213/8108/2014 5214/8110/2014 5245/8250/2014
f 5243/8252/2015 5212/8106/2015 5213/8108/2015 5244/8251/2015
f 5242/8253/2016 5211/8104/2016 5212/8106/2016 5243/8252/2016
f 5241/8254/2017 5210/8102/2017 5211/8104/2017 5242/8253/2017
f 5240/8255/2018 5209/8100/2018 5210/8102/2018 5241/8254/2018
f 5239/8256/2019 5208/8098/2019 5209/8100/2019 5240/8255/2019
f 5270/8257/2020 5207/8095/2020 5208/8098/2020 5239/8256/2020
f 5143/8258/2021 5270/8257/2021 5239/8256/2021 5145/8259/2021
f 5145/8259/2022 5239/8256/2022 5240/8255/2022 5147/8260/2022
f 5147/8260/2023 5240/8255/2023 5241/8254/2023 5149/8261/2023
f 5149/8261/2024 5241/8254/2024 5242/8253/2024 5151/8262/2024
f 5151/8262/2025 5242/8253/2025 5243/8252/2025 5153/8263/2025
f 5153/8263/2026 5243/8252/2026 5244/8251/2026 5155/8264/2026
f 5155/8264/2027 5244/8251/2027 5245/8250/2027 5157/8265/2027
f 5157/8265/2028 5245/8250/2028 5246/8249/2028 5159/8266/2028
f 5159/8266/2029 5246/8249/2029 5247/8248/2029 5161/8267/2029
f 5161/8267/2030 5247/8248/2030 5248/8247/2030 5163/8268/2030
f 5163/8268/2031 5248/8247/2031 5249/8246/2031 5165/8269/2031
f 5165/8269/2032 5249/8246/2032 5250/8245/2032 5167/8270/2032
f 5167/8270/2033 5250/8245/2033 5251/8244/2033 5169/8271/2033
f 5169/8271/2034 5251/8244/2034 5252/8243/2034 5171/8272/2034
f 5171/8272/2035 5252/8243/2035 5253/8242/2035 5173/8273/2035
f 5173/8273/2036 5253/8242/2036 5254/8241/2036 5175/8274/2036
f 5175/8274/2037 5254/8241/2037 5255/8240/2037 5177/8275/2037
f 5177/8275/2038 5255/8240/2038 5256/8239/2038 5179/8276/2038
f 5179/8276/2039 5256/8239/2039 5257/8238/2039 5181/8277/2039
f 5181/8277/2040 5257/8238/2040 5258/8237/2040 5183/8278/2040
f 5183/8278/2041 5258/8237/2041 5259/8236/2041 5185/8279/2041
f 5185/8279/2042 5259/8236/2042 5260/8235/2042 5187/8280/2042
f 5187/8280/2043 5260/8235/2043 5261/8234/2043 5189/8281/2043
f 5189/8281/2044 5261/8234/2044 5262/8233/2044 5191/8282/2044
f 5191/8282/2045 5262/8233/2045 5263/8232/2045 5193/8283/2045
f 5193/8283/2046 5263/8232/2046 5264/8231/2046 5195/8284/2046
f 5195/8284/2047 5264/8231/2047 5265/8230/2047 5197/8285/2047
f 5197/8285/2048 5265/8230/2048 5266/8229/2048 5199/8286/2048
f 5199/8286/2049 5266/8229/2049 5267/8228/2049 5201/8287/2049
f 5201/8287/2050 5267/8228/2050 5268/8227/2050 5203/8288/2050
f 5203/8288/2051 5268/8227/2051 5269/8225/2051 5205/8289/2051
f 5205/8289/2052 5269/8225/2052 5270/8226/2052 5143/8290/2052
f 5367/8291/2053 5272/8292/2053 5274/8293/2053 5368/8294/2053
f 5368/8294/2054 5274/8293/2054 5276/8295/2054 5369/8296/2054
f 5369/8296/2055 5276/8295/2055 5278/8297/2055 5370/8298/2055
f 5370/8298/2056 5278/8297/2056 5280/8299/2056 5371/8300/2056
f 5371/8300/2057 5280/8299/2057 5282/8301/2057 5372/8302/2057
f 5372/8302/2058 5282/8301/2058 5284/8303/2058 5373/8304/2058
f 5373/8304/2059 5284/8303/2059 5286/8305/2059 5374/8306/2059
f 5374/8306/2060 5286/8305/2060 5288/8307/2060 5375/8308/2060
f 5375/8308/2061 5288/8307/2061 5290/8309/2061 5376/8310/2061
f 5376/8310/2062 5290/8309/2062 5292/8311/2062 5377/8312/2062
f 5377/8312/2063 5292/8311/2063 5294/8313/2063 5378/8314/2063
f 5378/8314/2064 5294/8313/2064 5296/8315/2064 5379/8316/2064
f 5379/8316/2065 5296/8315/2065 5298/8317/2065 5380/8318/2065
f 5380/8318/2066 5298/8317/2066 5300/8319/2066 5381/8320/2066
f 5381/8320/2067 5300/8319/2067 5302/8321/2067 5382/8322/2067
f 5382/8322/2068 5302/8321/2068 5304/8323/2068 5383/8324/2068
f 5383/8324/2069 5304/8323/2069 5306/8325/2069 5384/8326/2069
f 5384/8326/2070 5306/8325/2070 5308/8327/2070 5385/8328/2070
f 5385/8328/2071 5308/8327/2071 5310/8329/2071 5386/8330/2071
f 5386/8330/2072 5310/8329/2072 5312/8331/2072 5387/8332/2072
f 5387/8332/2073 5312/8331/2073 5314/8333/2073 5388/8334/2073
f 5388/8334/2074 5314/8333/2074 5316/8335/2074 5389/8336/2074
f 5389/8336/2075 5316/8335/2075 5318/8337/2075 5390/8338/2075
f 5390/8338/2076 5318/8337/2076 5320/8339/2076 5391/8340/2076
f 5391/8340/2077 5320/8339/2077 5322/8341/2077 5392/8342/2077
f 5392/8342/2078 5322/8341/2078 5324/8343/2078 5393/8344/2078
f 5393/8344/2079 5324/8343/2079 5326/8345/2079 5394/8346/2079
f 5394/8346/2080 5326/8345/2080 5328/8347/2080 5395/8348/2080
f 5395/8348/2081 5328/8347/2081 5330/8349/2081 5396/8350/2081
f 5396/8350/2082 5330/8349/2082 5332/8351/2082 5397/8352/2082
f 5274/8353/1889 5272/8354/1889 5334/8355/1889 5332/8356/1889 5330/8357/1889 5328/8358/1889 5326/8359/1889 5324/8360/1889 5322/8361/1889 5320/8362/1889 5318/8363/1889 5316/8364/1889 5314/8365/1889 5312/8366/1889 5310/8367/1889 5308/8368/1889 5306/8369/1889 5304/8370/1889 5302/8371/1889 5300/8372/1889 5298/8373/1889 5296/8374/1889 5294/8375/1889 5292/8376/1889 5290/8377/1889 5288/8378/1889 5286/8379/1889 5284/8380/1889 5282/8381/1889 5280/8382/1889 5278/8383/1889 5276/8384/1889
f 5397/8352/2083 5332/8351/2083 5334/8385/2083 5398/8386/2083
f 5398/8386/2084 5334/8385/2084 5272/8387/2084 5367/8388/2084
f 5271/8389/1878 5273/8390/1878 5275/8391/1878 5277/8392/1878 5279/8393/1878 5281/8394/1878 5283/8395/1878 5285/8396/1878 5287/8397/1878 5289/8398/1878 5291/8399/1878 5293/8400/1878 5295/8401/1878 5297/8402/1878 5299/8403/1878 5301/8404/1878 5303/8405/1878 5305/8406/1878 5307/8407/1878 5309/8408/1878 5311/8409/1878 5313/8410/1878 5315/8411/1878 5317/8412/1878 5319/8413/1878 5321/8414/1878 5323/8415/1878 5325/8416/1878 5327/8417/1878 5329/8418/1878 5331/8419/1878 5333/8420/1878
f 5333/8421/2085 5366/8422/2085 5335/8423/2085 5271/8424/2085
f 5331/8425/2086 5365/8426/2086 5366/8422/2086 5333/8421/2086
f 5329/8427/2087 5364/8428/2087 5365/8426/2087 5331/8425/2087
f 5327/8429/2088 5363/8430/2088 5364/8428/2088 5329/8427/2088
f 5325/8431/2089 5362/8432/2089 5363/8430/2089 5327/8429/2089
f 5323/8433/2090 5361/8434/2090 5362/8432/2090 5325/8431/2090
f 5321/8435/2091 5360/8436/2091 5361/8434/2091 5323/8433/2091
f 5319/8437/2092 5359/8438/2092 5360/8436/2092 5321/8435/2092
f 5317/8439/2093 5358/8440/2093 5359/8438/2093 5319/8437/2093
f 5315/8441/2094 5357/8442/2094 5358/8440/2094 5317/8439/2094
f 5313/8443/2095 5356/8444/2095 5357/8442/2095 5315/8441/2095
f 5311/8445/2096 5355/8446/2096 5356/8444/2096 5313/8443/2096
f 5309/8447/2097 5354/8448/2097 5355/8446/2097 5311/8445/2097
f 5307/8449/2098 5353/8450/2098 5354/8448/2098 5309/8447/2098
f 5305/8451/2099 5352/8452/2099 5353/8450/2099 5307/8449/2099
f 5303/8453/2100 5351/8454/2100 5352/8452/2100 5305/8451/2100
f 5301/8455/2101 5350/8456/2101 5351/8454/2101 5303/8453/2101
f 5299/8457/2102 5349/8458/2102 5350/8456/2102 5301/8455/2102
f 5297/8459/2103 5348/8460/2103 5349/8458/2103 5299/8457/2103
f 5295/8461/2104 5347/8462/2104 5348/8460/2104 5297/8459/2104
f 5293/8463/2105 5346/8464/2105 5347/8462/2105 5295/8461/2105
f 5291/8465/2106 5345/8466/2106 5346/8464/2106 5293/8463/2106
f 5289/8467/2107 5344/8468/2107 5345/8466/2107 5291/8465/2107
f 5287/8469/2108 5343/8470/2108 5344/8468/2108 5289/8467/2108
f 5285/8471/2109 5342/8472/2109 5343/8470/2109 5287/8469/2109
f 5283/8473/2110 5341/8474/2110 5342/8472/2110 5285/8471/2110
f 5281/8475/2111 5340/8476/2111 5341/8474/2111 5283/8473/2111
f 5279/8477/2112 5339/8478/2112 5340/8476/2112 5281/8475/2112
f 5277/8479/2113 5338/8480/2113 5339/8478/2113 5279/8477/2113
f 5275/8481/2114 5337/8482/2114 5338/8480/2114 5277/8479/2114
f 5273/8483/2115 5336/8484/2115 5337/8482/2115 5275/8481/2115
f 5271/8485/2116 5335/8486/2116 5336/8484/2116 5273/8483/2116
f 5366/8422/2117 5398/8386/2117 5367/8388/2117 5335/8423/2117
f 5365/8426/2118 5397/8352/2118 5398/8386/2118 5366/8422/2118
f 5364/8428/2119 5396/8350/2119 5397/8352/2119 5365/8426/2119
f 5363/8430/2120 5395/8348/2120 5396/8350/2120 5364/8428/2120
f 5362/8432/2121 5394/8346/2121 5395/8348/2121 5363/8430/2121
f 5361/8434/2122 5393/8344/2122 5394/8346/2122 5362/8432/2122
f 5360/8436/2123 5392/8342/2123 5393/8344/2123 5361/8434/2123
f 5359/8438/2124 5391/8340/2124 5392/8342/2124 5360/8436/2124
f 5358/8440/2125 5390/8338/2125 5391/8340/2125 5359/8438/2125
f 5357/8442/2126 5389/8336/2126 5390/8338/2126 5358/8440/2126
f 5356/8444/2127 5388/8334/2127 5389/8336/2127 5357/8442/2127
f 5355/8446/2128 5387/8332/2128 5388/8334/2128 5356/8444/2128
f 5354/8448/2129 5386/8330/2129 5387/8332/2129 5355/8446/2129
f 5353/8450/2130 5385/8328/2130 5386/8330/2130 5354/8448/2130
f 5352/8452/2131 5384/8326/2131 5385/8328/2131 5353/8450/2131
f 5351/8454/2132 5383/8324/2132 5384/8326/2132 5352/8452/2132
f 5350/8456/2133 5382/8322/2133 5383/8324/2133 5351/8454/2133
f 5349/8458/2134 5381/8320/2134 5382/8322/2134 5350/8456/2134
f 5348/8460/2135 5380/8318/2135 5381/8320/2135 5349/8458/2135
f 5347/8462/2136 5379/8316/2136 5380/8318/2136 5348/8460/2136
f 5346/8464/2137 5378/8314/2137 5379/8316/2137 5347/8462/2137
f 5345/8466/2138 5377/8312/2138 5378/8314/2138 5346/8464/2138
f 5344/8468/2139 5376/8310/2139 5377/8312/2139 5345/8466/2139
f 5343/8470/2140 5375/8308/2140 5376/8310/2140 5344/8468/2140
f 5342/8472/2141 5374/8306/2141 5375/8308/2141 5343/8470/2141
f 5341/8474/2142 5373/8304/2142 5374/8306/2142 5342/8472/2142
f 5340/8476/2143 5372/8302/2143 5373/8304/2143 5341/8474/2143
f 5339/8478/2144 5371/8300/2144 5372/8302/2144 5340/8476/2144
f 5338/8480/2145 5370/8298/2145 5371/8300/2145 5339/8478/2145
f 5337/8482/2146 5369/8296/2146 5370/8298/2146 5338/8480/2146
f 5336/8484/2147 5368/8294/2147 5369/8296/2147 5337/8482/2147
f 5335/8486/2148 5367/8291/2148 5368/8294/2148 5336/8484/2148
f 5423/8487/2149 5400/8488/2149 5402/8489/2149 5424/8490/2149
f 5424/8490/1879 5402/8489/1879 5406/8491/1879 5425/8492/1879
f 5440/8493/1879 5439/8494/1879 5427/8495/1879 5429/8496/1879
f 5426/8497/1880 5404/8498/1880 5400/8499/1880 5423/8500/1880
f 5401/8501/1881 5405/8502/1881 5403/8503/1881 5399/8504/1881
f 5406/8491/2150 5402/8505/2151 5400/8506/2151 5404/8498/2150
f 5403/8503/1880 5410/8507/1880 5407/8508/1880 5399/8509/1880
f 5405/8502/1879 5409/8510/1879 5415/8511/1879 5416/8512/1879
f 5401/8513/1879 5408/8514/1879 5409/8510/1879 5405/8502/1879
f 5401/8501/1881 5399/8504/1881 5412/8515/1881 5411/8516/1881
f 5412/8517/1878 5414/8518/1878 5413/8519/1878 5411/8520/1878
f 5408/8514/1879 5401/8513/1879 5411/8520/1879 5413/8519/1879
f 5399/8509/1880 5407/8508/1880 5414/8521/1880 5412/8522/1880
f 5407/8523/2152 5408/8514/2152 5413/8519/2152 5414/8518/2152
f 5416/8512/1889 5415/8511/1889 5418/8524/1889 5417/8525/1889
f 5409/8510/2153 5410/8507/2153 5418/8524/2153 5415/8511/2153
f 5410/8507/1880 5403/8503/1880 5417/8525/1880 5418/8524/1880
f 5417/8525/1880 5403/8503/1880 5419/8526/1880 5421/8527/1880
f 5419/8526/1881 5420/8528/1881 5422/8529/1881 5421/8527/1881
f 5405/8502/1879 5416/8512/1879 5422/8529/1879 5420/8528/1879
f 5403/8503/1878 5405/8502/1878 5420/8528/1878 5419/8526/1878
f 5416/8512/1889 5417/8525/1889 5421/8527/1889 5422/8529/1889
f 5410/8507/1880 5426/8497/1880 5423/8500/1880 5407/8508/1880
f 5409/8510/2154 5425/8492/2154 5426/8497/2154 5410/8507/2154
f 5408/8514/1879 5424/8490/1879 5425/8492/1879 5409/8510/1879
f 5407/8523/2149 5423/8487/2149 5424/8490/2149 5408/8514/2149
f 5429/8496/2155 5427/8495/2155 5428/8530/2155 5430/8531/2155
f 5440/8493/1879 5429/8496/1879 5435/8532/1879 5443/8533/1879
f 5442/8534/1880 5441/8535/1880 5430/8531/1880 5428/8530/1880
f 5439/8494/1882 5442/8534/1882 5428/8530/1882 5427/8495/1882
f 5406/8491/2150 5404/8498/2150 5434/8536/1882 5431/8537/1882
f 5404/8498/1880 5426/8497/1880 5433/8538/1880 5434/8536/1880
f 5426/8497/1881 5425/8492/1881 5432/8539/1881 5433/8538/1881
f 5425/8492/1879 5406/8491/1879 5431/8537/1879 5432/8539/1879
f 5444/8540/1878 5443/8533/1878 5447/8541/1878 5448/8542/1878
f 5429/8496/1889 5430/8531/1889 5436/8543/1889 5435/8532/1889
f 5433/8538/1878 5432/8539/1878 5437/8544/1878 5438/8545/1878
f 5441/8535/1880 5433/8538/1880 5438/8545/1880 5444/8540/1880
f 5430/8531/1880 5441/8535/1880 5444/8540/1880 5436/8543/1880
f 5438/8545/1881 5437/8544/1881 5443/8533/1881 5444/8540/1881
f 5431/8537/1882 5434/8536/1882 5442/8534/1882 5439/8494/1882
f 5434/8536/1880 5433/8538/1880 5441/8535/1880 5442/8534/1880
f 5432/8539/1879 5440/8493/1879 5443/8533/1879 5437/8544/1879
f 5432/8539/1879 5431/8537/1879 5439/8494/1879 5440/8493/1879
f 5448/8542/1881 5447/8541/1881 5445/8546/1881 5446/8547/1881
f 5436/8543/1880 5444/8540/1880 5448/8542/1880 5446/8547/1880
f 5435/8532/1889 5436/8543/1889 5446/8547/1889 5445/8546/1889
f 5443/8533/1879 5435/8532/1879 5445/8546/1879 5447/8541/1879
f 5464/8548/1878 5450/8549/1878 5452/8550/1878 5465/8551/1878
f 5465/8551/1879 5452/8550/1879 5456/8552/1879 5473/8553/1879
f 5473/8553/1889 5456/8552/1889 5454/8554/1889 5481/8555/1889
f 5481/8555/1880 5454/8554/1880 5450/8556/1880 5464/8557/1880
f 5451/8558/1881 5455/8559/1881 5453/8560/1881 5449/8561/1881
f 5456/8552/1882 5452/8562/1882 5450/8563/1882 5454/8554/1882
f 5453/8560/1880 5488/8564/1880 5457/8565/1880 5449/8566/1880
f 5488/8564/1880 5487/8567/1880 5458/8568/1880 5457/8565/1880
f 5487/8567/1880 5486/8569/1880 5459/8570/1880 5458/8568/1880
f 5486/8569/1880 5485/8571/1880 5460/8572/1880 5459/8570/1880
f 5485/8571/1880 5484/8573/1880 5461/8574/1880 5460/8572/1880
f 5484/8573/1880 5483/8575/1880 5462/8576/1880 5461/8574/1880
f 5483/8575/1880 5482/8577/1880 5463/8578/1880 5462/8576/1880
f 5482/8577/1880 5481/8555/1880 5464/8557/1880 5463/8578/1880
f 5455/8559/2156 5480/8579/2156 5488/8564/2156 5453/8560/2156
f 5480/8579/2157 5479/8580/2157 5487/8567/2157 5488/8564/2157
f 5479/8580/2158 5478/8581/2158 5486/8569/2158 5487/8567/2158
f 5478/8581/2159 5477/8582/2159 5485/8571/2159 5486/8569/2159
f 5477/8582/2160 5476/8583/2160 5484/8573/2160 5485/8571/2160
f 5476/8583/2161 5475/8584/2161 5483/8575/2161 5484/8573/2161
f 5475/8584/2162 5474/8585/2162 5482/8577/2162 5483/8575/2162
f 5474/8585/2163 5473/8553/2163 5481/8555/2163 5482/8577/2163
f 5451/8586/1879 5472/8587/1879 5480/8579/1879 5455/8559/1879
f 5472/8587/1879 5471/8588/1879 5479/8580/1879 5480/8579/1879
f 5471/8588/1879 5470/8589/1879 5478/8581/1879 5479/8580/1879
f 5470/8589/1879 5469/8590/1879 5477/8582/1879 5478/8581/1879
f 5469/8590/1879 5468/8591/1879 5476/8583/1879 5477/8582/1879
f 5468/8591/1879 5467/8592/1879 5475/8584/1879 5476/8583/1879
f 5467/8592/1879 5466/8593/1879 5474/8585/1879 5475/8584/1879
f 5466/8593/1879 5465/8551/1879 5473/8553/1879 5474/8585/1879
f 5449/8594/2164 5457/8595/2164 5472/8587/2164 5451/8586/2164
f 5457/8595/2165 5458/8596/2165 5471/8588/2165 5472/8587/2165
f 5458/8596/2166 5459/8597/2166 5470/8589/2166 5471/8588/2166
f 5459/8597/2167 5460/8598/2167 5469/8590/2167 5470/8589/2167
f 5460/8598/2168 5461/8599/2168 5468/8591/2168 5469/8590/2168
f 5461/8599/2169 5462/8600/2169 5467/8592/2169 5468/8591/2169
f 5462/8600/2170 5463/8601/2170 5466/8593/2170 5467/8592/2170
f 5463/8601/2171 5464/8548/2171 5465/8551/2171 5466/8593/2171
