# Blender v2.80 (sub 75) OBJ File: 'all weapons.blend'
# www.blender.org
v -3.44528 1.00975 20.22385
v -3.46436 1.60855 20.22385
v -3.44528 1.00975 19.77615
v -3.46436 1.60855 19.77615
v 0.26253 1.20799 20.22385
v 0.26253 2.16258 20.22385
v 0.26253 1.20799 19.77615
v 0.26253 2.16258 19.77615
v -2.93414 1.03244 19.77615
v -2.97369 2.05514 19.77615
v -2.93414 1.03244 20.22385
v -2.97369 2.05514 20.22385
v -3.37331 1.01294 19.77615
v -3.39202 1.62789 20.22385
v -3.39202 1.62789 19.77615
v -3.37331 1.01294 20.22385
v -0.09674 2.03327 19.77615
v -0.09234 1.18850 20.22385
v -0.09234 1.18850 19.77615
v -0.09674 2.03327 20.22385
v -0.06199 2.14510 19.77615
v -0.05802 1.19038 20.22385
v -0.05802 1.19038 19.77615
v -0.06199 2.14510 20.22385
v -3.45727 1.38610 20.22385
v -3.45727 1.38610 19.77615
v 0.26253 1.80795 19.77615
v 0.26253 1.80795 20.22385
v -2.95900 1.67521 20.22385
v -2.95900 1.67521 19.77615
v -3.38507 1.39943 19.77615
v -3.38507 1.39944 20.22385
v -0.09510 1.71943 20.22385
v -0.09510 1.71943 19.77615
v -0.06051 1.79042 20.22385
v -0.06051 1.79042 19.77615
v 0.87915 2.16258 19.77615
v 0.87915 2.16258 20.22385
v 0.87915 1.80795 19.77615
v 0.87915 1.80795 20.22385
v -0.42885 1.17877 19.83212
v 0.36083 -0.76462 19.83212
v -0.42885 1.17877 20.16788
v 0.36083 -0.76462 20.16788
v -1.31059 1.13499 19.83212
v -0.33082 -1.33473 19.83212
v -1.31059 1.13499 20.16788
v -0.33082 -1.33473 20.16788
v -0.38477 0.90114 19.83212
v -0.31380 0.62352 19.83212
v -0.20697 0.34589 19.83212
v -0.10013 0.06826 19.83212
v 0.00073 -0.20937 19.83212
v 0.15239 -0.48699 19.83212
v -0.52458 -0.98191 20.16788
v -0.75121 -0.62909 20.16788
v -0.91210 -0.27627 20.16788
v -1.06402 0.07654 20.16788
v -1.18008 0.42936 20.16788
v -1.26625 0.78218 20.16788
v -0.38477 0.90114 20.16788
v -0.31380 0.62352 20.16788
v -0.20697 0.34589 20.16788
v -0.10013 0.06826 20.16788
v 0.00073 -0.20937 20.16788
v 0.15239 -0.48699 20.16788
v -1.26625 0.78218 19.83212
v -1.18008 0.42936 19.83212
v -1.06402 0.07654 19.83212
v -0.91210 -0.27627 19.83212
v -0.75121 -0.62909 19.83212
v -0.52458 -0.98191 19.83212
v -6.89706 0.15921 20.16788
v -6.89706 1.50652 20.16788
v -6.89706 0.15921 19.83212
v -6.89706 1.50652 19.83212
v -3.44371 0.99664 20.16788
v -3.46436 1.60855 20.16788
v -3.44371 0.99664 19.83212
v -3.46436 1.60855 19.83212
v -6.45981 0.17917 19.83212
v -6.46243 1.51944 19.83212
v -6.45981 0.17917 20.16788
v -6.46243 1.51944 20.16788
v -4.73224 1.57086 19.83212
v -4.71921 0.65093 20.16788
v -4.71921 0.65093 19.83212
v -4.73224 1.57086 20.16788
v -4.42194 1.40365 19.83212
v -4.40705 0.73554 20.16788
v -4.40705 0.73554 19.83212
v -4.42194 1.40365 20.16788
v -3.77680 1.59926 19.83212
v -3.75802 0.91145 20.16788
v -3.75802 0.91145 19.83212
v -3.77680 1.59926 20.16788
v -4.56313 0.69324 19.83212
v -4.58139 1.47004 20.16788
v -4.58139 1.47004 19.83212
v -4.56313 0.69324 20.16788
v -3.37057 -0.33766 20.16788
v -3.20023 1.01467 20.16788
v -3.37057 -0.33766 19.83212
v -3.20023 1.01467 19.83212
v -2.84902 -0.42133 20.16788
v -2.42870 1.06248 20.16788
v -2.84902 -0.42133 19.83212
v -2.42870 1.06248 19.83212
v -3.11402 0.73461 20.16788
v -3.11402 0.73461 19.83212
v -2.42877 0.74338 19.83212
v -2.42877 0.74338 20.16788
v -3.31684 -0.11310 19.83212
v -2.84872 -0.17494 19.83212
v -2.84872 -0.17494 20.16788
v -3.37661 -0.11310 20.16788
v -3.19247 0.91082 20.16788
v -3.19247 0.91082 19.83212
v -2.43019 0.94853 19.83212
v -2.43019 0.94853 20.16788
v -3.12781 0.69007 20.16788
v -3.12467 0.69007 19.83212
v -2.50734 0.70632 19.83212
v -2.50734 0.70632 20.16788
v -3.10980 -0.41697 19.83212
v -2.82141 1.03858 19.83212
v -3.10980 -0.41697 20.16788
v -2.82141 1.03858 20.16788
v -2.77383 0.74490 20.16788
v -2.77383 0.74490 19.83212
v -3.08278 -0.14402 19.83212
v -3.11266 -0.14402 20.16788
v -2.82280 0.92968 20.16788
v -2.82280 0.92968 19.83212
v -2.81601 0.69820 19.83212
v -2.81758 0.69820 20.16788
v -2.38738 1.06236 19.83212
v -2.38738 1.06236 20.16788
v -2.38888 0.94841 19.83212
v -2.38746 0.74325 19.83212
v -2.38888 0.94841 20.16788
v -2.38746 0.74325 20.16788
v -2.29231 0.56676 19.83212
v -2.29231 0.56676 20.16788
v -2.27891 0.60584 19.83212
v -2.27891 0.60584 20.16788
v -1.84556 0.58190 19.83212
v -1.84556 0.58190 20.16788
v -1.86052 0.62042 19.83212
v -1.86052 0.62042 20.16788
v -1.58322 0.73709 19.83212
v -1.58322 0.73709 20.16788
v -1.62051 0.73589 19.83212
v -1.62051 0.73589 20.16788
v -1.68184 0.62978 19.83212
v -1.68184 0.62978 20.16788
v -1.69759 0.65834 20.16788
v -1.69759 0.65834 19.83212
v -1.59153 0.69459 19.83212
v -1.59153 0.69459 20.16788
v -1.63516 0.69712 20.16788
v -1.63516 0.69712 19.83212
v -1.58322 1.10662 19.83212
v -1.58322 1.10662 20.16788
v -1.62051 1.10458 19.83212
v -1.62051 1.10458 20.16788
v -1.40768 0.77280 19.83212
v -1.40768 0.77280 20.16788
v -1.42108 1.11553 19.83212
v -1.42108 1.11553 20.16788
v -1.49545 0.75495 20.16788
v -1.50215 1.11108 20.16788
v -1.50215 1.11108 19.83212
v -1.49545 0.75495 19.83212
v -1.45156 0.76388 20.16788
v -1.45156 0.76388 19.83212
v -1.46162 1.11330 20.16788
v -1.46162 1.11330 19.83212
v -1.49545 0.55344 19.83212
v -1.49545 0.55344 20.16788
v -1.45156 0.56236 20.16788
v -1.45156 0.56236 19.83212
v 0.87503 1.80794 20.16788
v 0.86758 2.13094 20.16788
v 0.87503 1.80794 19.83212
v 0.86758 2.13094 19.83212
v 2.35915 1.80794 20.16788
v 2.34426 2.13094 20.16788
v 2.35915 1.80794 19.83212
v 2.34426 2.13094 19.83212
v 0.26253 1.16244 20.16788
v 0.26254 1.80794 20.16788
v 0.26254 1.16244 19.83212
v 0.26254 1.80794 19.83212
v 2.35915 1.33419 20.16788
v 2.35915 1.80794 20.16788
v 2.35915 1.33419 19.83212
v 2.35915 1.80794 19.83212
v 0.61117 1.18787 19.83212
v 0.62048 1.80794 19.83212
v 0.61117 1.18787 20.16788
v 0.62048 1.80794 20.16788
v 0.78627 1.80794 19.83212
v 0.78627 1.25550 20.16788
v 0.78627 1.25550 19.83212
v 0.78627 1.80794 20.16788
v 1.82331 1.80794 19.83212
v 1.78434 1.33419 20.16788
v 1.78434 1.33419 19.83212
v 1.82331 1.80794 20.16788
v 2.35648 1.93806 19.89814
v 3.41286 1.93806 19.89814
v 2.35648 1.91819 19.90010
v 3.41286 1.91819 19.90010
v 2.35648 1.89908 19.90590
v 3.41286 1.89908 19.90590
v 2.35648 1.88147 19.91531
v 3.41286 1.88147 19.91531
v 2.35648 1.86604 19.92798
v 3.41286 1.86604 19.92798
v 2.35648 1.85337 19.94341
v 3.41286 1.85337 19.94341
v 2.35648 1.84396 19.96102
v 3.41286 1.84396 19.96102
v 2.35648 1.83816 19.98013
v 3.41286 1.83816 19.98013
v 2.35648 1.83620 20.00000
v 3.41286 1.83620 20.00000
v 2.35648 1.83816 20.01987
v 3.41286 1.83816 20.01987
v 2.35648 1.84396 20.03898
v 3.41286 1.84396 20.03898
v 2.35648 1.85337 20.05659
v 3.41286 1.85337 20.05659
v 2.35648 1.86604 20.07202
v 3.41286 1.86604 20.07202
v 2.35648 1.88147 20.08469
v 3.41286 1.88147 20.08469
v 2.35648 1.89908 20.09410
v 3.41286 1.89908 20.09410
v 2.35648 1.91819 20.09990
v 3.41286 1.91819 20.09990
v 2.35648 1.93806 20.10186
v 3.41286 1.93806 20.10186
v 2.35648 1.95793 20.09990
v 3.41286 1.95793 20.09990
v 2.35648 1.97704 20.09410
v 3.41286 1.97704 20.09410
v 2.35648 1.99465 20.08469
v 3.41286 1.99465 20.08469
v 2.35648 2.01008 20.07202
v 3.41286 2.01008 20.07202
v 2.35648 2.02275 20.05659
v 3.41286 2.02275 20.05659
v 2.35648 2.03216 20.03898
v 3.41286 2.03216 20.03898
v 2.35648 2.03796 20.01987
v 3.41286 2.03796 20.01987
v 2.35648 2.03992 20.00000
v 3.41286 2.03992 20.00000
v 2.35648 2.03796 19.98013
v 3.41286 2.03796 19.98013
v 2.35648 2.03216 19.96102
v 3.41286 2.03216 19.96102
v 2.35648 2.02275 19.94341
v 3.41286 2.02275 19.94341
v 2.35648 2.01008 19.92798
v 3.41286 2.01008 19.92798
v 2.35648 1.99465 19.91531
v 3.41286 1.99465 19.91531
v 2.35648 1.97704 19.90590
v 3.41286 1.97704 19.90590
v 2.35648 1.95793 19.90010
v 3.41286 1.95793 19.90010
v 2.35648 1.61847 19.92238
v 5.51602 1.61847 19.92238
v 2.35648 1.60332 19.92387
v 5.51602 1.60332 19.92387
v 2.35648 1.58876 19.92829
v 5.51602 1.58876 19.92829
v 2.35648 1.57535 19.93546
v 5.51602 1.57535 19.93546
v 2.35648 1.56358 19.94512
v 5.51602 1.56358 19.94512
v 2.35648 1.55393 19.95688
v 5.51602 1.55393 19.95688
v 2.35648 1.54676 19.97030
v 5.51602 1.54676 19.97030
v 2.35648 1.54234 19.98486
v 5.51602 1.54234 19.98486
v 2.35648 1.54085 20.00000
v 5.51602 1.54085 20.00000
v 2.35648 1.54234 20.01514
v 5.51602 1.54234 20.01514
v 2.35648 1.54676 20.02970
v 5.51602 1.54676 20.02970
v 2.35648 1.55393 20.04312
v 5.51602 1.55393 20.04312
v 2.35648 1.56358 20.05488
v 5.51602 1.56358 20.05488
v 2.35648 1.57535 20.06454
v 5.51602 1.57535 20.06454
v 2.35648 1.58876 20.07171
v 5.51602 1.58876 20.07171
v 2.35648 1.60332 20.07613
v 5.51602 1.60332 20.07613
v 2.35648 1.61847 20.07762
v 5.51602 1.61847 20.07762
v 2.35648 1.63361 20.07613
v 5.51602 1.63361 20.07613
v 2.35648 1.64817 20.07171
v 5.51602 1.64817 20.07171
v 2.35648 1.66159 20.06454
v 5.51602 1.66159 20.06454
v 2.35648 1.67335 20.05488
v 5.51602 1.67335 20.05488
v 2.35648 1.68301 20.04312
v 5.51602 1.68301 20.04312
v 2.35648 1.69018 20.02970
v 5.51602 1.69018 20.02970
v 2.35648 1.69460 20.01514
v 5.51602 1.69460 20.01514
v 2.35648 1.69609 20.00000
v 5.51602 1.69609 20.00000
v 2.35648 1.69460 19.98486
v 5.51602 1.69460 19.98486
v 2.35648 1.69018 19.97030
v 5.51602 1.69018 19.97030
v 2.35648 1.68301 19.95688
v 5.51602 1.68301 19.95688
v 2.35648 1.67335 19.94512
v 5.51602 1.67335 19.94512
v 2.35648 1.66159 19.93546
v 5.51602 1.66159 19.93546
v 2.35648 1.64817 19.92829
v 5.51602 1.64817 19.92829
v 2.35648 1.63361 19.92387
v 5.51602 1.63361 19.92387
v 3.23813 1.66475 20.02798
v 3.23813 1.86002 20.02798
v 3.23813 1.66475 19.97202
v 3.23813 1.86002 19.97202
v 3.53649 1.66475 20.02798
v 3.39933 1.86002 20.02798
v 3.53649 1.66475 19.97202
v 3.39933 1.86002 19.97202
v 4.30281 1.60035 20.05596
v 4.42551 2.21099 20.05596
v 4.30281 1.60035 19.94404
v 4.42551 2.21099 19.94404
v 4.47293 1.60035 20.05596
v 4.47293 2.25329 20.05596
v 4.47293 1.60035 19.94404
v 4.47293 2.25329 19.94404
v 4.40786 1.97600 20.05596
v 4.40786 1.97600 19.94404
v 4.46695 1.97600 19.94404
v 4.46695 1.97600 20.05596
v 4.42032 2.14192 20.05596
v 4.42032 2.14192 19.94404
v 4.47117 2.17178 19.94404
v 4.47117 2.17178 20.05596
v 4.64127 2.25329 19.94404
v 4.64127 2.25329 20.05596
v 4.63952 2.17178 19.94404
v 4.63952 2.17178 20.05596
v 4.59605 2.25329 19.94404
v 4.59429 2.17178 19.94404
v 4.59429 2.17178 20.05596
v 4.59605 2.25329 20.05596
v 4.63952 1.60035 19.94404
v 4.63952 1.60035 20.05596
v 4.59429 1.60035 19.94404
v 4.59429 1.60035 20.05596
v 4.63952 2.06389 20.05596
v 4.63952 2.06389 19.94404
v 4.59429 2.06389 19.94404
v 4.59429 2.06389 20.05596
v 4.63952 1.93226 20.05596
v 4.59429 1.93226 19.94404
v 4.63952 1.93226 19.94404
v 4.59429 1.93226 20.05596
v 4.46743 1.93226 20.05596
v 4.46743 2.06389 20.05596
v 4.46743 2.06389 19.94404
v 4.46743 1.93226 19.94404
v 4.63952 1.81116 20.05596
v 4.59429 1.81116 19.94404
v 4.63952 1.81116 19.94404
v 4.59429 1.81116 20.05596
v 4.46743 1.60035 19.94404
v 4.46743 1.60035 20.05596
v 4.46743 1.81116 19.94404
v 4.46743 1.81116 20.05596
v 4.63952 1.76114 20.05596
v 4.59429 1.76114 19.94404
v 4.63952 1.76114 19.94404
v 4.59429 1.76114 20.05596
v 4.46743 1.76114 19.94404
v 4.46743 1.76114 20.05596
v 4.63906 1.61847 19.86053
v 5.60459 1.61847 19.86053
v 4.63906 1.59126 19.86321
v 5.60459 1.59126 19.86321
v 4.63906 1.56509 19.87114
v 5.60459 1.56509 19.87114
v 4.63906 1.54098 19.88403
v 5.60459 1.54098 19.88403
v 4.63906 1.51985 19.90138
v 5.60459 1.51985 19.90138
v 4.63906 1.50250 19.92251
v 5.60459 1.50250 19.92251
v 4.63906 1.48961 19.94663
v 5.60459 1.48961 19.94663
v 4.63906 1.48168 19.97279
v 5.60459 1.48168 19.97279
v 4.63906 1.47900 20.00000
v 5.60459 1.47900 20.00000
v 4.63906 1.48168 20.02721
v 5.60459 1.48168 20.02721
v 4.63906 1.48961 20.05337
v 5.60459 1.48961 20.05337
v 4.63906 1.50250 20.07749
v 5.60459 1.50250 20.07749
v 4.63906 1.51985 20.09862
v 5.60459 1.51985 20.09862
v 4.63906 1.54098 20.11597
v 5.60459 1.54098 20.11597
v 4.63906 1.56509 20.12886
v 5.60459 1.56509 20.12886
v 4.63906 1.59126 20.13679
v 5.60459 1.59126 20.13679
v 4.63906 1.61847 20.13947
v 5.60459 1.61847 20.13947
v 4.63906 1.64568 20.13679
v 5.60459 1.64568 20.13679
v 4.63906 1.67184 20.12886
v 5.60459 1.67184 20.12886
v 4.63906 1.69595 20.11597
v 5.60459 1.69595 20.11597
v 4.63906 1.71709 20.09862
v 5.60459 1.71709 20.09862
v 4.63906 1.73443 20.07749
v 5.60459 1.73443 20.07749
v 4.63906 1.74732 20.05337
v 5.60459 1.74732 20.05337
v 4.63906 1.75526 20.02721
v 5.60459 1.75526 20.02721
v 4.63906 1.75794 20.00000
v 5.60459 1.75794 20.00000
v 4.63906 1.75526 19.97279
v 5.60459 1.75526 19.97279
v 4.63906 1.74732 19.94663
v 5.60459 1.74732 19.94663
v 4.63906 1.73443 19.92251
v 5.60459 1.73443 19.92251
v 4.63906 1.71709 19.90138
v 5.60459 1.71709 19.90138
v 4.63906 1.69595 19.88403
v 5.60459 1.69595 19.88403
v 4.63906 1.67184 19.87114
v 5.60459 1.67184 19.87114
v 4.63906 1.64568 19.86321
v 5.60459 1.64568 19.86321
v 2.34275 1.40556 19.98131
v 3.69900 1.40556 19.98131
v 2.34275 1.40191 19.98166
v 3.69900 1.40191 19.98166
v 2.34275 1.39840 19.98273
v 3.69900 1.39840 19.98273
v 2.34275 1.39517 19.98446
v 3.69900 1.39517 19.98446
v 2.34275 1.39234 19.98678
v 3.69900 1.39234 19.98678
v 2.34275 1.39001 19.98961
v 3.69900 1.39001 19.98961
v 2.34275 1.38829 19.99285
v 3.69900 1.38829 19.99285
v 2.34275 1.38722 19.99635
v 3.69900 1.38722 19.99635
v 2.34275 1.38686 20.00000
v 3.69900 1.38686 20.00000
v 2.34275 1.38722 20.00365
v 3.69900 1.38722 20.00365
v 2.34275 1.38829 20.00715
v 3.69900 1.38829 20.00715
v 2.34275 1.39001 20.01039
v 3.69900 1.39001 20.01039
v 2.34275 1.39234 20.01322
v 3.69900 1.39234 20.01322
v 2.34275 1.39517 20.01554
v 3.69900 1.39517 20.01554
v 2.34275 1.39840 20.01727
v 3.69900 1.39840 20.01727
v 2.34275 1.40191 20.01834
v 3.69900 1.40191 20.01834
v 2.34275 1.40556 20.01869
v 3.69900 1.40556 20.01869
v 2.34275 1.40920 20.01834
v 3.69900 1.40920 20.01834
v 2.34275 1.41271 20.01727
v 3.69900 1.41271 20.01727
v 2.34275 1.41594 20.01554
v 3.69900 1.41594 20.01554
v 2.34275 1.41878 20.01322
v 3.69900 1.41878 20.01322
v 2.34275 1.42110 20.01039
v 3.69900 1.42110 20.01039
v 2.34275 1.42283 20.00715
v 3.69900 1.42283 20.00715
v 2.34275 1.42389 20.00365
v 3.69900 1.42389 20.00365
v 2.34275 1.42425 20.00000
v 3.69900 1.42425 20.00000
v 2.34275 1.42389 19.99635
v 3.69900 1.42389 19.99635
v 2.34275 1.42283 19.99285
v 3.69900 1.42283 19.99285
v 2.34275 1.42110 19.98961
v 3.69900 1.42110 19.98961
v 2.34275 1.41878 19.98678
v 3.69900 1.41878 19.98678
v 2.34275 1.41594 19.98446
v 3.69900 1.41594 19.98446
v 2.34275 1.41271 19.98273
v 3.69900 1.41271 19.98273
v 2.34275 1.40920 19.98166
v 3.69900 1.40920 19.98166
v 3.26328 1.60993 19.98935
v 3.26328 1.40551 19.98935
v 3.26120 1.60993 19.98955
v 3.26120 1.40551 19.98955
v 3.25920 1.60993 19.99016
v 3.25920 1.40551 19.99016
v 3.25735 1.60993 19.99114
v 3.25735 1.40551 19.99114
v 3.25574 1.60993 19.99247
v 3.25574 1.40551 19.99247
v 3.25441 1.60993 19.99409
v 3.25441 1.40551 19.99409
v 3.25342 1.60993 19.99593
v 3.25342 1.40551 19.99593
v 3.25282 1.60993 19.99794
v 3.25282 1.40551 19.99794
v 3.25261 1.60993 20.00002
v 3.25261 1.40551 20.00002
v 3.25282 1.60993 20.00210
v 3.25282 1.40551 20.00210
v 3.25342 1.60993 20.00410
v 3.25342 1.40551 20.00410
v 3.25441 1.60993 20.00595
v 3.25441 1.40551 20.00595
v 3.25574 1.60993 20.00756
v 3.25574 1.40551 20.00756
v 3.25735 1.60993 20.00889
v 3.25735 1.40551 20.00889
v 3.25920 1.60993 20.00988
v 3.25920 1.40551 20.00988
v 3.26120 1.60993 20.01048
v 3.26120 1.40551 20.01048
v 3.26328 1.60993 20.01069
v 3.26328 1.40551 20.01069
v 3.26537 1.60993 20.01048
v 3.26537 1.40551 20.01048
v 3.26737 1.60993 20.00988
v 3.26737 1.40551 20.00988
v 3.26921 1.60993 20.00889
v 3.26921 1.40551 20.00889
v 3.27083 1.60993 20.00756
v 3.27083 1.40551 20.00756
v 3.27216 1.60993 20.00595
v 3.27216 1.40551 20.00595
v 3.27314 1.60993 20.00410
v 3.27314 1.40551 20.00410
v 3.27375 1.60993 20.00210
v 3.27375 1.40551 20.00210
v 3.27395 1.60993 20.00002
v 3.27395 1.40551 20.00002
v 3.27375 1.60993 19.99794
v 3.27375 1.40551 19.99794
v 3.27314 1.60993 19.99593
v 3.27314 1.40551 19.99593
v 3.27216 1.60993 19.99409
v 3.27216 1.40551 19.99409
v 3.27083 1.60993 19.99247
v 3.27083 1.40551 19.99247
v 3.26921 1.60993 19.99114
v 3.26921 1.40551 19.99114
v 3.26737 1.60993 19.99016
v 3.26737 1.40551 19.99016
v 3.26537 1.60993 19.98955
v 3.26537 1.40551 19.98955
v 3.55258 1.60993 19.98933
v 3.55258 1.40556 19.98933
v 3.55050 1.60993 19.98953
v 3.55050 1.40556 19.98953
v 3.54849 1.60993 19.99014
v 3.54849 1.40556 19.99014
v 3.54665 1.60993 19.99113
v 3.54665 1.40556 19.99113
v 3.54503 1.60993 19.99245
v 3.54503 1.40556 19.99245
v 3.54370 1.60993 19.99407
v 3.54370 1.40556 19.99407
v 3.54272 1.60993 19.99592
v 3.54272 1.40556 19.99592
v 3.54211 1.60993 19.99792
v 3.54211 1.40556 19.99792
v 3.54190 1.60993 20.00000
v 3.54190 1.40556 20.00000
v 3.54211 1.60993 20.00208
v 3.54211 1.40556 20.00208
v 3.54272 1.60993 20.00408
v 3.54272 1.40556 20.00408
v 3.54370 1.60993 20.00593
v 3.54370 1.40556 20.00593
v 3.54503 1.60993 20.00755
v 3.54503 1.40556 20.00755
v 3.54665 1.60993 20.00887
v 3.54665 1.40556 20.00887
v 3.54849 1.60993 20.00986
v 3.54849 1.40556 20.00986
v 3.55050 1.60993 20.01047
v 3.55050 1.40556 20.01047
v 3.55258 1.60993 20.01067
v 3.55258 1.40556 20.01067
v 3.55466 1.60993 20.01047
v 3.55466 1.40556 20.01047
v 3.55666 1.60993 20.00986
v 3.55666 1.40556 20.00986
v 3.55851 1.60993 20.00887
v 3.55851 1.40556 20.00887
v 3.56012 1.60993 20.00755
v 3.56012 1.40556 20.00755
v 3.56145 1.60993 20.00593
v 3.56145 1.40556 20.00593
v 3.56244 1.60993 20.00408
v 3.56244 1.40556 20.00408
v 3.56304 1.60993 20.00208
v 3.56304 1.40556 20.00208
v 3.56325 1.60993 20.00000
v 3.56325 1.40556 20.00000
v 3.56304 1.60993 19.99792
v 3.56304 1.40556 19.99792
v 3.56244 1.60993 19.99592
v 3.56244 1.40556 19.99592
v 3.56145 1.60993 19.99407
v 3.56145 1.40556 19.99407
v 3.56012 1.60993 19.99245
v 3.56012 1.40556 19.99245
v 3.55851 1.60993 19.99113
v 3.55851 1.40556 19.99113
v 3.55666 1.60993 19.99014
v 3.55666 1.40556 19.99014
v 3.55466 1.60993 19.98953
v 3.55466 1.40556 19.98953
v 4.28068 1.43673 19.98933
v 3.63733 1.43673 19.98933
v 4.28068 1.43881 19.98953
v 3.63733 1.43881 19.98953
v 4.28068 1.44082 19.99014
v 3.63733 1.44082 19.99014
v 4.28068 1.44266 19.99113
v 3.63733 1.44266 19.99113
v 4.28068 1.44428 19.99245
v 3.63733 1.44428 19.99245
v 4.28068 1.44561 19.99407
v 3.63733 1.44561 19.99407
v 4.28068 1.44659 19.99592
v 3.63733 1.44659 19.99592
v 4.28068 1.44720 19.99792
v 3.63733 1.44720 19.99792
v 4.28068 1.44740 20.00000
v 3.63733 1.44740 20.00000
v 4.28068 1.44720 20.00208
v 3.63733 1.44720 20.00208
v 4.28068 1.44659 20.00408
v 3.63733 1.44659 20.00408
v 4.28068 1.44561 20.00593
v 3.63733 1.44561 20.00593
v 4.28068 1.44428 20.00755
v 3.63733 1.44428 20.00755
v 4.28068 1.44266 20.00887
v 3.63733 1.44266 20.00887
v 4.28068 1.44082 20.00986
v 3.63733 1.44082 20.00986
v 4.28068 1.43881 20.01047
v 3.63733 1.43881 20.01047
v 4.28068 1.43673 20.01067
v 3.63733 1.43673 20.01067
v 4.28068 1.43465 20.01047
v 3.63733 1.43465 20.01047
v 4.28068 1.43265 20.00986
v 3.63733 1.43265 20.00986
v 4.28068 1.43080 20.00887
v 3.63733 1.43080 20.00887
v 4.28068 1.42919 20.00755
v 3.63733 1.42919 20.00755
v 4.28068 1.42786 20.00593
v 3.63733 1.42786 20.00593
v 4.28068 1.42687 20.00408
v 3.63733 1.42687 20.00408
v 4.28068 1.42626 20.00208
v 3.63733 1.42626 20.00208
v 4.28068 1.42606 20.00000
v 3.63733 1.42606 20.00000
v 4.28068 1.42626 19.99792
v 3.63733 1.42626 19.99792
v 4.28068 1.42687 19.99592
v 3.63733 1.42687 19.99592
v 4.28068 1.42786 19.99407
v 3.63733 1.42786 19.99407
v 4.28068 1.42919 19.99245
v 3.63733 1.42919 19.99245
v 4.28068 1.43080 19.99113
v 3.63733 1.43080 19.99113
v 4.28068 1.43265 19.99014
v 3.63733 1.43265 19.99014
v 4.28068 1.43465 19.98953
v 3.63733 1.43465 19.98953
v 4.27578 1.40180 20.05596
v 4.27578 1.62001 20.05596
v 4.27578 1.40180 19.94404
v 4.27578 1.62001 19.94404
v 4.40654 1.40180 20.05596
v 4.40654 1.62001 20.05596
v 4.40654 1.40180 19.94404
v 4.40654 1.62001 19.94404
v 4.27578 1.50218 20.05596
v 4.27578 1.50218 19.94404
v 4.40654 1.50218 19.94404
v 4.40654 1.50218 20.05596
v 4.27578 1.44318 19.94404
v 4.40654 1.44318 19.94404
v 4.40654 1.44318 20.05596
v 4.27578 1.44318 20.05596
v 4.69490 1.50218 19.94404
v 4.69490 1.50218 20.05596
v 4.69490 1.44318 19.94404
v 4.69490 1.44318 20.05596
v 4.49600 1.44318 20.05596
v 4.49600 1.50218 20.05596
v 4.49600 1.50218 19.94404
v 4.49600 1.44318 19.94404
v 4.69490 1.61561 19.94404
v 4.69490 1.61561 20.05596
v 4.49600 1.61561 19.94404
v 4.49600 1.61561 20.05596
v 3.64953 1.42124 19.99828
v 3.64953 1.42933 19.99828
v 3.64987 1.42124 19.99831
v 3.64987 1.42933 19.99831
v 3.65020 1.42124 19.99841
v 3.65020 1.42933 19.99841
v 3.65050 1.42124 19.99857
v 3.65050 1.42933 19.99857
v 3.65076 1.42124 19.99879
v 3.65076 1.42933 19.99879
v 3.65097 1.42124 19.99905
v 3.65097 1.42933 19.99905
v 3.65114 1.42124 19.99935
v 3.65114 1.42933 19.99935
v 3.65123 1.42124 19.99968
v 3.65123 1.42933 19.99968
v 3.65127 1.42124 20.00002
v 3.65127 1.42933 20.00002
v 3.65123 1.42124 20.00036
v 3.65123 1.42933 20.00036
v 3.65114 1.42124 20.00068
v 3.65114 1.42933 20.00068
v 3.65097 1.42124 20.00098
v 3.65097 1.42933 20.00098
v 3.65076 1.42124 20.00125
v 3.65076 1.42933 20.00125
v 3.65050 1.42124 20.00146
v 3.65050 1.42933 20.00146
v 3.65020 1.42124 20.00162
v 3.65020 1.42933 20.00162
v 3.64987 1.42124 20.00172
v 3.64987 1.42933 20.00172
v 3.64953 1.42124 20.00176
v 3.64953 1.42933 20.00176
v 3.64919 1.42124 20.00172
v 3.64919 1.42933 20.00172
v 3.64887 1.42124 20.00162
v 3.64887 1.42933 20.00162
v 3.64857 1.42124 20.00146
v 3.64857 1.42933 20.00146
v 3.64830 1.42124 20.00125
v 3.64830 1.42933 20.00125
v 3.64809 1.42124 20.00098
v 3.64809 1.42933 20.00098
v 3.64792 1.42124 20.00068
v 3.64792 1.42933 20.00068
v 3.64783 1.42124 20.00036
v 3.64783 1.42933 20.00036
v 3.64779 1.42124 20.00002
v 3.64779 1.42933 20.00002
v 3.64783 1.42124 19.99968
v 3.64783 1.42933 19.99968
v 3.64792 1.42124 19.99935
v 3.64792 1.42933 19.99935
v 3.64809 1.42124 19.99905
v 3.64809 1.42933 19.99905
v 3.64830 1.42124 19.99879
v 3.64830 1.42933 19.99879
v 3.64857 1.42124 19.99857
v 3.64857 1.42933 19.99857
v 3.64887 1.42124 19.99841
v 3.64887 1.42933 19.99841
v 3.64919 1.42124 19.99831
v 3.64919 1.42933 19.99831
v 3.68899 1.42124 19.99826
v 3.68899 1.42933 19.99826
v 3.68933 1.42124 19.99830
v 3.68933 1.42933 19.99830
v 3.68966 1.42124 19.99839
v 3.68966 1.42933 19.99839
v 3.68996 1.42124 19.99856
v 3.68996 1.42933 19.99856
v 3.69022 1.42124 19.99877
v 3.69022 1.42933 19.99877
v 3.69043 1.42124 19.99903
v 3.69043 1.42933 19.99903
v 3.69060 1.42124 19.99933
v 3.69060 1.42933 19.99933
v 3.69069 1.42124 19.99966
v 3.69069 1.42933 19.99966
v 3.69073 1.42124 20.00000
v 3.69073 1.42933 20.00000
v 3.69069 1.42124 20.00034
v 3.69069 1.42933 20.00034
v 3.69060 1.42124 20.00067
v 3.69060 1.42933 20.00067
v 3.69043 1.42124 20.00097
v 3.69043 1.42933 20.00097
v 3.69022 1.42124 20.00123
v 3.69022 1.42933 20.00123
v 3.68996 1.42124 20.00144
v 3.68996 1.42933 20.00144
v 3.68966 1.42124 20.00161
v 3.68966 1.42933 20.00161
v 3.68933 1.42124 20.00170
v 3.68933 1.42933 20.00170
v 3.68899 1.42124 20.00174
v 3.68899 1.42933 20.00174
v 3.68865 1.42124 20.00170
v 3.68865 1.42933 20.00170
v 3.68832 1.42124 20.00161
v 3.68832 1.42933 20.00161
v 3.68803 1.42124 20.00144
v 3.68803 1.42933 20.00144
v 3.68776 1.42124 20.00123
v 3.68776 1.42933 20.00123
v 3.68755 1.42124 20.00097
v 3.68755 1.42933 20.00097
v 3.68738 1.42124 20.00067
v 3.68738 1.42933 20.00067
v 3.68729 1.42124 20.00034
v 3.68729 1.42933 20.00034
v 3.68725 1.42124 20.00000
v 3.68725 1.42933 20.00000
v 3.68729 1.42124 19.99966
v 3.68729 1.42933 19.99966
v 3.68738 1.42124 19.99933
v 3.68738 1.42933 19.99933
v 3.68755 1.42124 19.99903
v 3.68755 1.42933 19.99903
v 3.68776 1.42124 19.99877
v 3.68776 1.42933 19.99877
v 3.68803 1.42124 19.99856
v 3.68803 1.42933 19.99856
v 3.68832 1.42124 19.99839
v 3.68832 1.42933 19.99839
v 3.68865 1.42124 19.99830
v 3.68865 1.42933 19.99830
v -2.03082 0.72599 20.02800
v -2.22166 1.07872 20.02800
v -2.03082 0.72599 19.97204
v -2.22166 1.07872 19.97204
v -2.00297 0.74610 20.02800
v -2.07806 1.08807 20.02800
v -2.00297 0.74610 19.97204
v -2.07806 1.08807 19.97204
v -2.14147 0.77638 20.02800
v -2.18231 0.82677 20.02800
v -2.21216 0.87716 20.02800
v -2.22520 0.92755 20.02800
v -2.22273 0.97794 20.02800
v -2.22026 1.02833 20.02800
v -2.22026 1.02833 19.97204
v -2.22273 0.97794 19.97204
v -2.22520 0.92755 19.97204
v -2.21216 0.87716 19.97204
v -2.18231 0.82677 19.97204
v -2.14147 0.77638 19.97204
v -2.10547 1.03922 19.97204
v -2.14194 0.96774 19.97204
v -2.15513 0.94151 19.97204
v -2.15280 0.89266 19.97204
v -2.13690 0.84381 19.97204
v -2.11002 0.79495 19.97204
v -2.10547 1.03922 20.02800
v -2.14194 0.96774 20.02800
v -2.15513 0.94151 20.02800
v -2.15280 0.89266 20.02800
v -2.13690 0.84381 20.02800
v -2.11002 0.79495 20.02800
vt 0.53212 0.00000
vt 0.62500 0.00000
vt 0.62500 0.25000
vt 0.53212 0.25000
vt 0.53212 0.47839
vt 0.62500 0.47839
vt 0.62500 0.50000
vt 0.53212 0.50000
vt 0.62500 0.75000
vt 0.53212 0.75000
vt 0.53212 0.75000
vt 0.62500 0.75000
vt 0.53212 0.99515
vt 0.62500 0.99515
vt 0.62500 1.00000
vt 0.53212 1.00000
vt 0.35339 0.50000
vt 0.37500 0.50000
vt 0.37500 0.75000
vt 0.35339 0.75000
vt 0.87015 0.50000
vt 0.87500 0.50000
vt 0.87500 0.75000
vt 0.87015 0.75000
vt 0.64893 0.50000
vt 0.84054 0.50000
vt 0.84054 0.75000
vt 0.64893 0.75000
vt 0.12985 0.50000
vt 0.15946 0.50000
vt 0.15946 0.75000
vt 0.12985 0.75000
vt 0.53212 0.77393
vt 0.62500 0.77393
vt 0.62500 0.96554
vt 0.53212 0.96554
vt 0.53212 0.25485
vt 0.62500 0.25485
vt 0.62500 0.28446
vt 0.53212 0.28446
vt 0.12500 0.50000
vt 0.12500 0.75000
vt 0.53212 0.77161
vt 0.62500 0.77161
vt 0.64661 0.50000
vt 0.64661 0.75000
vt 0.35107 0.50000
vt 0.35107 0.75000
vt 0.62500 0.47607
vt 0.53212 0.47607
vt 0.37500 0.47607
vt 0.37500 0.47839
vt 0.37500 0.77161
vt 0.37500 0.28446
vt 0.37500 0.77393
vt 0.37500 0.96554
vt 0.37500 0.99515
vt 0.37500 0.25000
vt 0.37500 0.25485
vt 0.37500 1.00000
vt 0.37500 0.00000
vt 0.53212 0.50000
vt 0.62500 0.50000
vt 0.37500 0.00000
vt 0.62500 0.00000
vt 0.62500 0.25000
vt 0.37500 0.25000
vt 0.58929 0.25000
vt 0.62500 0.25000
vt 0.62500 0.50000
vt 0.58929 0.50000
vt 0.62500 0.75000
vt 0.58929 0.75000
vt 0.37500 0.75000
vt 0.62500 0.75000
vt 0.62500 1.00000
vt 0.37500 1.00000
vt 0.33929 0.50000
vt 0.37500 0.50000
vt 0.37500 0.75000
vt 0.33929 0.75000
vt 0.83929 0.50000
vt 0.87500 0.50000
vt 0.87500 0.75000
vt 0.83929 0.75000
vt 0.62500 0.50000
vt 0.66071 0.50000
vt 0.66071 0.75000
vt 0.69643 0.50000
vt 0.69643 0.75000
vt 0.73214 0.50000
vt 0.73214 0.75000
vt 0.76786 0.50000
vt 0.76786 0.75000
vt 0.80357 0.50000
vt 0.80357 0.75000
vt 0.12500 0.50000
vt 0.16071 0.50000
vt 0.16071 0.75000
vt 0.12500 0.75000
vt 0.19643 0.50000
vt 0.19643 0.75000
vt 0.23214 0.50000
vt 0.23214 0.75000
vt 0.26786 0.50000
vt 0.26786 0.75000
vt 0.30357 0.50000
vt 0.30357 0.75000
vt 0.37500 0.50000
vt 0.41071 0.50000
vt 0.41071 0.75000
vt 0.44643 0.50000
vt 0.44643 0.75000
vt 0.48214 0.50000
vt 0.48214 0.75000
vt 0.51786 0.50000
vt 0.51786 0.75000
vt 0.55357 0.50000
vt 0.55357 0.75000
vt 0.37500 0.25000
vt 0.41071 0.25000
vt 0.44643 0.25000
vt 0.48214 0.25000
vt 0.51786 0.25000
vt 0.55357 0.25000
vt 0.37500 0.00000
vt 0.62500 0.00000
vt 0.62500 0.25000
vt 0.37500 0.25000
vt 0.37500 0.47725
vt 0.62500 0.47725
vt 0.62500 0.50000
vt 0.37500 0.50000
vt 0.62500 0.75000
vt 0.37500 0.75000
vt 0.37500 0.96835
vt 0.62500 0.96835
vt 0.62500 1.00000
vt 0.37500 1.00000
vt 0.35225 0.50000
vt 0.35225 0.75000
vt 0.84335 0.50000
vt 0.87500 0.50000
vt 0.87500 0.75000
vt 0.84335 0.75000
vt 0.71734 0.50000
vt 0.71734 0.75000
vt 0.12500 0.50000
vt 0.15665 0.50000
vt 0.15665 0.75000
vt 0.12500 0.75000
vt 0.37500 0.84234
vt 0.62500 0.84234
vt 0.62500 0.28165
vt 0.37500 0.28165
vt 0.37500 0.83104
vt 0.62500 0.83104
vt 0.70604 0.50000
vt 0.70604 0.75000
vt 0.28266 0.50000
vt 0.28266 0.75000
vt 0.62500 0.40766
vt 0.37500 0.40766
vt 0.64775 0.50000
vt 0.69474 0.50000
vt 0.69474 0.75000
vt 0.64775 0.75000
vt 0.37500 0.77275
vt 0.62500 0.77275
vt 0.62500 0.81974
vt 0.37500 0.81974
vt 0.29396 0.50000
vt 0.30526 0.50000
vt 0.30526 0.75000
vt 0.29396 0.75000
vt 0.37500 0.41896
vt 0.62500 0.41896
vt 0.62500 0.43026
vt 0.37500 0.43026
vt 0.60580 0.00000
vt 0.62500 0.00000
vt 0.62500 0.25000
vt 0.60580 0.25000
vt 0.60580 0.37500
vt 0.62500 0.37500
vt 0.62500 0.50000
vt 0.60580 0.50000
vt 0.57323 0.50000
vt 0.60580 0.50000
vt 0.57323 0.50000
vt 0.60580 0.87500
vt 0.62500 0.87500
vt 0.62500 1.00000
vt 0.60580 1.00000
vt 0.25000 0.50000
vt 0.37500 0.50000
vt 0.37500 0.75000
vt 0.25000 0.75000
vt 0.75000 0.50000
vt 0.87500 0.50000
vt 0.87500 0.75000
vt 0.75000 0.75000
vt 0.56499 0.87500
vt 0.57323 0.87500
vt 0.57323 1.00000
vt 0.56499 1.00000
vt 0.56499 0.50000
vt 0.57323 0.75000
vt 0.56499 0.75000
vt 0.56499 0.37500
vt 0.57323 0.37500
vt 0.56499 0.00000
vt 0.57323 0.00000
vt 0.57323 0.25000
vt 0.56499 0.25000
vt 0.37500 0.00000
vt 0.41651 0.00000
vt 0.41651 0.25000
vt 0.37500 0.25000
vt 0.37500 0.37500
vt 0.41651 0.37500
vt 0.41651 0.50000
vt 0.41651 0.75000
vt 0.37500 0.87500
vt 0.41651 0.87500
vt 0.41651 1.00000
vt 0.37500 1.00000
vt 0.62500 0.75000
vt 0.60580 0.75000
vt 0.60580 0.75000
vt 0.62500 0.75000
vt 0.12500 0.50000
vt 0.12500 0.75000
vt 0.62500 0.50000
vt 0.57323 0.75000
vt 0.57323 0.50000
vt 0.57323 0.50000
vt 0.57323 0.50000
vt 0.57323 0.50000
vt 0.57323 0.75000
vt 0.57323 0.75000
vt 0.57323 0.75000
vt 0.57323 0.50000
vt 0.57323 0.50000
vt 0.57323 0.75000
vt 0.57323 0.75000
vt 0.57323 0.75000
vt 0.57323 0.75000
vt 0.57323 0.75000
vt 0.57323 0.75000
vt 0.57323 0.75000
vt 0.57323 0.50000
vt 0.57323 0.50000
vt 0.57323 0.50000
vt 0.57323 0.50000
vt 0.57323 0.75000
vt 0.57323 0.75000
vt 0.57323 0.50000
vt 0.57323 0.50000
vt 0.57323 0.75000
vt 0.57323 0.75000
vt 0.57323 0.75000
vt 0.57323 0.75000
vt 0.57323 0.50000
vt 0.57323 0.50000
vt 0.57323 0.50000
vt 0.57323 0.50000
vt 0.57323 0.50000
vt 0.57323 0.50000
vt 0.57323 0.75000
vt 0.57323 0.75000
vt 0.57323 0.50000
vt 0.57323 0.75000
vt 0.57323 0.50000
vt 0.57323 0.75000
vt 0.37500 0.00000
vt 0.62500 0.00000
vt 0.62500 0.25000
vt 0.37500 0.25000
vt 0.62500 0.50000
vt 0.37500 0.50000
vt 0.62500 0.75000
vt 0.37500 0.75000
vt 0.62500 1.00000
vt 0.37500 1.00000
vt 0.12500 0.50000
vt 0.12500 0.75000
vt 0.87500 0.50000
vt 0.87500 0.75000
vt 0.37500 0.00000
vt 0.62500 0.00000
vt 0.62500 0.25000
vt 0.37500 0.25000
vt 0.37500 0.43611
vt 0.62500 0.43611
vt 0.62500 0.50000
vt 0.37500 0.50000
vt 0.62500 0.75000
vt 0.37500 0.75000
vt 0.37500 0.95732
vt 0.62500 0.95732
vt 0.62500 1.00000
vt 0.37500 1.00000
vt 0.31111 0.50000
vt 0.31111 0.75000
vt 0.83232 0.50000
vt 0.87500 0.50000
vt 0.87500 0.75000
vt 0.83232 0.75000
vt 0.81255 0.50000
vt 0.81255 0.75000
vt 0.12500 0.50000
vt 0.16768 0.50000
vt 0.16768 0.75000
vt 0.12500 0.75000
vt 0.37500 0.93755
vt 0.62500 0.93755
vt 0.62500 0.29268
vt 0.37500 0.29268
vt 0.37500 0.81389
vt 0.62500 0.81389
vt 0.68889 0.50000
vt 0.68889 0.75000
vt 0.18745 0.50000
vt 0.18745 0.75000
vt 0.62500 0.31245
vt 0.37500 0.31245
vt 1.00000 0.50000
vt 1.00000 1.00000
vt 0.96875 1.00000
vt 0.96875 0.50000
vt 0.93750 1.00000
vt 0.93750 0.50000
vt 0.90625 1.00000
vt 0.90625 0.50000
vt 0.87500 1.00000
vt 0.87500 0.50000
vt 0.84375 1.00000
vt 0.84375 0.50000
vt 0.81250 1.00000
vt 0.81250 0.50000
vt 0.78125 1.00000
vt 0.78125 0.50000
vt 0.75000 1.00000
vt 0.75000 0.50000
vt 0.71875 1.00000
vt 0.71875 0.50000
vt 0.68750 1.00000
vt 0.68750 0.50000
vt 0.65625 1.00000
vt 0.65625 0.50000
vt 0.62500 1.00000
vt 0.62500 0.50000
vt 0.59375 1.00000
vt 0.59375 0.50000
vt 0.56250 1.00000
vt 0.56250 0.50000
vt 0.53125 1.00000
vt 0.53125 0.50000
vt 0.50000 1.00000
vt 0.50000 0.50000
vt 0.46875 1.00000
vt 0.46875 0.50000
vt 0.43750 1.00000
vt 0.43750 0.50000
vt 0.40625 1.00000
vt 0.40625 0.50000
vt 0.37500 1.00000
vt 0.37500 0.50000
vt 0.34375 1.00000
vt 0.34375 0.50000
vt 0.31250 1.00000
vt 0.31250 0.50000
vt 0.28125 1.00000
vt 0.28125 0.50000
vt 0.25000 1.00000
vt 0.25000 0.50000
vt 0.21875 1.00000
vt 0.21875 0.50000
vt 0.18750 1.00000
vt 0.18750 0.50000
vt 0.15625 1.00000
vt 0.15625 0.50000
vt 0.12500 1.00000
vt 0.12500 0.50000
vt 0.09375 1.00000
vt 0.09375 0.50000
vt 0.06250 1.00000
vt 0.06250 0.50000
vt 0.29682 0.48539
vt 0.25000 0.49000
vt 0.20318 0.48539
vt 0.15816 0.47173
vt 0.11666 0.44955
vt 0.08030 0.41971
vt 0.05045 0.38334
vt 0.02827 0.34184
vt 0.01461 0.29682
vt 0.01000 0.25000
vt 0.01461 0.20318
vt 0.02827 0.15816
vt 0.05045 0.11666
vt 0.08029 0.08029
vt 0.11666 0.05045
vt 0.15816 0.02827
vt 0.20318 0.01461
vt 0.25000 0.01000
vt 0.29682 0.01461
vt 0.34184 0.02827
vt 0.38334 0.05045
vt 0.41971 0.08029
vt 0.44955 0.11666
vt 0.47173 0.15816
vt 0.48539 0.20318
vt 0.49000 0.25000
vt 0.48539 0.29682
vt 0.47173 0.34184
vt 0.44955 0.38334
vt 0.41971 0.41971
vt 0.38334 0.44955
vt 0.34184 0.47173
vt 0.03125 1.00000
vt 0.03125 0.50000
vt 0.00000 1.00000
vt 0.00000 0.50000
vt 0.75000 0.49000
vt 0.79682 0.48539
vt 0.84184 0.47173
vt 0.88334 0.44955
vt 0.91971 0.41971
vt 0.94955 0.38334
vt 0.97173 0.34184
vt 0.98539 0.29682
vt 0.99000 0.25000
vt 0.98539 0.20318
vt 0.97173 0.15816
vt 0.94955 0.11666
vt 0.91971 0.08029
vt 0.88334 0.05045
vt 0.84184 0.02827
vt 0.79682 0.01461
vt 0.75000 0.01000
vt 0.70318 0.01461
vt 0.65816 0.02827
vt 0.61666 0.05045
vt 0.58029 0.08029
vt 0.55045 0.11666
vt 0.52827 0.15816
vt 0.51461 0.20318
vt 0.51000 0.25000
vt 0.51461 0.29682
vt 0.52827 0.34184
vt 0.55045 0.38334
vt 0.58030 0.41971
vt 0.61666 0.44955
vt 0.65816 0.47173
vt 0.70318 0.48539
vt 1.00000 0.50000
vt 1.00000 1.00000
vt 0.96875 1.00000
vt 0.96875 0.50000
vt 0.93750 1.00000
vt 0.93750 0.50000
vt 0.90625 1.00000
vt 0.90625 0.50000
vt 0.87500 1.00000
vt 0.87500 0.50000
vt 0.84375 1.00000
vt 0.84375 0.50000
vt 0.81250 1.00000
vt 0.81250 0.50000
vt 0.78125 1.00000
vt 0.78125 0.50000
vt 0.75000 1.00000
vt 0.75000 0.50000
vt 0.71875 1.00000
vt 0.71875 0.50000
vt 0.68750 1.00000
vt 0.68750 0.50000
vt 0.65625 1.00000
vt 0.65625 0.50000
vt 0.62500 1.00000
vt 0.62500 0.50000
vt 0.59375 1.00000
vt 0.59375 0.50000
vt 0.56250 1.00000
vt 0.56250 0.50000
vt 0.53125 1.00000
vt 0.53125 0.50000
vt 0.50000 1.00000
vt 0.50000 0.50000
vt 0.46875 1.00000
vt 0.46875 0.50000
vt 0.43750 1.00000
vt 0.43750 0.50000
vt 0.40625 1.00000
vt 0.40625 0.50000
vt 0.37500 1.00000
vt 0.37500 0.50000
vt 0.34375 1.00000
vt 0.34375 0.50000
vt 0.31250 1.00000
vt 0.31250 0.50000
vt 0.28125 1.00000
vt 0.28125 0.50000
vt 0.25000 1.00000
vt 0.25000 0.50000
vt 0.21875 1.00000
vt 0.21875 0.50000
vt 0.18750 1.00000
vt 0.18750 0.50000
vt 0.15625 1.00000
vt 0.15625 0.50000
vt 0.12500 1.00000
vt 0.12500 0.50000
vt 0.09375 1.00000
vt 0.09375 0.50000
vt 0.06250 1.00000
vt 0.06250 0.50000
vt 0.29682 0.48539
vt 0.25000 0.49000
vt 0.20318 0.48539
vt 0.15816 0.47173
vt 0.11666 0.44955
vt 0.08030 0.41971
vt 0.05045 0.38334
vt 0.02827 0.34184
vt 0.01461 0.29682
vt 0.01000 0.25000
vt 0.01461 0.20318
vt 0.02827 0.15816
vt 0.05045 0.11666
vt 0.08029 0.08029
vt 0.11666 0.05045
vt 0.15816 0.02827
vt 0.20318 0.01461
vt 0.25000 0.01000
vt 0.29682 0.01461
vt 0.34184 0.02827
vt 0.38334 0.05045
vt 0.41971 0.08029
vt 0.44955 0.11666
vt 0.47173 0.15816
vt 0.48539 0.20318
vt 0.49000 0.25000
vt 0.48539 0.29682
vt 0.47173 0.34184
vt 0.44955 0.38334
vt 0.41971 0.41971
vt 0.38334 0.44955
vt 0.34184 0.47173
vt 0.03125 1.00000
vt 0.03125 0.50000
vt 0.00000 1.00000
vt 0.00000 0.50000
vt 0.75000 0.49000
vt 0.79682 0.48539
vt 0.84184 0.47173
vt 0.88334 0.44955
vt 0.91971 0.41971
vt 0.94955 0.38334
vt 0.97173 0.34184
vt 0.98539 0.29682
vt 0.99000 0.25000
vt 0.98539 0.20318
vt 0.97173 0.15816
vt 0.94955 0.11666
vt 0.91971 0.08029
vt 0.88334 0.05045
vt 0.84184 0.02827
vt 0.79682 0.01461
vt 0.75000 0.01000
vt 0.70318 0.01461
vt 0.65816 0.02827
vt 0.61666 0.05045
vt 0.58029 0.08029
vt 0.55045 0.11666
vt 0.52827 0.15816
vt 0.51461 0.20318
vt 0.51000 0.25000
vt 0.51461 0.29682
vt 0.52827 0.34184
vt 0.55045 0.38334
vt 0.58030 0.41971
vt 0.61666 0.44955
vt 0.65816 0.47173
vt 0.70318 0.48539
vt 0.37500 0.00000
vt 0.62500 0.00000
vt 0.62500 0.25000
vt 0.37500 0.25000
vt 0.62500 0.50000
vt 0.37500 0.50000
vt 0.62500 0.75000
vt 0.37500 0.75000
vt 0.62500 1.00000
vt 0.37500 1.00000
vt 0.12500 0.50000
vt 0.12500 0.75000
vt 0.87500 0.50000
vt 0.87500 0.75000
vt 0.59636 0.00000
vt 0.62500 0.00000
vt 0.62500 0.25000
vt 0.59636 0.25000
vt 0.62500 0.50000
vt 0.59636 0.50000
vt 0.59636 0.50000
vt 0.62500 0.50000
vt 0.62500 0.50000
vt 0.59636 0.50000
vt 0.59636 0.75000
vt 0.62500 0.75000
vt 0.62500 1.00000
vt 0.59636 1.00000
vt 0.12500 0.50000
vt 0.37500 0.50000
vt 0.37500 0.75000
vt 0.12500 0.75000
vt 0.87500 0.50000
vt 0.87500 0.75000
vt 0.52757 0.75000
vt 0.52757 1.00000
vt 0.37500 1.00000
vt 0.52757 0.50000
vt 0.37500 0.25000
vt 0.52757 0.25000
vt 0.37500 0.00000
vt 0.52757 0.00000
vt 0.62500 0.75000
vt 0.59636 0.75000
vt 0.59636 0.50000
vt 0.59636 0.75000
vt 0.59636 0.75000
vt 0.59636 0.50000
vt 0.62500 0.75000
vt 0.59636 0.75000
vt 0.59636 0.75000
vt 0.59636 0.50000
vt 0.59636 0.75000
vt 0.59636 0.50000
vt 0.59636 0.50000
vt 0.59636 0.75000
vt 0.59636 0.75000
vt 0.59636 0.50000
vt 0.59636 0.50000
vt 0.59636 0.50000
vt 0.59636 0.75000
vt 0.59636 0.75000
vt 0.59636 0.50000
vt 0.59636 0.50000
vt 0.59636 0.75000
vt 0.59636 0.75000
vt 0.59636 0.75000
vt 0.59636 0.75000
vt 0.59636 0.50000
vt 0.59636 0.50000
vt 0.59636 0.50000
vt 0.59636 0.75000
vt 0.59636 0.75000
vt 0.59636 0.50000
vt 0.59636 0.50000
vt 0.59636 0.75000
vt 1.00000 0.50000
vt 1.00000 1.00000
vt 0.96875 1.00000
vt 0.96875 0.50000
vt 0.93750 1.00000
vt 0.93750 0.50000
vt 0.90625 1.00000
vt 0.90625 0.50000
vt 0.87500 1.00000
vt 0.87500 0.50000
vt 0.84375 1.00000
vt 0.84375 0.50000
vt 0.81250 1.00000
vt 0.81250 0.50000
vt 0.78125 1.00000
vt 0.78125 0.50000
vt 0.75000 1.00000
vt 0.75000 0.50000
vt 0.71875 1.00000
vt 0.71875 0.50000
vt 0.68750 1.00000
vt 0.68750 0.50000
vt 0.65625 1.00000
vt 0.65625 0.50000
vt 0.62500 1.00000
vt 0.62500 0.50000
vt 0.59375 1.00000
vt 0.59375 0.50000
vt 0.56250 1.00000
vt 0.56250 0.50000
vt 0.53125 1.00000
vt 0.53125 0.50000
vt 0.50000 1.00000
vt 0.50000 0.50000
vt 0.46875 1.00000
vt 0.46875 0.50000
vt 0.43750 1.00000
vt 0.43750 0.50000
vt 0.40625 1.00000
vt 0.40625 0.50000
vt 0.37500 1.00000
vt 0.37500 0.50000
vt 0.34375 1.00000
vt 0.34375 0.50000
vt 0.31250 1.00000
vt 0.31250 0.50000
vt 0.28125 1.00000
vt 0.28125 0.50000
vt 0.25000 1.00000
vt 0.25000 0.50000
vt 0.21875 1.00000
vt 0.21875 0.50000
vt 0.18750 1.00000
vt 0.18750 0.50000
vt 0.15625 1.00000
vt 0.15625 0.50000
vt 0.12500 1.00000
vt 0.12500 0.50000
vt 0.09375 1.00000
vt 0.09375 0.50000
vt 0.06250 1.00000
vt 0.06250 0.50000
vt 0.29682 0.48539
vt 0.25000 0.49000
vt 0.20318 0.48539
vt 0.15816 0.47173
vt 0.11666 0.44955
vt 0.08030 0.41971
vt 0.05045 0.38334
vt 0.02827 0.34184
vt 0.01461 0.29682
vt 0.01000 0.25000
vt 0.01461 0.20318
vt 0.02827 0.15816
vt 0.05045 0.11666
vt 0.08029 0.08029
vt 0.11666 0.05045
vt 0.15816 0.02827
vt 0.20318 0.01461
vt 0.25000 0.01000
vt 0.29682 0.01461
vt 0.34184 0.02827
vt 0.38334 0.05045
vt 0.41971 0.08029
vt 0.44955 0.11666
vt 0.47173 0.15816
vt 0.48539 0.20318
vt 0.49000 0.25000
vt 0.48539 0.29682
vt 0.47173 0.34184
vt 0.44955 0.38334
vt 0.41971 0.41971
vt 0.38334 0.44955
vt 0.34184 0.47173
vt 0.03125 1.00000
vt 0.03125 0.50000
vt 0.00000 1.00000
vt 0.00000 0.50000
vt 0.75000 0.49000
vt 0.79682 0.48539
vt 0.84184 0.47173
vt 0.88334 0.44955
vt 0.91971 0.41971
vt 0.94955 0.38334
vt 0.97173 0.34184
vt 0.98539 0.29682
vt 0.99000 0.25000
vt 0.98539 0.20318
vt 0.97173 0.15816
vt 0.94955 0.11666
vt 0.91971 0.08029
vt 0.88334 0.05045
vt 0.84184 0.02827
vt 0.79682 0.01461
vt 0.75000 0.01000
vt 0.70318 0.01461
vt 0.65816 0.02827
vt 0.61666 0.05045
vt 0.58029 0.08029
vt 0.55045 0.11666
vt 0.52827 0.15816
vt 0.51461 0.20318
vt 0.51000 0.25000
vt 0.51461 0.29682
vt 0.52827 0.34184
vt 0.55045 0.38334
vt 0.58030 0.41971
vt 0.61666 0.44955
vt 0.65816 0.47173
vt 0.70318 0.48539
vt 1.00000 0.50000
vt 1.00000 1.00000
vt 0.96875 1.00000
vt 0.96875 0.50000
vt 0.93750 1.00000
vt 0.93750 0.50000
vt 0.90625 1.00000
vt 0.90625 0.50000
vt 0.87500 1.00000
vt 0.87500 0.50000
vt 0.84375 1.00000
vt 0.84375 0.50000
vt 0.81250 1.00000
vt 0.81250 0.50000
vt 0.78125 1.00000
vt 0.78125 0.50000
vt 0.75000 1.00000
vt 0.75000 0.50000
vt 0.71875 1.00000
vt 0.71875 0.50000
vt 0.68750 1.00000
vt 0.68750 0.50000
vt 0.65625 1.00000
vt 0.65625 0.50000
vt 0.62500 1.00000
vt 0.62500 0.50000
vt 0.59375 1.00000
vt 0.59375 0.50000
vt 0.56250 1.00000
vt 0.56250 0.50000
vt 0.53125 1.00000
vt 0.53125 0.50000
vt 0.50000 1.00000
vt 0.50000 0.50000
vt 0.46875 1.00000
vt 0.46875 0.50000
vt 0.43750 1.00000
vt 0.43750 0.50000
vt 0.40625 1.00000
vt 0.40625 0.50000
vt 0.37500 1.00000
vt 0.37500 0.50000
vt 0.34375 1.00000
vt 0.34375 0.50000
vt 0.31250 1.00000
vt 0.31250 0.50000
vt 0.28125 1.00000
vt 0.28125 0.50000
vt 0.25000 1.00000
vt 0.25000 0.50000
vt 0.21875 1.00000
vt 0.21875 0.50000
vt 0.18750 1.00000
vt 0.18750 0.50000
vt 0.15625 1.00000
vt 0.15625 0.50000
vt 0.12500 1.00000
vt 0.12500 0.50000
vt 0.09375 1.00000
vt 0.09375 0.50000
vt 0.06250 1.00000
vt 0.06250 0.50000
vt 0.29682 0.48539
vt 0.25000 0.49000
vt 0.20318 0.48539
vt 0.15816 0.47173
vt 0.11666 0.44955
vt 0.08030 0.41971
vt 0.05045 0.38334
vt 0.02827 0.34184
vt 0.01461 0.29682
vt 0.01000 0.25000
vt 0.01461 0.20318
vt 0.02827 0.15816
vt 0.05045 0.11666
vt 0.08029 0.08029
vt 0.11666 0.05045
vt 0.15816 0.02827
vt 0.20318 0.01461
vt 0.25000 0.01000
vt 0.29682 0.01461
vt 0.34184 0.02827
vt 0.38334 0.05045
vt 0.41971 0.08029
vt 0.44955 0.11666
vt 0.47173 0.15816
vt 0.48539 0.20318
vt 0.49000 0.25000
vt 0.48539 0.29682
vt 0.47173 0.34184
vt 0.44955 0.38334
vt 0.41971 0.41971
vt 0.38334 0.44955
vt 0.34184 0.47173
vt 0.03125 1.00000
vt 0.03125 0.50000
vt 0.00000 1.00000
vt 0.00000 0.50000
vt 0.75000 0.49000
vt 0.79682 0.48539
vt 0.84184 0.47173
vt 0.88334 0.44955
vt 0.91971 0.41971
vt 0.94955 0.38334
vt 0.97173 0.34184
vt 0.98539 0.29682
vt 0.99000 0.25000
vt 0.98539 0.20318
vt 0.97173 0.15816
vt 0.94955 0.11666
vt 0.91971 0.08029
vt 0.88334 0.05045
vt 0.84184 0.02827
vt 0.79682 0.01461
vt 0.75000 0.01000
vt 0.70318 0.01461
vt 0.65816 0.02827
vt 0.61666 0.05045
vt 0.58029 0.08029
vt 0.55045 0.11666
vt 0.52827 0.15816
vt 0.51461 0.20318
vt 0.51000 0.25000
vt 0.51461 0.29682
vt 0.52827 0.34184
vt 0.55045 0.38334
vt 0.58030 0.41971
vt 0.61666 0.44955
vt 0.65816 0.47173
vt 0.70318 0.48539
vt 1.00000 0.50000
vt 1.00000 1.00000
vt 0.96875 1.00000
vt 0.96875 0.50000
vt 0.93750 1.00000
vt 0.93750 0.50000
vt 0.90625 1.00000
vt 0.90625 0.50000
vt 0.87500 1.00000
vt 0.87500 0.50000
vt 0.84375 1.00000
vt 0.84375 0.50000
vt 0.81250 1.00000
vt 0.81250 0.50000
vt 0.78125 1.00000
vt 0.78125 0.50000
vt 0.75000 1.00000
vt 0.75000 0.50000
vt 0.71875 1.00000
vt 0.71875 0.50000
vt 0.68750 1.00000
vt 0.68750 0.50000
vt 0.65625 1.00000
vt 0.65625 0.50000
vt 0.62500 1.00000
vt 0.62500 0.50000
vt 0.59375 1.00000
vt 0.59375 0.50000
vt 0.56250 1.00000
vt 0.56250 0.50000
vt 0.53125 1.00000
vt 0.53125 0.50000
vt 0.50000 1.00000
vt 0.50000 0.50000
vt 0.46875 1.00000
vt 0.46875 0.50000
vt 0.43750 1.00000
vt 0.43750 0.50000
vt 0.40625 1.00000
vt 0.40625 0.50000
vt 0.37500 1.00000
vt 0.37500 0.50000
vt 0.34375 1.00000
vt 0.34375 0.50000
vt 0.31250 1.00000
vt 0.31250 0.50000
vt 0.28125 1.00000
vt 0.28125 0.50000
vt 0.25000 1.00000
vt 0.25000 0.50000
vt 0.21875 1.00000
vt 0.21875 0.50000
vt 0.18750 1.00000
vt 0.18750 0.50000
vt 0.15625 1.00000
vt 0.15625 0.50000
vt 0.12500 1.00000
vt 0.12500 0.50000
vt 0.09375 1.00000
vt 0.09375 0.50000
vt 0.06250 1.00000
vt 0.06250 0.50000
vt 0.29682 0.48539
vt 0.25000 0.49000
vt 0.20318 0.48539
vt 0.15816 0.47173
vt 0.11666 0.44955
vt 0.08030 0.41971
vt 0.05045 0.38334
vt 0.02827 0.34184
vt 0.01461 0.29682
vt 0.01000 0.25000
vt 0.01461 0.20318
vt 0.02827 0.15816
vt 0.05045 0.11666
vt 0.08029 0.08029
vt 0.11666 0.05045
vt 0.15816 0.02827
vt 0.20318 0.01461
vt 0.25000 0.01000
vt 0.29682 0.01461
vt 0.34184 0.02827
vt 0.38334 0.05045
vt 0.41971 0.08029
vt 0.44955 0.11666
vt 0.47173 0.15816
vt 0.48539 0.20318
vt 0.49000 0.25000
vt 0.48539 0.29682
vt 0.47173 0.34184
vt 0.44955 0.38334
vt 0.41971 0.41971
vt 0.38334 0.44955
vt 0.34184 0.47173
vt 0.03125 1.00000
vt 0.03125 0.50000
vt 0.00000 1.00000
vt 0.00000 0.50000
vt 0.75000 0.49000
vt 0.79682 0.48539
vt 0.84184 0.47173
vt 0.88334 0.44955
vt 0.91971 0.41971
vt 0.94955 0.38334
vt 0.97173 0.34184
vt 0.98539 0.29682
vt 0.99000 0.25000
vt 0.98539 0.20318
vt 0.97173 0.15816
vt 0.94955 0.11666
vt 0.91971 0.08029
vt 0.88334 0.05045
vt 0.84184 0.02827
vt 0.79682 0.01461
vt 0.75000 0.01000
vt 0.70318 0.01461
vt 0.65816 0.02827
vt 0.61666 0.05045
vt 0.58029 0.08029
vt 0.55045 0.11666
vt 0.52827 0.15816
vt 0.51461 0.20318
vt 0.51000 0.25000
vt 0.51461 0.29682
vt 0.52827 0.34184
vt 0.55045 0.38334
vt 0.58030 0.41971
vt 0.61666 0.44955
vt 0.65816 0.47173
vt 0.70318 0.48539
vt 1.00000 0.50000
vt 1.00000 1.00000
vt 0.96875 1.00000
vt 0.96875 0.50000
vt 0.93750 1.00000
vt 0.93750 0.50000
vt 0.90625 1.00000
vt 0.90625 0.50000
vt 0.87500 1.00000
vt 0.87500 0.50000
vt 0.84375 1.00000
vt 0.84375 0.50000
vt 0.81250 1.00000
vt 0.81250 0.50000
vt 0.78125 1.00000
vt 0.78125 0.50000
vt 0.75000 1.00000
vt 0.75000 0.50000
vt 0.71875 1.00000
vt 0.71875 0.50000
vt 0.68750 1.00000
vt 0.68750 0.50000
vt 0.65625 1.00000
vt 0.65625 0.50000
vt 0.62500 1.00000
vt 0.62500 0.50000
vt 0.59375 1.00000
vt 0.59375 0.50000
vt 0.56250 1.00000
vt 0.56250 0.50000
vt 0.53125 1.00000
vt 0.53125 0.50000
vt 0.50000 1.00000
vt 0.50000 0.50000
vt 0.46875 1.00000
vt 0.46875 0.50000
vt 0.43750 1.00000
vt 0.43750 0.50000
vt 0.40625 1.00000
vt 0.40625 0.50000
vt 0.37500 1.00000
vt 0.37500 0.50000
vt 0.34375 1.00000
vt 0.34375 0.50000
vt 0.31250 1.00000
vt 0.31250 0.50000
vt 0.28125 1.00000
vt 0.28125 0.50000
vt 0.25000 1.00000
vt 0.25000 0.50000
vt 0.21875 1.00000
vt 0.21875 0.50000
vt 0.18750 1.00000
vt 0.18750 0.50000
vt 0.15625 1.00000
vt 0.15625 0.50000
vt 0.12500 1.00000
vt 0.12500 0.50000
vt 0.09375 1.00000
vt 0.09375 0.50000
vt 0.06250 1.00000
vt 0.06250 0.50000
vt 0.29682 0.48539
vt 0.25000 0.49000
vt 0.20318 0.48539
vt 0.15816 0.47173
vt 0.11666 0.44955
vt 0.08030 0.41971
vt 0.05045 0.38334
vt 0.02827 0.34184
vt 0.01461 0.29682
vt 0.01000 0.25000
vt 0.01461 0.20318
vt 0.02827 0.15816
vt 0.05045 0.11666
vt 0.08029 0.08029
vt 0.11666 0.05045
vt 0.15816 0.02827
vt 0.20318 0.01461
vt 0.25000 0.01000
vt 0.29682 0.01461
vt 0.34184 0.02827
vt 0.38334 0.05045
vt 0.41971 0.08029
vt 0.44955 0.11666
vt 0.47173 0.15816
vt 0.48539 0.20318
vt 0.49000 0.25000
vt 0.48539 0.29682
vt 0.47173 0.34184
vt 0.44955 0.38334
vt 0.41971 0.41971
vt 0.38334 0.44955
vt 0.34184 0.47173
vt 0.03125 1.00000
vt 0.03125 0.50000
vt 0.00000 1.00000
vt 0.00000 0.50000
vt 0.75000 0.49000
vt 0.79682 0.48539
vt 0.84184 0.47173
vt 0.88334 0.44955
vt 0.91971 0.41971
vt 0.94955 0.38334
vt 0.97173 0.34184
vt 0.98539 0.29682
vt 0.99000 0.25000
vt 0.98539 0.20318
vt 0.97173 0.15816
vt 0.94955 0.11666
vt 0.91971 0.08029
vt 0.88334 0.05045
vt 0.84184 0.02827
vt 0.79682 0.01461
vt 0.75000 0.01000
vt 0.70318 0.01461
vt 0.65816 0.02827
vt 0.61666 0.05045
vt 0.58029 0.08029
vt 0.55045 0.11666
vt 0.52827 0.15816
vt 0.51461 0.20318
vt 0.51000 0.25000
vt 0.51461 0.29682
vt 0.52827 0.34184
vt 0.55045 0.38334
vt 0.58030 0.41971
vt 0.61666 0.44955
vt 0.65816 0.47173
vt 0.70318 0.48539
vt 1.00000 0.50000
vt 1.00000 1.00000
vt 0.96875 1.00000
vt 0.96875 0.50000
vt 0.93750 1.00000
vt 0.93750 0.50000
vt 0.90625 1.00000
vt 0.90625 0.50000
vt 0.87500 1.00000
vt 0.87500 0.50000
vt 0.84375 1.00000
vt 0.84375 0.50000
vt 0.81250 1.00000
vt 0.81250 0.50000
vt 0.78125 1.00000
vt 0.78125 0.50000
vt 0.75000 1.00000
vt 0.75000 0.50000
vt 0.71875 1.00000
vt 0.71875 0.50000
vt 0.68750 1.00000
vt 0.68750 0.50000
vt 0.65625 1.00000
vt 0.65625 0.50000
vt 0.62500 1.00000
vt 0.62500 0.50000
vt 0.59375 1.00000
vt 0.59375 0.50000
vt 0.56250 1.00000
vt 0.56250 0.50000
vt 0.53125 1.00000
vt 0.53125 0.50000
vt 0.50000 1.00000
vt 0.50000 0.50000
vt 0.46875 1.00000
vt 0.46875 0.50000
vt 0.43750 1.00000
vt 0.43750 0.50000
vt 0.40625 1.00000
vt 0.40625 0.50000
vt 0.37500 1.00000
vt 0.37500 0.50000
vt 0.34375 1.00000
vt 0.34375 0.50000
vt 0.31250 1.00000
vt 0.31250 0.50000
vt 0.28125 1.00000
vt 0.28125 0.50000
vt 0.25000 1.00000
vt 0.25000 0.50000
vt 0.21875 1.00000
vt 0.21875 0.50000
vt 0.18750 1.00000
vt 0.18750 0.50000
vt 0.15625 1.00000
vt 0.15625 0.50000
vt 0.12500 1.00000
vt 0.12500 0.50000
vt 0.09375 1.00000
vt 0.09375 0.50000
vt 0.06250 1.00000
vt 0.06250 0.50000
vt 0.29682 0.48539
vt 0.25000 0.49000
vt 0.20318 0.48539
vt 0.15816 0.47173
vt 0.11666 0.44955
vt 0.08030 0.41971
vt 0.05045 0.38334
vt 0.02827 0.34184
vt 0.01461 0.29682
vt 0.01000 0.25000
vt 0.01461 0.20318
vt 0.02827 0.15816
vt 0.05045 0.11666
vt 0.08029 0.08029
vt 0.11666 0.05045
vt 0.15816 0.02827
vt 0.20318 0.01461
vt 0.25000 0.01000
vt 0.29682 0.01461
vt 0.34184 0.02827
vt 0.38334 0.05045
vt 0.41971 0.08029
vt 0.44955 0.11666
vt 0.47173 0.15816
vt 0.48539 0.20318
vt 0.49000 0.25000
vt 0.48539 0.29682
vt 0.47173 0.34184
vt 0.44955 0.38334
vt 0.41971 0.41971
vt 0.38334 0.44955
vt 0.34184 0.47173
vt 0.03125 1.00000
vt 0.03125 0.50000
vt 0.00000 1.00000
vt 0.00000 0.50000
vt 0.75000 0.49000
vt 0.79682 0.48539
vt 0.84184 0.47173
vt 0.88334 0.44955
vt 0.91971 0.41971
vt 0.94955 0.38334
vt 0.97173 0.34184
vt 0.98539 0.29682
vt 0.99000 0.25000
vt 0.98539 0.20318
vt 0.97173 0.15816
vt 0.94955 0.11666
vt 0.91971 0.08029
vt 0.88334 0.05045
vt 0.84184 0.02827
vt 0.79682 0.01461
vt 0.75000 0.01000
vt 0.70318 0.01461
vt 0.65816 0.02827
vt 0.61666 0.05045
vt 0.58029 0.08029
vt 0.55045 0.11666
vt 0.52827 0.15816
vt 0.51461 0.20318
vt 0.51000 0.25000
vt 0.51461 0.29682
vt 0.52827 0.34184
vt 0.55045 0.38334
vt 0.58030 0.41971
vt 0.61666 0.44955
vt 0.65816 0.47173
vt 0.70318 0.48539
vt 0.49000 0.00000
vt 0.62500 0.00000
vt 0.62500 0.25000
vt 0.49000 0.25000
vt 0.62500 0.50000
vt 0.49000 0.50000
vt 0.62500 0.75000
vt 0.49000 0.75000
vt 0.62500 1.00000
vt 0.49000 1.00000
vt 0.12500 0.50000
vt 0.37500 0.50000
vt 0.37500 0.75000
vt 0.12500 0.75000
vt 0.87500 0.50000
vt 0.87500 0.75000
vt 0.42241 0.75000
vt 0.42241 1.00000
vt 0.49000 0.75000
vt 0.42241 0.75000
vt 0.42241 0.75000
vt 0.49000 0.75000
vt 0.42241 0.25000
vt 0.42241 0.50000
vt 0.42241 0.00000
vt 0.37500 0.00000
vt 0.37500 0.25000
vt 0.37500 1.00000
vt 0.42241 0.50000
vt 0.49000 0.50000
vt 0.42241 0.50000
vt 0.49000 0.50000
vt 0.49000 0.50000
vt 0.49000 0.50000
vt 0.49000 0.75000
vt 0.49000 0.75000
vt 1.00000 0.50000
vt 1.00000 1.00000
vt 0.96875 1.00000
vt 0.96875 0.50000
vt 0.93750 1.00000
vt 0.93750 0.50000
vt 0.90625 1.00000
vt 0.90625 0.50000
vt 0.87500 1.00000
vt 0.87500 0.50000
vt 0.84375 1.00000
vt 0.84375 0.50000
vt 0.81250 1.00000
vt 0.81250 0.50000
vt 0.78125 1.00000
vt 0.78125 0.50000
vt 0.75000 1.00000
vt 0.75000 0.50000
vt 0.71875 1.00000
vt 0.71875 0.50000
vt 0.68750 1.00000
vt 0.68750 0.50000
vt 0.65625 1.00000
vt 0.65625 0.50000
vt 0.62500 1.00000
vt 0.62500 0.50000
vt 0.59375 1.00000
vt 0.59375 0.50000
vt 0.56250 1.00000
vt 0.56250 0.50000
vt 0.53125 1.00000
vt 0.53125 0.50000
vt 0.50000 1.00000
vt 0.50000 0.50000
vt 0.46875 1.00000
vt 0.46875 0.50000
vt 0.43750 1.00000
vt 0.43750 0.50000
vt 0.40625 1.00000
vt 0.40625 0.50000
vt 0.37500 1.00000
vt 0.37500 0.50000
vt 0.34375 1.00000
vt 0.34375 0.50000
vt 0.31250 1.00000
vt 0.31250 0.50000
vt 0.28125 1.00000
vt 0.28125 0.50000
vt 0.25000 1.00000
vt 0.25000 0.50000
vt 0.21875 1.00000
vt 0.21875 0.50000
vt 0.18750 1.00000
vt 0.18750 0.50000
vt 0.15625 1.00000
vt 0.15625 0.50000
vt 0.12500 1.00000
vt 0.12500 0.50000
vt 0.09375 1.00000
vt 0.09375 0.50000
vt 0.06250 1.00000
vt 0.06250 0.50000
vt 0.29682 0.48539
vt 0.25000 0.49000
vt 0.20318 0.48539
vt 0.15816 0.47173
vt 0.11666 0.44955
vt 0.08030 0.41971
vt 0.05045 0.38334
vt 0.02827 0.34184
vt 0.01461 0.29682
vt 0.01000 0.25000
vt 0.01461 0.20318
vt 0.02827 0.15816
vt 0.05045 0.11666
vt 0.08029 0.08029
vt 0.11666 0.05045
vt 0.15816 0.02827
vt 0.20318 0.01461
vt 0.25000 0.01000
vt 0.29682 0.01461
vt 0.34184 0.02827
vt 0.38334 0.05045
vt 0.41971 0.08029
vt 0.44955 0.11666
vt 0.47173 0.15816
vt 0.48539 0.20318
vt 0.49000 0.25000
vt 0.48539 0.29682
vt 0.47173 0.34184
vt 0.44955 0.38334
vt 0.41971 0.41971
vt 0.38334 0.44955
vt 0.34184 0.47173
vt 0.03125 1.00000
vt 0.03125 0.50000
vt 0.00000 1.00000
vt 0.00000 0.50000
vt 0.75000 0.49000
vt 0.79682 0.48539
vt 0.84184 0.47173
vt 0.88334 0.44955
vt 0.91971 0.41971
vt 0.94955 0.38334
vt 0.97173 0.34184
vt 0.98539 0.29682
vt 0.99000 0.25000
vt 0.98539 0.20318
vt 0.97173 0.15816
vt 0.94955 0.11666
vt 0.91971 0.08029
vt 0.88334 0.05045
vt 0.84184 0.02827
vt 0.79682 0.01461
vt 0.75000 0.01000
vt 0.70318 0.01461
vt 0.65816 0.02827
vt 0.61666 0.05045
vt 0.58029 0.08029
vt 0.55045 0.11666
vt 0.52827 0.15816
vt 0.51461 0.20318
vt 0.51000 0.25000
vt 0.51461 0.29682
vt 0.52827 0.34184
vt 0.55045 0.38334
vt 0.58030 0.41971
vt 0.61666 0.44955
vt 0.65816 0.47173
vt 0.70318 0.48539
vt 1.00000 0.50000
vt 1.00000 1.00000
vt 0.96875 1.00000
vt 0.96875 0.50000
vt 0.93750 1.00000
vt 0.93750 0.50000
vt 0.90625 1.00000
vt 0.90625 0.50000
vt 0.87500 1.00000
vt 0.87500 0.50000
vt 0.84375 1.00000
vt 0.84375 0.50000
vt 0.81250 1.00000
vt 0.81250 0.50000
vt 0.78125 1.00000
vt 0.78125 0.50000
vt 0.75000 1.00000
vt 0.75000 0.50000
vt 0.71875 1.00000
vt 0.71875 0.50000
vt 0.68750 1.00000
vt 0.68750 0.50000
vt 0.65625 1.00000
vt 0.65625 0.50000
vt 0.62500 1.00000
vt 0.62500 0.50000
vt 0.59375 1.00000
vt 0.59375 0.50000
vt 0.56250 1.00000
vt 0.56250 0.50000
vt 0.53125 1.00000
vt 0.53125 0.50000
vt 0.50000 1.00000
vt 0.50000 0.50000
vt 0.46875 1.00000
vt 0.46875 0.50000
vt 0.43750 1.00000
vt 0.43750 0.50000
vt 0.40625 1.00000
vt 0.40625 0.50000
vt 0.37500 1.00000
vt 0.37500 0.50000
vt 0.34375 1.00000
vt 0.34375 0.50000
vt 0.31250 1.00000
vt 0.31250 0.50000
vt 0.28125 1.00000
vt 0.28125 0.50000
vt 0.25000 1.00000
vt 0.25000 0.50000
vt 0.21875 1.00000
vt 0.21875 0.50000
vt 0.18750 1.00000
vt 0.18750 0.50000
vt 0.15625 1.00000
vt 0.15625 0.50000
vt 0.12500 1.00000
vt 0.12500 0.50000
vt 0.09375 1.00000
vt 0.09375 0.50000
vt 0.06250 1.00000
vt 0.06250 0.50000
vt 0.29682 0.48539
vt 0.25000 0.49000
vt 0.20318 0.48539
vt 0.15816 0.47173
vt 0.11666 0.44955
vt 0.08030 0.41971
vt 0.05045 0.38334
vt 0.02827 0.34184
vt 0.01461 0.29682
vt 0.01000 0.25000
vt 0.01461 0.20318
vt 0.02827 0.15816
vt 0.05045 0.11666
vt 0.08029 0.08029
vt 0.11666 0.05045
vt 0.15816 0.02827
vt 0.20318 0.01461
vt 0.25000 0.01000
vt 0.29682 0.01461
vt 0.34184 0.02827
vt 0.38334 0.05045
vt 0.41971 0.08029
vt 0.44955 0.11666
vt 0.47173 0.15816
vt 0.48539 0.20318
vt 0.49000 0.25000
vt 0.48539 0.29682
vt 0.47173 0.34184
vt 0.44955 0.38334
vt 0.41971 0.41971
vt 0.38334 0.44955
vt 0.34184 0.47173
vt 0.03125 1.00000
vt 0.03125 0.50000
vt 0.00000 1.00000
vt 0.00000 0.50000
vt 0.75000 0.49000
vt 0.79682 0.48539
vt 0.84184 0.47173
vt 0.88334 0.44955
vt 0.91971 0.41971
vt 0.94955 0.38334
vt 0.97173 0.34184
vt 0.98539 0.29682
vt 0.99000 0.25000
vt 0.98539 0.20318
vt 0.97173 0.15816
vt 0.94955 0.11666
vt 0.91971 0.08029
vt 0.88334 0.05045
vt 0.84184 0.02827
vt 0.79682 0.01461
vt 0.75000 0.01000
vt 0.70318 0.01461
vt 0.65816 0.02827
vt 0.61666 0.05045
vt 0.58029 0.08029
vt 0.55045 0.11666
vt 0.52827 0.15816
vt 0.51461 0.20318
vt 0.51000 0.25000
vt 0.51461 0.29682
vt 0.52827 0.34184
vt 0.55045 0.38334
vt 0.58030 0.41971
vt 0.61666 0.44955
vt 0.65816 0.47173
vt 0.70318 0.48539
vt 0.58929 0.00000
vt 0.62500 0.00000
vt 0.62500 0.25000
vt 0.58929 0.25000
vt 0.62500 0.50000
vt 0.58929 0.50000
vt 0.62500 0.75000
vt 0.58929 0.75000
vt 0.62500 1.00000
vt 0.58929 1.00000
vt 0.12500 0.50000
vt 0.37500 0.50000
vt 0.37500 0.75000
vt 0.12500 0.75000
vt 0.87500 0.50000
vt 0.87500 0.75000
vt 0.41071 0.75000
vt 0.41071 1.00000
vt 0.37500 1.00000
vt 0.44643 0.75000
vt 0.44643 1.00000
vt 0.48214 0.75000
vt 0.48214 1.00000
vt 0.51786 0.75000
vt 0.51786 1.00000
vt 0.55357 0.75000
vt 0.55357 1.00000
vt 0.41071 0.50000
vt 0.44643 0.50000
vt 0.48214 0.50000
vt 0.51786 0.50000
vt 0.55357 0.50000
vt 0.37500 0.25000
vt 0.41071 0.25000
vt 0.44643 0.25000
vt 0.48214 0.25000
vt 0.51786 0.25000
vt 0.55357 0.25000
vt 0.37500 0.00000
vt 0.41071 0.00000
vt 0.44643 0.00000
vt 0.48214 0.00000
vt 0.51786 0.00000
vt 0.55357 0.00000
vn -0.9995 -0.0318 -0.0000
vn 0.0000 0.0000 -1.0000
vn 0.0000 0.0000 1.0000
vn 0.0548 -0.9985 0.0000
vn -0.2582 0.9661 0.0000
vn 0.0076 1.0000 0.0000
vn 0.0444 -0.9990 0.0000
vn 0.0496 -0.9988 0.0000
vn -0.7145 0.6996 0.0000
vn -0.9550 0.2967 0.0000
vn -0.0538 0.9986 0.0000
vn 1.0000 -0.0000 0.0000
vn -0.0000 -1.0000 -0.0000
vn 0.0000 1.0000 0.0000
vn -0.0496 0.9988 -0.0000
vn -0.9922 -0.1247 -0.0000
vn 0.6360 -0.7717 0.0000
vn 0.9876 0.1568 0.0000
vn 0.7997 0.6004 0.0000
vn 0.8776 0.4794 0.0000
vn 0.9399 0.3415 0.0000
vn 0.9333 0.3591 0.0000
vn 0.9688 0.2477 0.0000
vn -0.8765 -0.4814 0.0000
vn -0.8414 -0.5405 0.0000
vn -0.9099 -0.4149 -0.0000
vn -0.9185 -0.3955 -0.0000
vn -0.9499 -0.3125 -0.0000
vn -0.9714 -0.2373 -0.0000
vn -1.0000 0.0000 0.0000
vn 0.9994 0.0337 0.0000
vn 0.2616 -0.9652 0.0000
vn -0.0297 0.9996 -0.0000
vn 0.0456 -0.9990 0.0000
vn 0.5557 0.8314 -0.0000
vn -0.2902 0.9570 -0.0000
vn 0.3844 0.9232 -0.0000
vn -0.9972 -0.0745 0.0000
vn -0.0167 -0.9999 0.0000
vn -0.0619 0.9981 0.0000
vn -0.0630 0.9980 0.0000
vn 0.4266 -0.9044 0.0000
vn -0.9643 0.2647 -0.0045
vn -0.9905 0.1052 -0.0882
vn 1.0000 -0.0012 0.0000
vn -0.9135 -0.4067 0.0000
vn -0.9604 0.2636 -0.0900
vn 0.9325 -0.3612 0.0000
vn -0.0608 0.9982 0.0000
vn -0.2910 -0.9567 0.0000
vn 0.9999 -0.0131 0.0000
vn 1.0000 0.0069 0.0000
vn 0.0031 1.0000 0.0000
vn 0.7847 0.6199 0.0000
vn -0.7913 -0.6114 0.0000
vn 0.9814 -0.1918 0.0000
vn 0.0339 -0.9994 0.0000
vn -0.0348 0.9994 0.0000
vn -0.9354 0.3535 0.0000
vn -0.2267 0.9740 0.0000
vn 0.2807 -0.9598 0.0000
vn -0.5276 0.8495 0.0000
vn 0.5830 -0.8125 0.0000
vn -0.0548 0.9985 -0.0000
vn -0.0547 0.9985 0.0000
vn 0.9992 0.0391 -0.0000
vn -0.0549 0.9985 -0.0000
vn 0.1993 -0.9799 0.0000
vn -0.9997 -0.0230 0.0000
vn 0.9989 0.0461 0.0000
vn 0.0727 -0.9974 0.0000
vn 0.3603 -0.9328 0.0000
vn 0.0786 -0.9969 0.0000
vn -0.0000 -0.0980 -0.9952
vn -0.0000 -0.2903 -0.9569
vn 0.0000 -0.4713 -0.8820
vn 0.0000 -0.6344 -0.7730
vn -0.0000 -0.7730 -0.6344
vn -0.0000 -0.8819 -0.4714
vn 0.0000 -0.9569 -0.2903
vn 0.0000 -0.9952 -0.0980
vn 0.0000 -0.9952 0.0980
vn 0.0000 -0.9569 0.2903
vn 0.0000 -0.8819 0.4714
vn 0.0000 -0.7730 0.6344
vn 0.0000 -0.6344 0.7730
vn 0.0000 -0.4713 0.8820
vn 0.0000 -0.2903 0.9569
vn 0.0000 -0.0980 0.9952
vn 0.0000 0.0980 0.9952
vn -0.0000 0.2903 0.9569
vn 0.0000 0.4713 0.8820
vn -0.0000 0.6344 0.7730
vn -0.0000 0.7730 0.6344
vn 0.0000 0.8819 0.4714
vn 0.0000 0.9569 0.2903
vn 0.0000 0.9952 0.0980
vn 0.0000 0.9952 -0.0980
vn 0.0000 0.9569 -0.2903
vn 0.0000 0.8819 -0.4714
vn 0.0000 0.7730 -0.6344
vn -0.0000 0.6344 -0.7730
vn -0.0000 0.4714 -0.8819
vn 0.0000 0.2902 -0.9570
vn 0.0000 0.0980 -0.9952
vn -0.0000 -0.2902 -0.9570
vn -0.0000 -0.4714 -0.8819
vn 0.0000 -0.4714 0.8819
vn 0.0000 -0.2902 0.9570
vn 0.0000 0.2902 0.9570
vn 0.0000 0.4714 0.8819
vn 0.8183 0.5748 0.0000
vn -0.9972 0.0749 0.0000
vn -0.6656 0.7463 0.0000
vn 0.9999 0.0159 0.0000
vn -0.9631 0.2693 0.0000
vn 0.9998 -0.0216 0.0000
vn -0.0000 0.2903 -0.9569
vn -0.0000 -0.0978 -0.9952
vn -0.0000 -0.2904 -0.9569
vn -0.0000 -0.4715 -0.8819
vn 0.0000 -0.7730 -0.6345
vn -0.0000 -0.8819 -0.4715
vn -0.0000 -0.9570 -0.2902
vn 0.0000 -0.9570 0.2902
vn 0.0000 -0.8819 0.4715
vn 0.0000 -0.7730 0.6345
vn 0.0000 -0.4715 0.8819
vn 0.0000 -0.2904 0.9569
vn 0.0000 -0.0978 0.9952
vn 0.0000 0.0978 0.9952
vn -0.0000 0.2904 0.9569
vn 0.0000 0.4715 0.8819
vn 0.0000 0.6345 0.7730
vn 0.0000 0.7730 0.6345
vn 0.0000 0.8819 0.4715
vn 0.0000 0.9570 0.2902
vn 0.0000 0.9570 -0.2902
vn -0.0000 0.8819 -0.4715
vn -0.0000 0.7730 -0.6345
vn -0.0000 0.4715 -0.8818
vn -0.0000 0.2904 -0.9569
vn -0.0000 0.0978 -0.9952
vn -0.0992 0.0000 -0.9951
vn -0.2900 0.0000 -0.9570
vn -0.4706 -0.0000 -0.8823
vn -0.6351 -0.0000 -0.7725
vn -0.7729 0.0000 -0.6345
vn -0.8819 0.0000 -0.4714
vn -0.9570 0.0000 -0.2902
vn -0.9952 0.0000 -0.0982
vn -0.9952 0.0000 0.0983
vn -0.9570 0.0000 0.2899
vn -0.8819 0.0000 0.4714
vn -0.7729 0.0000 0.6345
vn -0.6344 -0.0000 0.7730
vn -0.4715 -0.0000 0.8819
vn -0.2900 0.0000 0.9570
vn -0.0981 0.0000 0.9952
vn 0.0981 0.0000 0.9952
vn 0.2900 0.0000 0.9570
vn 0.4715 0.0000 0.8819
vn 0.6344 0.0000 0.7730
vn 0.7730 0.0000 0.6344
vn 0.8819 0.0000 0.4714
vn 0.9570 0.0000 0.2899
vn 0.9952 0.0000 0.0982
vn 0.9952 0.0000 -0.0981
vn 0.9570 0.0000 -0.2902
vn 0.8819 0.0000 -0.4714
vn 0.7730 0.0000 -0.6344
vn 0.6350 0.0000 -0.7725
vn 0.4707 0.0000 -0.8823
vn 0.2900 0.0000 -0.9570
vn 0.0992 0.0000 -0.9951
vn -0.0981 0.0000 -0.9952
vn -0.4717 -0.0000 -0.8818
vn -0.6345 -0.0000 -0.7729
vn -0.7724 0.0000 -0.6351
vn -0.8823 0.0000 -0.4706
vn -0.9568 0.0000 -0.2907
vn -0.9952 0.0000 0.0982
vn -0.9568 0.0000 0.2907
vn -0.8823 0.0000 0.4706
vn -0.7724 0.0000 0.6351
vn -0.6345 -0.0000 0.7729
vn -0.4717 -0.0000 0.8818
vn 0.4717 0.0000 0.8818
vn 0.8820 0.0000 0.4712
vn 0.9568 0.0000 0.2907
vn 0.9952 0.0000 0.0980
vn 0.9952 0.0000 -0.0980
vn 0.9568 0.0000 -0.2907
vn 0.8823 0.0000 -0.4707
vn 0.7726 0.0000 -0.6349
vn 0.6343 0.0000 -0.7731
vn 0.4717 0.0000 -0.8818
vn 0.0981 0.0000 -0.9952
vn 0.0000 0.0976 -0.9952
vn 0.0000 0.2908 -0.9568
vn 0.0000 0.4713 -0.8820
vn 0.0000 0.6345 -0.7729
vn 0.0000 0.7727 -0.6348
vn 0.0000 0.8821 -0.4712
vn 0.0000 0.9569 -0.2904
vn 0.0000 0.9569 0.2904
vn 0.0000 0.8821 0.4712
vn 0.0000 0.7727 0.6348
vn 0.0000 0.6345 0.7729
vn 0.0000 0.2908 0.9568
vn -0.0000 0.0976 0.9952
vn 0.0000 -0.0975 0.9952
vn 0.0000 -0.2908 0.9568
vn 0.0000 -0.6345 0.7729
vn 0.0000 -0.7727 0.6348
vn 0.0000 -0.8821 0.4712
vn 0.0000 -0.9569 0.2904
vn 0.0000 -0.9569 -0.2904
vn 0.0000 -0.8821 -0.4712
vn 0.0000 -0.7727 -0.6348
vn 0.0000 -0.6345 -0.7729
vn 0.0000 -0.2908 -0.9568
vn 0.0000 -0.0975 -0.9952
vn 0.0975 0.0000 -0.9952
vn 0.2918 0.0000 -0.9565
vn 0.4708 0.0000 -0.8822
vn 0.6337 0.0000 -0.7736
vn 0.7756 -0.0001 -0.6313
vn 0.8805 -0.0000 -0.4740
vn 0.9571 0.0000 -0.2896
vn 0.9951 0.0000 -0.0993
vn 0.9951 0.0000 0.0993
vn 0.9571 0.0000 0.2896
vn 0.8818 0.0000 0.4717
vn 0.7734 0.0000 0.6339
vn 0.6337 0.0000 0.7736
vn 0.4708 0.0000 0.8822
vn 0.2918 0.0000 0.9565
vn 0.0975 0.0000 0.9952
vn -0.0974 0.0000 0.9952
vn -0.2918 0.0000 0.9565
vn -0.4708 0.0000 0.8822
vn -0.6337 0.0000 0.7736
vn -0.7734 0.0000 0.6339
vn -0.8818 0.0000 0.4717
vn -0.9571 0.0000 0.2896
vn -0.9951 0.0000 0.0993
vn -0.9951 0.0000 -0.0993
vn -0.9571 0.0000 -0.2896
vn -0.8818 0.0000 -0.4717
vn -0.7734 0.0000 -0.6339
vn -0.6337 0.0000 -0.7736
vn -0.4708 0.0000 -0.8822
vn -0.2918 0.0000 -0.9565
vn -0.0974 0.0000 -0.9952
vn 0.1027 0.0000 -0.9947
vn 0.2869 0.0000 -0.9580
vn 0.4750 0.0000 -0.8800
vn 0.6304 0.0000 -0.7762
vn 0.7734 0.0000 -0.6339
vn 0.8818 0.0000 -0.4717
vn 0.6304 0.0000 0.7762
vn 0.4750 0.0000 0.8800
vn 0.2869 0.0000 0.9580
vn 0.1027 0.0000 0.9947
vn -0.1027 0.0000 0.9947
vn -0.2873 0.0000 0.9579
vn -0.4750 0.0000 0.8800
vn -0.6304 0.0000 0.7762
vn -0.7727 0.0000 0.6348
vn -0.9567 0.0000 0.2909
vn -0.9952 0.0000 0.0980
vn -0.9952 0.0000 -0.0980
vn -0.9567 0.0000 -0.2909
vn -0.7727 0.0000 -0.6348
vn -0.6304 0.0000 -0.7762
vn -0.4750 0.0000 -0.8800
vn -0.2873 0.0000 -0.9579
vn -0.1027 0.0000 -0.9947
vn -0.9996 -0.0279 0.0000
vn 0.8721 -0.4893 0.0000
vn 0.5854 -0.8108 0.0000
vn -0.0650 0.9979 0.0000
vn 0.4152 0.9097 0.0000
vn 0.8761 0.4822 0.0000
vn 0.9509 0.3095 0.0000
vn 0.9989 0.0475 0.0000
vn 0.8934 -0.4493 0.0000
vn 0.8921 -0.4518 0.0000
vn 0.8908 -0.4544 0.0000
vn -0.4144 -0.9101 0.0000
vn -0.7769 -0.6296 0.0000
vn -0.8604 -0.5097 0.0000
vn -0.9681 -0.2506 0.0000
vn -0.9988 0.0490 0.0000
usemtl Material.006
s 1
f 6109/9693/2386 6086/9694/2386 6088/9695/2386 6110/9696/2386
f 6120/9697/2387 6105/9698/2387 6092/9699/2387 6111/9700/2387
f 6090/9701/2388 6112/9702/2388 6124/9703/2388 6122/9704/2388
f 6116/9705/2388 6098/9706/2388 6086/9707/2388 6109/9708/2388
f 6107/9709/2389 6091/9710/2389 6089/9711/2389 6106/9712/2389
f 6099/9713/2390 6088/9714/2390 6086/9715/2390 6098/9716/2390
f 6101/9717/2391 6094/9718/2391 6096/9719/2391 6104/9720/2391
f 6097/9721/2392 6093/9722/2393 6095/9723/2393 6100/9724/2392
f 6117/9725/2388 6104/9726/2388 6096/9727/2388 6113/9728/2388
f 6115/9729/2387 6099/9730/2387 6094/9731/2387 6114/9732/2387
f 6110/9696/2387 6088/9695/2387 6099/9730/2387 6115/9729/2387
f 6087/9733/2392 6097/9721/2392 6100/9724/2392 6085/9734/2392
f 6094/9718/2394 6099/9713/2394 6098/9716/2394 6096/9719/2394
f 6113/9728/2388 6096/9727/2388 6098/9706/2388 6116/9705/2388
f 6119/9735/2388 6108/9736/2388 6104/9726/2388 6117/9725/2388
f 6105/9737/2395 6101/9717/2395 6104/9720/2395 6108/9738/2395
f 6093/9722/2393 6103/9739/2389 6102/9740/2389 6095/9723/2393
f 6114/9732/2387 6094/9731/2387 6101/9741/2387 6118/9742/2387
f 6092/9699/2396 6105/9737/2396 6108/9738/2396 6090/9701/2396
f 6112/9702/2388 6090/9701/2388 6108/9736/2388 6119/9735/2388
f 6103/9739/2389 6107/9709/2389 6106/9712/2389 6102/9740/2389
f 6118/9742/2387 6101/9741/2387 6105/9698/2387 6120/9697/2387
f 6103/9743/2387 6118/9742/2387 6120/9697/2387 6107/9744/2387
f 6089/9711/2388 6112/9702/2388 6119/9735/2388 6106/9745/2388
f 6093/9746/2387 6114/9732/2387 6118/9742/2387 6103/9743/2387
f 6106/9745/2388 6119/9735/2388 6117/9725/2388 6102/9747/2388
f 6095/9748/2388 6113/9728/2388 6116/9705/2388 6100/9749/2388
f 6087/9750/2387 6110/9696/2387 6115/9729/2387 6097/9751/2387
f 6097/9751/2387 6115/9729/2387 6114/9732/2387 6093/9746/2387
f 6102/9747/2388 6117/9725/2388 6113/9728/2388 6095/9748/2388
f 6100/9749/2388 6116/9705/2388 6109/9708/2388 6085/9752/2388
f 6091/9710/2397 6111/9700/2397 6112/9702/2397 6089/9711/2397
f 6107/9744/2387 6120/9697/2387 6111/9700/2387 6091/9710/2387
f 6085/9753/2386 6109/9693/2386 6110/9696/2386 6087/9750/2386
f 6123/9754/2397 6121/9755/2397 6122/9704/2397 6124/9703/2397
f 6112/9702/2398 6111/9700/2398 6123/9754/2398 6124/9703/2398
f 6092/9699/2399 6090/9701/2399 6122/9704/2399 6121/9755/2399
f 6111/9700/2387 6092/9699/2387 6121/9755/2387 6123/9754/2387
f 6125/9756/2400 6129/9757/2400 6131/9758/2400 6127/9759/2400
f 6145/9760/2388 6127/9761/2388 6131/9762/2388 6144/9763/2388
f 6144/9763/2401 6131/9762/2401 6129/9764/2401 6151/9765/2401
f 6130/9766/2402 6126/9767/2402 6128/9768/2402 6132/9769/2402
f 6133/9770/2403 6125/9771/2403 6127/9772/2403 6145/9773/2403
f 6151/9774/2387 6129/9775/2387 6125/9776/2387 6133/9777/2387
f 6130/9778/2387 6156/9779/2387 6138/9780/2387 6126/9767/2387
f 6156/9779/2387 6155/9781/2387 6137/9782/2387 6138/9780/2387
f 6155/9781/2387 6154/9783/2387 6136/9784/2387 6137/9782/2387
f 6154/9783/2387 6153/9785/2387 6135/9786/2387 6136/9784/2387
f 6153/9785/2387 6152/9787/2387 6134/9788/2387 6135/9786/2387
f 6152/9787/2387 6151/9774/2387 6133/9777/2387 6134/9788/2387
f 6126/9789/2404 6138/9790/2404 6150/9791/2404 6128/9792/2404
f 6138/9790/2405 6137/9793/2405 6149/9794/2405 6150/9791/2405
f 6137/9793/2406 6136/9795/2406 6148/9796/2406 6149/9794/2406
f 6136/9795/2407 6135/9797/2407 6147/9798/2407 6148/9796/2407
f 6135/9797/2407 6134/9799/2407 6146/9800/2407 6147/9798/2407
f 6134/9799/2408 6133/9770/2408 6145/9773/2408 6146/9800/2408
f 6132/9801/2409 6139/9802/2409 6156/9803/2409 6130/9766/2409
f 6139/9802/2410 6140/9804/2410 6155/9805/2410 6156/9803/2410
f 6140/9804/2411 6141/9806/2411 6154/9807/2411 6155/9805/2411
f 6141/9806/2412 6142/9808/2412 6153/9809/2412 6154/9807/2412
f 6142/9808/2413 6143/9810/2413 6152/9811/2413 6153/9809/2413
f 6143/9810/2414 6144/9763/2414 6151/9765/2414 6152/9811/2414
f 6128/9812/2388 6150/9813/2388 6139/9802/2388 6132/9801/2388
f 6150/9813/2388 6149/9814/2388 6140/9804/2388 6139/9802/2388
f 6149/9814/2388 6148/9815/2388 6141/9806/2388 6140/9804/2388
f 6148/9815/2388 6147/9816/2388 6142/9808/2388 6141/9806/2388
f 6147/9816/2388 6146/9817/2388 6143/9810/2388 6142/9808/2388
f 6146/9817/2388 6145/9760/2388 6144/9763/2388 6143/9810/2388
f 6157/9818/2415 6158/9819/2415 6160/9820/2415 6159/9821/2415
f 6179/9822/2387 6177/9823/2387 6164/9824/2387 6163/9825/2387
f 6163/9825/2416 6164/9824/2416 6162/9826/2416 6161/9827/2416
f 6167/9828/2388 6168/9829/2388 6158/9830/2388 6157/9831/2388
f 6179/9832/2417 6163/9825/2417 6161/9827/2417 6178/9833/2417
f 6166/9834/2418 6160/9835/2418 6158/9836/2418 6168/9837/2418
f 6169/9838/2418 6166/9834/2418 6168/9837/2418 6172/9839/2418
f 6159/9840/2419 6165/9841/2419 6167/9842/2419 6157/9843/2419
f 6170/9844/2388 6172/9845/2388 6168/9829/2388 6167/9828/2388
f 6159/9821/2387 6160/9820/2387 6166/9846/2387 6165/9847/2387
f 6184/9848/2388 6182/9849/2388 6172/9845/2388 6170/9844/2388
f 6183/9850/2420 6169/9838/2420 6172/9839/2420 6182/9851/2420
f 6165/9841/2417 6171/9852/2417 6170/9853/2417 6167/9842/2417
f 6165/9847/2387 6166/9846/2387 6169/9854/2387 6171/9855/2387
f 6177/9856/2421 6173/9857/2421 6176/9858/2421 6180/9859/2421
f 6178/9860/2388 6180/9861/2388 6176/9862/2388 6174/9863/2388
f 6181/9864/2417 6175/9865/2417 6174/9866/2417 6184/9867/2417
f 6181/9868/2387 6183/9869/2387 6173/9870/2387 6175/9871/2387
f 6161/9827/2388 6162/9826/2388 6180/9861/2388 6178/9860/2388
f 6164/9824/2418 6177/9856/2418 6180/9859/2418 6162/9826/2418
f 6175/9865/2417 6179/9832/2417 6178/9833/2417 6174/9866/2417
f 6175/9871/2387 6173/9870/2387 6177/9823/2387 6179/9822/2387
f 6171/9855/2387 6169/9854/2387 6183/9869/2387 6181/9868/2387
f 6171/9852/2417 6181/9864/2417 6184/9867/2417 6170/9853/2417
f 6173/9857/2422 6183/9850/2422 6182/9851/2422 6176/9858/2422
f 6174/9863/2388 6176/9862/2388 6182/9849/2388 6184/9848/2388
f 6201/9872/2423 6186/9873/2423 6188/9874/2423 6202/9875/2423
f 6218/9876/2387 6210/9877/2387 6192/9878/2387 6203/9879/2387
f 6195/9880/2387 6203/9879/2387 6223/9881/2387 6224/9882/2387
f 6217/9883/2388 6212/9884/2388 6186/9885/2388 6201/9886/2388
f 6209/9887/2424 6191/9888/2424 6189/9889/2424 6211/9890/2424
f 6210/9891/2425 6188/9892/2426 6186/9893/2426 6212/9894/2425
f 6220/9895/2388 6213/9896/2388 6193/9897/2388 6205/9898/2388
f 6207/9899/2427 6195/9880/2427 6196/9900/2427 6208/9901/2427
f 6219/9902/2387 6214/9903/2387 6195/9880/2387 6207/9899/2387
f 6205/9904/2428 6193/9905/2428 6194/9906/2428 6206/9907/2428
f 6185/9908/2429 6200/9909/2429 6197/9910/2429 6187/9911/2429
f 6209/9912/2387 6215/9913/2387 6198/9914/2387 6191/9888/2387
f 6191/9888/2430 6198/9914/2430 6199/9915/2430 6189/9889/2430
f 6211/9916/2388 6216/9917/2388 6200/9918/2388 6185/9919/2388
f 6213/9896/2388 6217/9883/2388 6201/9886/2388 6193/9897/2388
f 6190/9920/2388 6204/9921/2388 6225/9922/2388 6222/9923/2388
f 6214/9903/2387 6218/9876/2387 6203/9879/2387 6195/9880/2387
f 6193/9905/2431 6201/9872/2431 6202/9875/2431 6194/9906/2431
f 6200/9909/2432 6205/9904/2432 6206/9907/2432 6197/9910/2432
f 6215/9913/2387 6219/9902/2387 6207/9899/2387 6198/9914/2387
f 6198/9914/2433 6207/9899/2433 6208/9901/2433 6199/9915/2433
f 6216/9917/2388 6220/9895/2388 6205/9898/2388 6200/9918/2388
f 6199/9915/2388 6208/9901/2388 6220/9895/2388 6216/9917/2388
f 6197/9910/2387 6206/9907/2387 6219/9902/2387 6215/9913/2387
f 6194/9906/2387 6202/9875/2387 6218/9876/2387 6214/9903/2387
f 6196/9900/2388 6204/9921/2388 6217/9883/2388 6213/9896/2388
f 6189/9889/2388 6199/9915/2388 6216/9917/2388 6211/9916/2388
f 6187/9911/2387 6197/9910/2387 6215/9913/2387 6209/9912/2387
f 6206/9907/2387 6194/9906/2387 6214/9903/2387 6219/9902/2387
f 6208/9901/2388 6196/9900/2388 6213/9896/2388 6220/9895/2388
f 6192/9878/2434 6210/9891/2425 6212/9894/2425 6190/9920/2434
f 6187/9924/2435 6209/9887/2435 6211/9890/2435 6185/9925/2435
f 6204/9921/2388 6190/9920/2388 6212/9884/2388 6217/9883/2388
f 6202/9875/2387 6188/9874/2387 6210/9877/2387 6218/9876/2387
f 6223/9881/2436 6221/9926/2436 6222/9923/2436 6225/9922/2436
f 6224/9882/2437 6223/9881/2437 6225/9922/2437 6226/9927/2437
f 6203/9879/2387 6192/9878/2387 6221/9926/2387 6223/9881/2387
f 6192/9878/2438 6190/9920/2438 6222/9923/2438 6221/9926/2438
f 6195/9880/2387 6224/9882/2387 6229/9928/2387 6227/9929/2387
f 6204/9921/2388 6196/9900/2388 6226/9927/2388 6225/9922/2388
f 6227/9929/2387 6229/9928/2387 6233/9930/2387 6231/9931/2387
f 6224/9882/2439 6226/9927/2439 6230/9932/2439 6229/9928/2439
f 6196/9900/2440 6195/9880/2440 6227/9929/2440 6228/9933/2440
f 6226/9927/2388 6196/9900/2388 6228/9933/2388 6230/9932/2388
f 6244/9934/2441 6243/9935/2441 6235/9936/2441 6236/9937/2441
f 6228/9933/2442 6227/9929/2442 6231/9931/2442 6232/9938/2442
f 6230/9932/2388 6228/9933/2388 6232/9938/2388 6234/9939/2388
f 6229/9928/2443 6230/9932/2443 6234/9939/2443 6233/9930/2443
f 6238/9940/2388 6236/9937/2388 6248/9941/2388 6250/9942/2388
f 6245/9943/2388 6244/9934/2388 6236/9937/2388 6238/9940/2388
f 6246/9944/2444 6245/9943/2444 6238/9940/2444 6237/9945/2444
f 6243/9935/2387 6246/9944/2387 6237/9945/2387 6235/9936/2387
f 6231/9931/2387 6233/9930/2387 6242/9946/2387 6239/9947/2387
f 6233/9930/2445 6234/9939/2445 6241/9948/2445 6242/9946/2445
f 6234/9939/2388 6232/9938/2388 6240/9949/2388 6241/9948/2388
f 6232/9938/2446 6231/9931/2446 6239/9947/2446 6240/9949/2446
f 6239/9947/2387 6242/9946/2387 6246/9944/2387 6243/9935/2387
f 6242/9946/2447 6241/9948/2447 6245/9943/2447 6246/9944/2447
f 6241/9948/2388 6240/9949/2388 6244/9934/2388 6245/9943/2388
f 6240/9949/2448 6239/9947/2448 6243/9935/2448 6244/9934/2448
f 6248/9941/2449 6247/9950/2449 6249/9951/2450 6250/9942/2450
f 6237/9945/2415 6238/9940/2415 6250/9942/2415 6249/9951/2415
f 6235/9936/2387 6237/9945/2387 6249/9951/2387 6247/9950/2387
f 6261/9952/2388 6259/9953/2388 6252/9954/2388 6254/9955/2388
f 6252/9954/2451 6251/9956/2451 6253/9957/2451 6254/9955/2451
f 6262/9958/2452 6261/9952/2452 6254/9955/2452 6253/9957/2452
f 6259/9953/2453 6260/9959/2453 6251/9956/2453 6252/9954/2453
f 6260/9959/2387 6262/9958/2387 6253/9957/2387 6251/9956/2387
f 6235/9936/2387 6247/9950/2387 6257/9960/2387 6258/9961/2387
f 6236/9937/2453 6235/9936/2453 6258/9961/2453 6255/9962/2453
f 6247/9950/2449 6248/9941/2449 6256/9963/2452 6257/9960/2452
f 6248/9941/2388 6236/9937/2388 6255/9962/2388 6256/9963/2388
f 6258/9961/2387 6257/9960/2387 6262/9958/2387 6260/9959/2387
f 6255/9962/2415 6258/9961/2415 6263/9964/2415 6264/9965/2415
f 6257/9960/2452 6256/9963/2452 6261/9952/2452 6262/9958/2452
f 6256/9963/2388 6255/9962/2388 6259/9953/2388 6261/9952/2388
f 6264/9965/2453 6263/9964/2453 6266/9966/2453 6265/9967/2453
f 6259/9953/2388 6255/9962/2388 6264/9965/2388 6265/9967/2388
f 6260/9959/2397 6259/9953/2397 6265/9967/2397 6266/9966/2397
f 6258/9961/2387 6260/9959/2387 6266/9966/2387 6263/9964/2387
f 6267/9968/2454 6268/9969/2454 6270/9970/2454 6269/9971/2454
f 6269/9971/2387 6270/9970/2387 6274/9972/2387 6273/9973/2387
f 6273/9973/2455 6274/9972/2455 6272/9974/2455 6271/9975/2455
f 6271/9975/2388 6272/9974/2388 6268/9976/2388 6267/9977/2388
f 6269/9978/2398 6273/9973/2398 6271/9975/2398 6267/9979/2398
f 6274/9972/2399 6270/9980/2399 6268/9981/2399 6272/9974/2399
f 6275/9982/2415 6276/9983/2415 6278/9984/2415 6277/9985/2415
f 6293/9986/2387 6291/9987/2387 6282/9988/2387 6281/9989/2387
f 6281/9989/2397 6282/9988/2397 6280/9990/2397 6279/9991/2397
f 6285/9992/2388 6286/9993/2388 6276/9994/2388 6275/9995/2388
f 6293/9996/2398 6281/9989/2398 6279/9991/2398 6292/9997/2398
f 6284/9998/2399 6278/9999/2399 6276/10000/2399 6286/10001/2399
f 6287/10002/2399 6284/9998/2399 6286/10001/2399 6290/10003/2399
f 6277/10004/2456 6283/10005/2456 6285/10006/2456 6275/10007/2456
f 6288/10008/2388 6290/10009/2388 6286/9993/2388 6285/9992/2388
f 6277/9985/2387 6278/9984/2387 6284/10010/2387 6283/10011/2387
f 6292/10012/2388 6294/10013/2388 6290/10009/2388 6288/10008/2388
f 6291/10014/2399 6287/10002/2399 6290/10003/2399 6294/10015/2399
f 6283/10005/2457 6289/10016/2457 6288/10017/2457 6285/10006/2457
f 6283/10011/2387 6284/10010/2387 6287/10018/2387 6289/10019/2387
f 6282/9988/2399 6291/10014/2399 6294/10015/2399 6280/9990/2399
f 6279/9991/2388 6280/9990/2388 6294/10013/2388 6292/10012/2388
f 6289/10016/2458 6293/9996/2458 6292/9997/2458 6288/10017/2458
f 6289/10019/2387 6287/10018/2387 6291/9987/2387 6293/9986/2387
f 6295/10020/2459 6296/10021/2459 6298/10022/2459 6297/10023/2459
f 6297/10023/2460 6298/10022/2460 6300/10024/2460 6299/10025/2460
f 6299/10025/2461 6300/10024/2461 6302/10026/2461 6301/10027/2461
f 6301/10027/2462 6302/10026/2462 6304/10028/2462 6303/10029/2462
f 6303/10029/2463 6304/10028/2463 6306/10030/2463 6305/10031/2463
f 6305/10031/2464 6306/10030/2464 6308/10032/2464 6307/10033/2464
f 6307/10033/2465 6308/10032/2465 6310/10034/2465 6309/10035/2465
f 6309/10035/2466 6310/10034/2466 6312/10036/2466 6311/10037/2466
f 6311/10037/2467 6312/10036/2467 6314/10038/2467 6313/10039/2467
f 6313/10039/2468 6314/10038/2468 6316/10040/2468 6315/10041/2468
f 6315/10041/2469 6316/10040/2469 6318/10042/2469 6317/10043/2469
f 6317/10043/2470 6318/10042/2470 6320/10044/2470 6319/10045/2470
f 6319/10045/2471 6320/10044/2471 6322/10046/2471 6321/10047/2471
f 6321/10047/2472 6322/10046/2472 6324/10048/2472 6323/10049/2472
f 6323/10049/2473 6324/10048/2473 6326/10050/2473 6325/10051/2473
f 6325/10051/2474 6326/10050/2474 6328/10052/2474 6327/10053/2474
f 6327/10053/2475 6328/10052/2475 6330/10054/2475 6329/10055/2475
f 6329/10055/2476 6330/10054/2476 6332/10056/2476 6331/10057/2476
f 6331/10057/2477 6332/10056/2477 6334/10058/2477 6333/10059/2477
f 6333/10059/2478 6334/10058/2478 6336/10060/2478 6335/10061/2478
f 6335/10061/2479 6336/10060/2479 6338/10062/2479 6337/10063/2479
f 6337/10063/2480 6338/10062/2480 6340/10064/2480 6339/10065/2480
f 6339/10065/2481 6340/10064/2481 6342/10066/2481 6341/10067/2481
f 6341/10067/2482 6342/10066/2482 6344/10068/2482 6343/10069/2482
f 6343/10069/2483 6344/10068/2483 6346/10070/2483 6345/10071/2483
f 6345/10071/2484 6346/10070/2484 6348/10072/2484 6347/10073/2484
f 6347/10073/2485 6348/10072/2485 6350/10074/2485 6349/10075/2485
f 6349/10075/2486 6350/10074/2486 6352/10076/2486 6351/10077/2486
f 6351/10077/2487 6352/10076/2487 6354/10078/2487 6353/10079/2487
f 6353/10079/2488 6354/10078/2488 6356/10080/2488 6355/10081/2488
f 6298/10082/2397 6296/10083/2397 6358/10084/2397 6356/10085/2397 6354/10086/2397 6352/10087/2397 6350/10088/2397 6348/10089/2397 6346/10090/2397 6344/10091/2397 6342/10092/2397 6340/10093/2397 6338/10094/2397 6336/10095/2397 6334/10096/2397 6332/10097/2397 6330/10098/2397 6328/10099/2397 6326/10100/2397 6324/10101/2397 6322/10102/2397 6320/10103/2397 6318/10104/2397 6316/10105/2397 6314/10106/2397 6312/10107/2397 6310/10108/2397 6308/10109/2397 6306/10110/2397 6304/10111/2397 6302/10112/2397 6300/10113/2397
f 6355/10081/2489 6356/10080/2489 6358/10114/2489 6357/10115/2489
f 6357/10115/2490 6358/10114/2490 6296/10116/2490 6295/10117/2490
f 6295/10118/2415 6297/10119/2415 6299/10120/2415 6301/10121/2415 6303/10122/2415 6305/10123/2415 6307/10124/2415 6309/10125/2415 6311/10126/2415 6313/10127/2415 6315/10128/2415 6317/10129/2415 6319/10130/2415 6321/10131/2415 6323/10132/2415 6325/10133/2415 6327/10134/2415 6329/10135/2415 6331/10136/2415 6333/10137/2415 6335/10138/2415 6337/10139/2415 6339/10140/2415 6341/10141/2415 6343/10142/2415 6345/10143/2415 6347/10144/2415 6349/10145/2415 6351/10146/2415 6353/10147/2415 6355/10148/2415 6357/10149/2415
f 6359/10150/2459 6360/10151/2459 6362/10152/2459 6361/10153/2459
f 6361/10153/2491 6362/10152/2491 6364/10154/2491 6363/10155/2491
f 6363/10155/2492 6364/10154/2492 6366/10156/2492 6365/10157/2492
f 6365/10157/2462 6366/10156/2462 6368/10158/2462 6367/10159/2462
f 6367/10159/2463 6368/10158/2463 6370/10160/2463 6369/10161/2463
f 6369/10161/2464 6370/10160/2464 6372/10162/2464 6371/10163/2464
f 6371/10163/2465 6372/10162/2465 6374/10164/2465 6373/10165/2465
f 6373/10165/2466 6374/10164/2466 6376/10166/2466 6375/10167/2466
f 6375/10167/2467 6376/10166/2467 6378/10168/2467 6377/10169/2467
f 6377/10169/2468 6378/10168/2468 6380/10170/2468 6379/10171/2468
f 6379/10171/2469 6380/10170/2469 6382/10172/2469 6381/10173/2469
f 6381/10173/2470 6382/10172/2470 6384/10174/2470 6383/10175/2470
f 6383/10175/2471 6384/10174/2471 6386/10176/2471 6385/10177/2471
f 6385/10177/2493 6386/10176/2493 6388/10178/2493 6387/10179/2493
f 6387/10179/2494 6388/10178/2494 6390/10180/2494 6389/10181/2494
f 6389/10181/2474 6390/10180/2474 6392/10182/2474 6391/10183/2474
f 6391/10183/2475 6392/10182/2475 6394/10184/2475 6393/10185/2475
f 6393/10185/2495 6394/10184/2495 6396/10186/2495 6395/10187/2495
f 6395/10187/2496 6396/10186/2496 6398/10188/2496 6397/10189/2496
f 6397/10189/2478 6398/10188/2478 6400/10190/2478 6399/10191/2478
f 6399/10191/2479 6400/10190/2479 6402/10192/2479 6401/10193/2479
f 6401/10193/2480 6402/10192/2480 6404/10194/2480 6403/10195/2480
f 6403/10195/2481 6404/10194/2481 6406/10196/2481 6405/10197/2481
f 6405/10197/2482 6406/10196/2482 6408/10198/2482 6407/10199/2482
f 6407/10199/2483 6408/10198/2483 6410/10200/2483 6409/10201/2483
f 6409/10201/2484 6410/10200/2484 6412/10202/2484 6411/10203/2484
f 6411/10203/2485 6412/10202/2485 6414/10204/2485 6413/10205/2485
f 6413/10205/2486 6414/10204/2486 6416/10206/2486 6415/10207/2486
f 6415/10207/2487 6416/10206/2487 6418/10208/2487 6417/10209/2487
f 6417/10209/2488 6418/10208/2488 6420/10210/2488 6419/10211/2488
f 6362/10212/2397 6360/10213/2397 6422/10214/2397 6420/10215/2397 6418/10216/2397 6416/10217/2397 6414/10218/2397 6412/10219/2397 6410/10220/2397 6408/10221/2397 6406/10222/2397 6404/10223/2397 6402/10224/2397 6400/10225/2397 6398/10226/2397 6396/10227/2397 6394/10228/2397 6392/10229/2397 6390/10230/2397 6388/10231/2397 6386/10232/2397 6384/10233/2397 6382/10234/2397 6380/10235/2397 6378/10236/2397 6376/10237/2397 6374/10238/2397 6372/10239/2397 6370/10240/2397 6368/10241/2397 6366/10242/2397 6364/10243/2397
f 6419/10211/2489 6420/10210/2489 6422/10244/2489 6421/10245/2489
f 6421/10245/2490 6422/10244/2490 6360/10246/2490 6359/10247/2490
f 6359/10248/2415 6361/10249/2415 6363/10250/2415 6365/10251/2415 6367/10252/2415 6369/10253/2415 6371/10254/2415 6373/10255/2415 6375/10256/2415 6377/10257/2415 6379/10258/2415 6381/10259/2415 6383/10260/2415 6385/10261/2415 6387/10262/2415 6389/10263/2415 6391/10264/2415 6393/10265/2415 6395/10266/2415 6397/10267/2415 6399/10268/2415 6401/10269/2415 6403/10270/2415 6405/10271/2415 6407/10272/2415 6409/10273/2415 6411/10274/2415 6413/10275/2415 6415/10276/2415 6417/10277/2415 6419/10278/2415 6421/10279/2415
f 6423/10280/2415 6424/10281/2415 6426/10282/2415 6425/10283/2415
f 6425/10283/2387 6426/10282/2387 6430/10284/2387 6429/10285/2387
f 6429/10285/2497 6430/10284/2497 6428/10286/2497 6427/10287/2497
f 6427/10287/2388 6428/10286/2388 6424/10288/2388 6423/10289/2388
f 6425/10290/2398 6429/10285/2398 6427/10287/2398 6423/10291/2398
f 6430/10284/2399 6426/10292/2399 6424/10293/2399 6428/10286/2399
f 6443/10294/2498 6432/10295/2498 6434/10296/2498 6444/10297/2498
f 6444/10297/2387 6434/10296/2387 6438/10298/2387 6445/10299/2387
f 6452/10300/2387 6451/10301/2387 6447/10302/2387 6449/10303/2387
f 6446/10304/2388 6436/10305/2388 6432/10306/2388 6443/10307/2388
f 6433/10308/2398 6437/10309/2398 6435/10310/2398 6431/10311/2398
f 6438/10298/2499 6434/10312/2499 6432/10313/2499 6436/10305/2499
f 6435/10310/2388 6442/10314/2388 6439/10315/2388 6431/10316/2388
f 6437/10309/2500 6441/10317/2500 6442/10314/2500 6435/10310/2500
f 6433/10318/2387 6440/10319/2387 6441/10317/2387 6437/10309/2387
f 6431/10320/2501 6439/10321/2501 6440/10319/2501 6433/10318/2501
f 6442/10314/2388 6446/10304/2388 6443/10307/2388 6439/10315/2388
f 6441/10317/2502 6445/10299/2502 6446/10304/2502 6442/10314/2502
f 6440/10319/2387 6444/10297/2387 6445/10299/2387 6441/10317/2387
f 6439/10321/2498 6443/10294/2498 6444/10297/2498 6440/10319/2498
f 6449/10303/2502 6447/10302/2502 6448/10322/2502 6450/10323/2502
f 6481/10324/2397 6479/10325/2397 6456/10326/2397 6455/10327/2397
f 6454/10328/2388 6453/10329/2388 6450/10323/2388 6448/10322/2388
f 6451/10301/2399 6454/10328/2399 6448/10322/2399 6447/10302/2399
f 6438/10298/2399 6436/10305/2399 6454/10328/2399 6451/10301/2399
f 6436/10305/2388 6446/10304/2388 6453/10329/2388 6454/10328/2388
f 6446/10304/2398 6445/10299/2398 6452/10300/2398 6453/10329/2398
f 6445/10299/2387 6438/10298/2387 6451/10301/2387 6452/10300/2387
f 6458/10330/2398 6457/10331/2398 6455/10327/2398 6456/10326/2398
f 6474/10332/2399 6472/10333/2399 6477/10334/2399 6478/10335/2399
f 6479/10325/2388 6482/10336/2388 6458/10330/2388 6456/10326/2388
f 6480/10337/2387 6481/10324/2387 6455/10327/2387 6457/10331/2387
f 6452/10300/2387 6449/10303/2387 6460/10338/2387 6461/10339/2387
f 6450/10323/2388 6453/10329/2388 6462/10340/2388 6459/10341/2388
f 6453/10329/2415 6452/10300/2415 6461/10339/2415 6462/10340/2415
f 6449/10303/2397 6450/10323/2397 6459/10341/2397 6460/10338/2397
f 6461/10339/2387 6460/10338/2387 6465/10342/2387 6464/10343/2387
f 6459/10341/2388 6462/10340/2388 6466/10344/2388 6463/10345/2388
f 6466/10344/2388 6462/10340/2388 6468/10346/2388 6467/10347/2388
f 6460/10338/2397 6459/10341/2397 6463/10345/2397 6465/10342/2397
f 6468/10346/2415 6469/10348/2415 6470/10349/2415 6467/10347/2415
f 6464/10343/2398 6466/10344/2398 6467/10347/2398 6470/10349/2398
f 6462/10340/2399 6461/10339/2399 6469/10348/2399 6468/10346/2399
f 6461/10339/2387 6464/10343/2387 6470/10349/2387 6469/10348/2387
f 6464/10343/2387 6465/10342/2387 6473/10350/2387 6472/10333/2387
f 6463/10345/2388 6466/10344/2388 6474/10332/2388 6471/10351/2388
f 6466/10344/2415 6464/10343/2415 6472/10333/2415 6474/10332/2415
f 6465/10342/2397 6463/10345/2397 6471/10351/2397 6473/10350/2397
f 6484/10352/2415 6483/10353/2415 6475/10354/2415 6476/10355/2415
f 6457/10331/2398 6458/10330/2398 6476/10355/2398 6475/10354/2398
f 6480/10337/2387 6457/10331/2387 6475/10354/2387 6483/10353/2387
f 6482/10336/2388 6474/10332/2388 6478/10335/2388 6484/10352/2388
f 6458/10330/2388 6482/10336/2388 6484/10352/2388 6476/10355/2388
f 6472/10333/2387 6480/10337/2387 6483/10353/2387 6477/10334/2387
f 6478/10335/2415 6477/10334/2415 6483/10353/2415 6484/10352/2415
f 6472/10333/2387 6473/10350/2387 6481/10324/2387 6480/10337/2387
f 6471/10351/2388 6474/10332/2388 6482/10336/2388 6479/10325/2388
f 6473/10350/2397 6471/10351/2397 6479/10325/2397 6481/10324/2397
f 6485/10356/2459 6486/10357/2459 6488/10358/2459 6487/10359/2459
f 6487/10359/2460 6488/10358/2460 6490/10360/2460 6489/10361/2460
f 6489/10361/2492 6490/10360/2492 6492/10362/2492 6491/10363/2492
f 6491/10363/2462 6492/10362/2462 6494/10364/2462 6493/10365/2462
f 6493/10365/2463 6494/10364/2463 6496/10366/2463 6495/10367/2463
f 6495/10367/2464 6496/10366/2464 6498/10368/2464 6497/10369/2464
f 6497/10369/2465 6498/10368/2465 6500/10370/2465 6499/10371/2465
f 6499/10371/2466 6500/10370/2466 6502/10372/2466 6501/10373/2466
f 6501/10373/2467 6502/10372/2467 6504/10374/2467 6503/10375/2467
f 6503/10375/2468 6504/10374/2468 6506/10376/2468 6505/10377/2468
f 6505/10377/2469 6506/10376/2469 6508/10378/2469 6507/10379/2469
f 6507/10379/2470 6508/10378/2470 6510/10380/2470 6509/10381/2470
f 6509/10381/2471 6510/10380/2471 6512/10382/2471 6511/10383/2471
f 6511/10383/2493 6512/10382/2493 6514/10384/2493 6513/10385/2493
f 6513/10385/2473 6514/10384/2473 6516/10386/2473 6515/10387/2473
f 6515/10387/2474 6516/10386/2474 6518/10388/2474 6517/10389/2474
f 6517/10389/2475 6518/10388/2475 6520/10390/2475 6519/10391/2475
f 6519/10391/2476 6520/10390/2476 6522/10392/2476 6521/10393/2476
f 6521/10393/2496 6522/10392/2496 6524/10394/2496 6523/10395/2496
f 6523/10395/2478 6524/10394/2478 6526/10396/2478 6525/10397/2478
f 6525/10397/2479 6526/10396/2479 6528/10398/2479 6527/10399/2479
f 6527/10399/2480 6528/10398/2480 6530/10400/2480 6529/10401/2480
f 6529/10401/2481 6530/10400/2481 6532/10402/2481 6531/10403/2481
f 6531/10403/2482 6532/10402/2482 6534/10404/2482 6533/10405/2482
f 6533/10405/2483 6534/10404/2483 6536/10406/2483 6535/10407/2483
f 6535/10407/2484 6536/10406/2484 6538/10408/2484 6537/10409/2484
f 6537/10409/2485 6538/10408/2485 6540/10410/2485 6539/10411/2485
f 6539/10411/2486 6540/10410/2486 6542/10412/2486 6541/10413/2486
f 6541/10413/2487 6542/10412/2487 6544/10414/2487 6543/10415/2487
f 6543/10415/2488 6544/10414/2488 6546/10416/2488 6545/10417/2488
f 6488/10418/2397 6486/10419/2397 6548/10420/2397 6546/10421/2397 6544/10422/2397 6542/10423/2397 6540/10424/2397 6538/10425/2397 6536/10426/2397 6534/10427/2397 6532/10428/2397 6530/10429/2397 6528/10430/2397 6526/10431/2397 6524/10432/2397 6522/10433/2397 6520/10434/2397 6518/10435/2397 6516/10436/2397 6514/10437/2397 6512/10438/2397 6510/10439/2397 6508/10440/2397 6506/10441/2397 6504/10442/2397 6502/10443/2397 6500/10444/2397 6498/10445/2397 6496/10446/2397 6494/10447/2397 6492/10448/2397 6490/10449/2397
f 6545/10417/2503 6546/10416/2503 6548/10450/2503 6547/10451/2503
f 6547/10451/2490 6548/10450/2490 6486/10452/2490 6485/10453/2490
f 6485/10454/2415 6487/10455/2415 6489/10456/2415 6491/10457/2415 6493/10458/2415 6495/10459/2415 6497/10460/2415 6499/10461/2415 6501/10462/2415 6503/10463/2415 6505/10464/2415 6507/10465/2415 6509/10466/2415 6511/10467/2415 6513/10468/2415 6515/10469/2415 6517/10470/2415 6519/10471/2415 6521/10472/2415 6523/10473/2415 6525/10474/2415 6527/10475/2415 6529/10476/2415 6531/10477/2415 6533/10478/2415 6535/10479/2415 6537/10480/2415 6539/10481/2415 6541/10482/2415 6543/10483/2415 6545/10484/2415 6547/10485/2415
f 6549/10486/2504 6550/10487/2504 6552/10488/2504 6551/10489/2504
f 6551/10489/2505 6552/10488/2505 6554/10490/2505 6553/10491/2505
f 6553/10491/2506 6554/10490/2506 6556/10492/2506 6555/10493/2506
f 6555/10493/2462 6556/10492/2462 6558/10494/2462 6557/10495/2462
f 6557/10495/2507 6558/10494/2507 6560/10496/2507 6559/10497/2507
f 6559/10497/2508 6560/10496/2508 6562/10498/2508 6561/10499/2508
f 6561/10499/2509 6562/10498/2509 6564/10500/2509 6563/10501/2509
f 6563/10501/2466 6564/10500/2466 6566/10502/2466 6565/10503/2466
f 6565/10503/2467 6566/10502/2467 6568/10504/2467 6567/10505/2467
f 6567/10505/2510 6568/10504/2510 6570/10506/2510 6569/10507/2510
f 6569/10507/2511 6570/10506/2511 6572/10508/2511 6571/10509/2511
f 6571/10509/2512 6572/10508/2512 6574/10510/2512 6573/10511/2512
f 6573/10511/2471 6574/10510/2471 6576/10512/2471 6575/10513/2471
f 6575/10513/2513 6576/10512/2513 6578/10514/2513 6577/10515/2513
f 6577/10515/2514 6578/10514/2514 6580/10516/2514 6579/10517/2514
f 6579/10517/2515 6580/10516/2515 6582/10518/2515 6581/10519/2515
f 6581/10519/2516 6582/10518/2516 6584/10520/2516 6583/10521/2516
f 6583/10521/2517 6584/10520/2517 6586/10522/2517 6585/10523/2517
f 6585/10523/2518 6586/10522/2518 6588/10524/2518 6587/10525/2518
f 6587/10525/2519 6588/10524/2519 6590/10526/2519 6589/10527/2519
f 6589/10527/2520 6590/10526/2520 6592/10528/2520 6591/10529/2520
f 6591/10529/2521 6592/10528/2521 6594/10530/2521 6593/10531/2521
f 6593/10531/2522 6594/10530/2522 6596/10532/2522 6595/10533/2522
f 6595/10533/2482 6596/10532/2482 6598/10534/2482 6597/10535/2482
f 6597/10535/2483 6598/10534/2483 6600/10536/2483 6599/10537/2483
f 6599/10537/2523 6600/10536/2523 6602/10538/2523 6601/10539/2523
f 6601/10539/2524 6602/10538/2524 6604/10540/2524 6603/10541/2524
f 6603/10541/2525 6604/10540/2525 6606/10542/2525 6605/10543/2525
f 6605/10543/2487 6606/10542/2487 6608/10544/2487 6607/10545/2487
f 6607/10545/2526 6608/10544/2526 6610/10546/2526 6609/10547/2526
f 6552/10548/2397 6550/10549/2397 6612/10550/2397 6610/10551/2397 6608/10552/2397 6606/10553/2397 6604/10554/2397 6602/10555/2397 6600/10556/2397 6598/10557/2397 6596/10558/2397 6594/10559/2397 6592/10560/2397 6590/10561/2397 6588/10562/2397 6586/10563/2397 6584/10564/2397 6582/10565/2397 6580/10566/2397 6578/10567/2397 6576/10568/2397 6574/10569/2397 6572/10570/2397 6570/10571/2397 6568/10572/2397 6566/10573/2397 6564/10574/2397 6562/10575/2397 6560/10576/2397 6558/10577/2397 6556/10578/2397 6554/10579/2397
f 6609/10547/2527 6610/10546/2527 6612/10580/2527 6611/10581/2527
f 6611/10581/2528 6612/10580/2528 6550/10582/2528 6549/10583/2528
f 6549/10584/2415 6551/10585/2415 6553/10586/2415 6555/10587/2415 6557/10588/2415 6559/10589/2415 6561/10590/2415 6563/10591/2415 6565/10592/2415 6567/10593/2415 6569/10594/2415 6571/10595/2415 6573/10596/2415 6575/10597/2415 6577/10598/2415 6579/10599/2415 6581/10600/2415 6583/10601/2415 6585/10602/2415 6587/10603/2415 6589/10604/2415 6591/10605/2415 6593/10606/2415 6595/10607/2415 6597/10608/2415 6599/10609/2415 6601/10610/2415 6603/10611/2415 6605/10612/2415 6607/10613/2415 6609/10614/2415 6611/10615/2415
f 6613/10616/2529 6614/10617/2529 6616/10618/2529 6615/10619/2529
f 6615/10619/2530 6616/10618/2530 6618/10620/2530 6617/10621/2530
f 6617/10621/2531 6618/10620/2531 6620/10622/2531 6619/10623/2531
f 6619/10623/2532 6620/10622/2532 6622/10624/2532 6621/10625/2532
f 6621/10625/2533 6622/10624/2533 6624/10626/2533 6623/10627/2533
f 6623/10627/2534 6624/10626/2534 6626/10628/2534 6625/10629/2534
f 6625/10629/2535 6626/10628/2535 6628/10630/2535 6627/10631/2535
f 6627/10631/2536 6628/10630/2536 6630/10632/2536 6629/10633/2536
f 6629/10633/2537 6630/10632/2537 6632/10634/2537 6631/10635/2537
f 6631/10635/2538 6632/10634/2538 6634/10636/2538 6633/10637/2538
f 6633/10637/2539 6634/10636/2539 6636/10638/2539 6635/10639/2539
f 6635/10639/2540 6636/10638/2540 6638/10640/2540 6637/10641/2540
f 6637/10641/2541 6638/10640/2541 6640/10642/2541 6639/10643/2541
f 6639/10643/2542 6640/10642/2542 6642/10644/2542 6641/10645/2542
f 6641/10645/2543 6642/10644/2543 6644/10646/2543 6643/10647/2543
f 6643/10647/2544 6644/10646/2544 6646/10648/2544 6645/10649/2544
f 6645/10649/2545 6646/10648/2545 6648/10650/2545 6647/10651/2545
f 6647/10651/2546 6648/10650/2546 6650/10652/2546 6649/10653/2546
f 6649/10653/2547 6650/10652/2547 6652/10654/2547 6651/10655/2547
f 6651/10655/2548 6652/10654/2548 6654/10656/2548 6653/10657/2548
f 6653/10657/2549 6654/10656/2549 6656/10658/2549 6655/10659/2549
f 6655/10659/2550 6656/10658/2550 6658/10660/2550 6657/10661/2550
f 6657/10661/2551 6658/10660/2551 6660/10662/2551 6659/10663/2551
f 6659/10663/2552 6660/10662/2552 6662/10664/2552 6661/10665/2552
f 6661/10665/2553 6662/10664/2553 6664/10666/2553 6663/10667/2553
f 6663/10667/2554 6664/10666/2554 6666/10668/2554 6665/10669/2554
f 6665/10669/2555 6666/10668/2555 6668/10670/2555 6667/10671/2555
f 6667/10671/2556 6668/10670/2556 6670/10672/2556 6669/10673/2556
f 6669/10673/2557 6670/10672/2557 6672/10674/2557 6671/10675/2557
f 6671/10675/2558 6672/10674/2558 6674/10676/2558 6673/10677/2558
f 6616/10678/2398 6614/10679/2398 6676/10680/2398 6674/10681/2398 6672/10682/2398 6670/10683/2398 6668/10684/2398 6666/10685/2398 6664/10686/2398 6662/10687/2398 6660/10688/2398 6658/10689/2398 6656/10690/2398 6654/10691/2398 6652/10692/2398 6650/10693/2398 6648/10694/2398 6646/10695/2398 6644/10696/2398 6642/10697/2398 6640/10698/2398 6638/10699/2398 6636/10700/2398 6634/10701/2398 6632/10702/2398 6630/10703/2398 6628/10704/2398 6626/10705/2398 6624/10706/2398 6622/10707/2398 6620/10708/2398 6618/10709/2398
f 6673/10677/2559 6674/10676/2559 6676/10710/2559 6675/10711/2559
f 6675/10711/2560 6676/10710/2560 6614/10712/2560 6613/10713/2560
f 6613/10714/2399 6615/10715/2399 6617/10716/2399 6619/10717/2399 6621/10718/2399 6623/10719/2399 6625/10720/2399 6627/10721/2399 6629/10722/2399 6631/10723/2399 6633/10724/2399 6635/10725/2399 6637/10726/2399 6639/10727/2399 6641/10728/2399 6643/10729/2399 6645/10730/2399 6647/10731/2399 6649/10732/2399 6651/10733/2399 6653/10734/2399 6655/10735/2399 6657/10736/2399 6659/10737/2399 6661/10738/2399 6663/10739/2399 6665/10740/2399 6667/10741/2399 6669/10742/2399 6671/10743/2399 6673/10744/2399 6675/10745/2399
f 6677/10746/2561 6678/10747/2561 6680/10748/2561 6679/10749/2561
f 6679/10749/2530 6680/10748/2530 6682/10750/2530 6681/10751/2530
f 6681/10751/2562 6682/10750/2562 6684/10752/2562 6683/10753/2562
f 6683/10753/2563 6684/10752/2563 6686/10754/2563 6685/10755/2563
f 6685/10755/2564 6686/10754/2564 6688/10756/2564 6687/10757/2564
f 6687/10757/2565 6688/10756/2565 6690/10758/2565 6689/10759/2565
f 6689/10759/2566 6690/10758/2566 6692/10760/2566 6691/10761/2566
f 6691/10761/2536 6692/10760/2536 6694/10762/2536 6693/10763/2536
f 6693/10763/2567 6694/10762/2567 6696/10764/2567 6695/10765/2567
f 6695/10765/2568 6696/10764/2568 6698/10766/2568 6697/10767/2568
f 6697/10767/2569 6698/10766/2569 6700/10768/2569 6699/10769/2569
f 6699/10769/2570 6700/10768/2570 6702/10770/2570 6701/10771/2570
f 6701/10771/2571 6702/10770/2571 6704/10772/2571 6703/10773/2571
f 6703/10773/2572 6704/10772/2572 6706/10774/2572 6705/10775/2572
f 6705/10775/2543 6706/10774/2543 6708/10776/2543 6707/10777/2543
f 6707/10777/2544 6708/10776/2544 6710/10778/2544 6709/10779/2544
f 6709/10779/2545 6710/10778/2545 6712/10780/2545 6711/10781/2545
f 6711/10781/2546 6712/10780/2546 6714/10782/2546 6713/10783/2546
f 6713/10783/2573 6714/10782/2573 6716/10784/2573 6715/10785/2573
f 6715/10785/2548 6716/10784/2548 6718/10786/2548 6717/10787/2548
f 6717/10787/2549 6718/10786/2549 6720/10788/2549 6719/10789/2549
f 6719/10789/2574 6720/10788/2574 6722/10790/2574 6721/10791/2574
f 6721/10791/2575 6722/10790/2575 6724/10792/2575 6723/10793/2575
f 6723/10793/2576 6724/10792/2576 6726/10794/2576 6725/10795/2576
f 6725/10795/2577 6726/10794/2577 6728/10796/2577 6727/10797/2577
f 6727/10797/2578 6728/10796/2578 6730/10798/2578 6729/10799/2578
f 6729/10799/2579 6730/10798/2579 6732/10800/2579 6731/10801/2579
f 6731/10801/2580 6732/10800/2580 6734/10802/2580 6733/10803/2580
f 6733/10803/2581 6734/10802/2581 6736/10804/2581 6735/10805/2581
f 6735/10805/2582 6736/10804/2582 6738/10806/2582 6737/10807/2582
f 6680/10808/2398 6678/10809/2398 6740/10810/2398 6738/10811/2398 6736/10812/2398 6734/10813/2398 6732/10814/2398 6730/10815/2398 6728/10816/2398 6726/10817/2398 6724/10818/2398 6722/10819/2398 6720/10820/2398 6718/10821/2398 6716/10822/2398 6714/10823/2398 6712/10824/2398 6710/10825/2398 6708/10826/2398 6706/10827/2398 6704/10828/2398 6702/10829/2398 6700/10830/2398 6698/10831/2398 6696/10832/2398 6694/10833/2398 6692/10834/2398 6690/10835/2398 6688/10836/2398 6686/10837/2398 6684/10838/2398 6682/10839/2398
f 6737/10807/2559 6738/10806/2559 6740/10840/2559 6739/10841/2559
f 6739/10841/2583 6740/10840/2583 6678/10842/2583 6677/10843/2583
f 6677/10844/2399 6679/10845/2399 6681/10846/2399 6683/10847/2399 6685/10848/2399 6687/10849/2399 6689/10850/2399 6691/10851/2399 6693/10852/2399 6695/10853/2399 6697/10854/2399 6699/10855/2399 6701/10856/2399 6703/10857/2399 6705/10858/2399 6707/10859/2399 6709/10860/2399 6711/10861/2399 6713/10862/2399 6715/10863/2399 6717/10864/2399 6719/10865/2399 6721/10866/2399 6723/10867/2399 6725/10868/2399 6727/10869/2399 6729/10870/2399 6731/10871/2399 6733/10872/2399 6735/10873/2399 6737/10874/2399 6739/10875/2399
f 6741/10876/2584 6742/10877/2584 6744/10878/2584 6743/10879/2584
f 6743/10879/2585 6744/10878/2585 6746/10880/2585 6745/10881/2585
f 6745/10881/2586 6746/10880/2586 6748/10882/2586 6747/10883/2586
f 6747/10883/2587 6748/10882/2587 6750/10884/2587 6749/10885/2587
f 6749/10885/2588 6750/10884/2588 6752/10886/2588 6751/10887/2588
f 6751/10887/2589 6752/10886/2589 6754/10888/2589 6753/10889/2589
f 6753/10889/2590 6754/10888/2590 6756/10890/2590 6755/10891/2590
f 6755/10891/2483 6756/10890/2483 6758/10892/2483 6757/10893/2483
f 6757/10893/2482 6758/10892/2482 6760/10894/2482 6759/10895/2482
f 6759/10895/2591 6760/10894/2591 6762/10896/2591 6761/10897/2591
f 6761/10897/2592 6762/10896/2592 6764/10898/2592 6763/10899/2592
f 6763/10899/2593 6764/10898/2593 6766/10900/2593 6765/10901/2593
f 6765/10901/2594 6766/10900/2594 6768/10902/2594 6767/10903/2594
f 6767/10903/2477 6768/10902/2477 6770/10904/2477 6769/10905/2477
f 6769/10905/2595 6770/10904/2595 6772/10906/2595 6771/10907/2595
f 6771/10907/2596 6772/10906/2596 6774/10908/2596 6773/10909/2596
f 6773/10909/2597 6774/10908/2597 6776/10910/2597 6775/10911/2597
f 6775/10911/2598 6776/10910/2598 6778/10912/2598 6777/10913/2598
f 6777/10913/2493 6778/10912/2493 6780/10914/2493 6779/10915/2493
f 6779/10915/2599 6780/10914/2599 6782/10916/2599 6781/10917/2599
f 6781/10917/2600 6782/10916/2600 6784/10918/2600 6783/10919/2600
f 6783/10919/2601 6784/10918/2601 6786/10920/2601 6785/10921/2601
f 6785/10921/2602 6786/10920/2602 6788/10922/2602 6787/10923/2602
f 6787/10923/2467 6788/10922/2467 6790/10924/2467 6789/10925/2467
f 6789/10925/2466 6790/10924/2466 6792/10926/2466 6791/10927/2466
f 6791/10927/2603 6792/10926/2603 6794/10928/2603 6793/10929/2603
f 6793/10929/2604 6794/10928/2604 6796/10930/2604 6795/10931/2604
f 6795/10931/2605 6796/10930/2605 6798/10932/2605 6797/10933/2605
f 6797/10933/2606 6798/10932/2606 6800/10934/2606 6799/10935/2606
f 6799/10935/2461 6800/10934/2461 6802/10936/2461 6801/10937/2461
f 6744/10938/2415 6742/10939/2415 6804/10940/2415 6802/10941/2415 6800/10942/2415 6798/10943/2415 6796/10944/2415 6794/10945/2415 6792/10946/2415 6790/10947/2415 6788/10948/2415 6786/10949/2415 6784/10950/2415 6782/10951/2415 6780/10952/2415 6778/10953/2415 6776/10954/2415 6774/10955/2415 6772/10956/2415 6770/10957/2415 6768/10958/2415 6766/10959/2415 6764/10960/2415 6762/10961/2415 6760/10962/2415 6758/10963/2415 6756/10964/2415 6754/10965/2415 6752/10966/2415 6750/10967/2415 6748/10968/2415 6746/10969/2415
f 6801/10937/2607 6802/10936/2607 6804/10970/2607 6803/10971/2607
f 6803/10971/2608 6804/10970/2608 6742/10972/2608 6741/10973/2608
f 6741/10974/2397 6743/10975/2397 6745/10976/2397 6747/10977/2397 6749/10978/2397 6751/10979/2397 6753/10980/2397 6755/10981/2397 6757/10982/2397 6759/10983/2397 6761/10984/2397 6763/10985/2397 6765/10986/2397 6767/10987/2397 6769/10988/2397 6771/10989/2397 6773/10990/2397 6775/10991/2397 6777/10992/2397 6779/10993/2397 6781/10994/2397 6783/10995/2397 6785/10996/2397 6787/10997/2397 6789/10998/2397 6791/10999/2397 6793/11000/2397 6795/11001/2397 6797/11002/2397 6799/11003/2397 6801/11004/2397 6803/11005/2397
f 6813/11006/2415 6806/11007/2415 6808/11008/2415 6814/11009/2415
f 6814/11009/2387 6808/11008/2387 6812/11010/2387 6815/11011/2387
f 6815/11011/2397 6812/11010/2397 6810/11012/2397 6816/11013/2397
f 6816/11013/2388 6810/11012/2388 6806/11014/2388 6813/11015/2388
f 6807/11016/2398 6811/11017/2398 6809/11018/2398 6805/11019/2398
f 6812/11010/2399 6808/11020/2399 6806/11021/2399 6810/11012/2399
f 6819/11022/2388 6816/11013/2388 6813/11015/2388 6820/11023/2388
f 6826/11024/2388 6825/11025/2388 6824/11026/2388 6822/11027/2388
f 6817/11028/2387 6814/11009/2387 6815/11011/2387 6818/11029/2387
f 6820/11030/2415 6813/11006/2415 6814/11009/2415 6817/11028/2415
f 6805/11031/2415 6820/11030/2415 6817/11028/2415 6807/11032/2415
f 6807/11032/2387 6817/11028/2387 6818/11029/2387 6811/11017/2387
f 6811/11017/2397 6818/11029/2397 6819/11022/2397 6809/11018/2397
f 6809/11018/2388 6819/11022/2388 6820/11023/2388 6805/11033/2388
f 6823/11034/2397 6821/11035/2397 6822/11027/2397 6824/11026/2397
f 6828/11036/2387 6827/11037/2387 6821/11035/2387 6823/11034/2387
f 6821/11035/2387 6827/11037/2387 6831/11038/2387 6829/11039/2387
f 6825/11025/2398 6828/11036/2398 6823/11034/2398 6824/11026/2398
f 6819/11022/2398 6818/11029/2398 6828/11036/2398 6825/11025/2398
f 6815/11011/2399 6816/11013/2399 6826/11024/2399 6827/11037/2399
f 6818/11029/2387 6815/11011/2387 6827/11037/2387 6828/11036/2387
f 6816/11013/2388 6819/11022/2388 6825/11025/2388 6826/11024/2388
f 6831/11038/2399 6832/11040/2399 6830/11041/2399 6829/11039/2399
f 6827/11037/2415 6826/11024/2415 6832/11040/2415 6831/11038/2415
f 6822/11027/2397 6821/11035/2397 6829/11039/2397 6830/11041/2397
f 6826/11024/2388 6822/11027/2388 6830/11041/2388 6832/11040/2388
f 6833/11042/2609 6834/11043/2609 6836/11044/2609 6835/11045/2609
f 6835/11045/2610 6836/11044/2610 6838/11046/2610 6837/11047/2610
f 6837/11047/2611 6838/11046/2611 6840/11048/2611 6839/11049/2611
f 6839/11049/2612 6840/11048/2612 6842/11050/2612 6841/11051/2612
f 6841/11051/2613 6842/11050/2613 6844/11052/2613 6843/11053/2613
f 6843/11053/2614 6844/11052/2614 6846/11054/2614 6845/11055/2614
f 6845/11055/2615 6846/11054/2615 6848/11056/2615 6847/11057/2615
f 6847/11057/2616 6848/11056/2616 6850/11058/2616 6849/11059/2616
f 6849/11059/2617 6850/11058/2617 6852/11060/2617 6851/11061/2617
f 6851/11061/2618 6852/11060/2618 6854/11062/2618 6853/11063/2618
f 6853/11063/2619 6854/11062/2619 6856/11064/2619 6855/11065/2619
f 6855/11065/2620 6856/11064/2620 6858/11066/2620 6857/11067/2620
f 6857/11067/2621 6858/11066/2621 6860/11068/2621 6859/11069/2621
f 6859/11069/2622 6860/11068/2622 6862/11070/2622 6861/11071/2622
f 6861/11071/2623 6862/11070/2623 6864/11072/2623 6863/11073/2623
f 6863/11073/2624 6864/11072/2624 6866/11074/2624 6865/11075/2624
f 6865/11075/2625 6866/11074/2625 6868/11076/2625 6867/11077/2625
f 6867/11077/2626 6868/11076/2626 6870/11078/2626 6869/11079/2626
f 6869/11079/2627 6870/11078/2627 6872/11080/2627 6871/11081/2627
f 6871/11081/2628 6872/11080/2628 6874/11082/2628 6873/11083/2628
f 6873/11083/2629 6874/11082/2629 6876/11084/2629 6875/11085/2629
f 6875/11085/2630 6876/11084/2630 6878/11086/2630 6877/11087/2630
f 6877/11087/2631 6878/11086/2631 6880/11088/2631 6879/11089/2631
f 6879/11089/2632 6880/11088/2632 6882/11090/2632 6881/11091/2632
f 6881/11091/2633 6882/11090/2633 6884/11092/2633 6883/11093/2633
f 6883/11093/2634 6884/11092/2634 6886/11094/2634 6885/11095/2634
f 6885/11095/2635 6886/11094/2635 6888/11096/2635 6887/11097/2635
f 6887/11097/2636 6888/11096/2636 6890/11098/2636 6889/11099/2636
f 6889/11099/2637 6890/11098/2637 6892/11100/2637 6891/11101/2637
f 6891/11101/2638 6892/11100/2638 6894/11102/2638 6893/11103/2638
f 6836/11104/2399 6834/11105/2399 6896/11106/2399 6894/11107/2399 6892/11108/2399 6890/11109/2399 6888/11110/2399 6886/11111/2399 6884/11112/2399 6882/11113/2399 6880/11114/2399 6878/11115/2399 6876/11116/2399 6874/11117/2399 6872/11118/2399 6870/11119/2399 6868/11120/2399 6866/11121/2399 6864/11122/2399 6862/11123/2399 6860/11124/2399 6858/11125/2399 6856/11126/2399 6854/11127/2399 6852/11128/2399 6850/11129/2399 6848/11130/2399 6846/11131/2399 6844/11132/2399 6842/11133/2399 6840/11134/2399 6838/11135/2399
f 6893/11103/2639 6894/11102/2639 6896/11136/2639 6895/11137/2639
f 6895/11137/2640 6896/11136/2640 6834/11138/2640 6833/11139/2640
f 6833/11140/2398 6835/11141/2398 6837/11142/2398 6839/11143/2398 6841/11144/2398 6843/11145/2398 6845/11146/2398 6847/11147/2398 6849/11148/2398 6851/11149/2398 6853/11150/2398 6855/11151/2398 6857/11152/2398 6859/11153/2398 6861/11154/2398 6863/11155/2398 6865/11156/2398 6867/11157/2398 6869/11158/2398 6871/11159/2398 6873/11160/2398 6875/11161/2398 6877/11162/2398 6879/11163/2398 6881/11164/2398 6883/11165/2398 6885/11166/2398 6887/11167/2398 6889/11168/2398 6891/11169/2398 6893/11170/2398 6895/11171/2398
f 6897/11172/2641 6898/11173/2641 6900/11174/2641 6899/11175/2641
f 6899/11175/2642 6900/11174/2642 6902/11176/2642 6901/11177/2642
f 6901/11177/2643 6902/11176/2643 6904/11178/2643 6903/11179/2643
f 6903/11179/2644 6904/11178/2644 6906/11180/2644 6905/11181/2644
f 6905/11181/2645 6906/11180/2645 6908/11182/2645 6907/11183/2645
f 6907/11183/2646 6908/11182/2646 6910/11184/2646 6909/11185/2646
f 6909/11185/2615 6910/11184/2615 6912/11186/2615 6911/11187/2615
f 6911/11187/2577 6912/11186/2577 6914/11188/2577 6913/11189/2577
f 6913/11189/2576 6914/11188/2576 6916/11190/2576 6915/11191/2576
f 6915/11191/2618 6916/11190/2618 6918/11192/2618 6917/11193/2618
f 6917/11193/2619 6918/11192/2619 6920/11194/2619 6919/11195/2619
f 6919/11195/2620 6920/11194/2620 6922/11196/2620 6921/11197/2620
f 6921/11197/2647 6922/11196/2647 6924/11198/2647 6923/11199/2647
f 6923/11199/2648 6924/11198/2648 6926/11200/2648 6925/11201/2648
f 6925/11201/2649 6926/11200/2649 6928/11202/2649 6927/11203/2649
f 6927/11203/2650 6928/11202/2650 6930/11204/2650 6929/11205/2650
f 6929/11205/2651 6930/11204/2651 6932/11206/2651 6931/11207/2651
f 6931/11207/2652 6932/11206/2652 6934/11208/2652 6933/11209/2652
f 6933/11209/2653 6934/11208/2653 6936/11210/2653 6935/11211/2653
f 6935/11211/2654 6936/11210/2654 6938/11212/2654 6937/11213/2654
f 6937/11213/2655 6938/11212/2655 6940/11214/2655 6939/11215/2655
f 6939/11215/2569 6940/11214/2569 6942/11216/2569 6941/11217/2569
f 6941/11217/2656 6942/11216/2656 6944/11218/2656 6943/11219/2656
f 6943/11219/2657 6944/11218/2657 6946/11220/2657 6945/11221/2657
f 6945/11221/2658 6946/11220/2658 6948/11222/2658 6947/11223/2658
f 6947/11223/2659 6948/11222/2659 6950/11224/2659 6949/11225/2659
f 6949/11225/2565 6950/11224/2565 6952/11226/2565 6951/11227/2565
f 6951/11227/2660 6952/11226/2660 6954/11228/2660 6953/11229/2660
f 6953/11229/2661 6954/11228/2661 6956/11230/2661 6955/11231/2661
f 6955/11231/2662 6956/11230/2662 6958/11232/2662 6957/11233/2662
f 6900/11234/2399 6898/11235/2399 6960/11236/2399 6958/11237/2399 6956/11238/2399 6954/11239/2399 6952/11240/2399 6950/11241/2399 6948/11242/2399 6946/11243/2399 6944/11244/2399 6942/11245/2399 6940/11246/2399 6938/11247/2399 6936/11248/2399 6934/11249/2399 6932/11250/2399 6930/11251/2399 6928/11252/2399 6926/11253/2399 6924/11254/2399 6922/11255/2399 6920/11256/2399 6918/11257/2399 6916/11258/2399 6914/11259/2399 6912/11260/2399 6910/11261/2399 6908/11262/2399 6906/11263/2399 6904/11264/2399 6902/11265/2399
f 6957/11233/2663 6958/11232/2663 6960/11266/2663 6959/11267/2663
f 6959/11267/2664 6960/11266/2664 6898/11268/2664 6897/11269/2664
f 6897/11270/2398 6899/11271/2398 6901/11272/2398 6903/11273/2398 6905/11274/2398 6907/11275/2398 6909/11276/2398 6911/11277/2398 6913/11278/2398 6915/11279/2398 6917/11280/2398 6919/11281/2398 6921/11282/2398 6923/11283/2398 6925/11284/2398 6927/11285/2398 6929/11286/2398 6931/11287/2398 6933/11288/2398 6935/11289/2398 6937/11290/2398 6939/11291/2398 6941/11292/2398 6943/11293/2398 6945/11294/2398 6947/11295/2398 6949/11296/2398 6951/11297/2398 6953/11298/2398 6955/11299/2398 6957/11300/2398 6959/11301/2398
f 6974/11302/2665 6962/11303/2665 6964/11304/2665 6975/11305/2665
f 6975/11305/2387 6964/11304/2387 6968/11306/2387 6981/11307/2387
f 6981/11307/2666 6968/11306/2666 6966/11308/2666 6987/11309/2666
f 6987/11309/2388 6966/11308/2388 6962/11310/2388 6974/11311/2388
f 6963/11312/2667 6967/11313/2667 6965/11314/2667 6961/11315/2667
f 6968/11306/2668 6964/11316/2668 6962/11317/2668 6966/11308/2668
f 6965/11314/2388 6992/11318/2388 6969/11319/2388 6961/11320/2388
f 6992/11318/2388 6991/11321/2388 6970/11322/2388 6969/11319/2388
f 6991/11321/2388 6990/11323/2388 6971/11324/2388 6970/11322/2388
f 6990/11323/2388 6989/11325/2388 6972/11326/2388 6971/11324/2388
f 6989/11325/2388 6988/11327/2388 6973/11328/2388 6972/11326/2388
f 6988/11327/2388 6987/11309/2388 6974/11311/2388 6973/11328/2388
f 6967/11313/2669 6986/11329/2669 6992/11318/2669 6965/11314/2669
f 6986/11329/2670 6985/11330/2670 6991/11321/2670 6992/11318/2670
f 6985/11330/2671 6984/11331/2671 6990/11323/2671 6991/11321/2671
f 6984/11331/2672 6983/11332/2672 6989/11325/2672 6990/11323/2672
f 6983/11332/2673 6982/11333/2674 6988/11327/2674 6989/11325/2673
f 6982/11333/2674 6981/11307/2675 6987/11309/2675 6988/11327/2674
f 6963/11334/2387 6980/11335/2387 6986/11329/2387 6967/11313/2387
f 6980/11335/2387 6979/11336/2387 6985/11330/2387 6986/11329/2387
f 6979/11336/2387 6978/11337/2387 6984/11331/2387 6985/11330/2387
f 6978/11337/2387 6977/11338/2387 6983/11332/2387 6984/11331/2387
f 6977/11338/2387 6976/11339/2387 6982/11333/2387 6983/11332/2387
f 6976/11339/2387 6975/11305/2387 6981/11307/2387 6982/11333/2387
f 6961/11340/2676 6969/11341/2676 6980/11335/2676 6963/11334/2676
f 6969/11341/2677 6970/11342/2677 6979/11336/2677 6980/11335/2677
f 6970/11342/2678 6971/11343/2678 6978/11337/2678 6979/11336/2678
f 6971/11343/2679 6972/11344/2679 6977/11338/2679 6978/11337/2679
f 6972/11344/2680 6973/11345/2680 6976/11339/2680 6977/11338/2680
f 6973/11345/2680 6974/11302/2680 6975/11305/2680 6976/11339/2680
