# Blender v2.80 (sub 75) OBJ File: 'all weapons.blend'
# www.blender.org
v -7.27184 0.17282 -9.74403
v -7.30586 -1.92359 -9.74403
v -7.27184 0.17282 -10.25603
v -7.30586 -1.92359 -10.25603
v -3.58513 0.44495 -9.74404
v -4.12940 -0.64795 -9.74404
v -3.58513 0.44495 -10.25604
v -4.12940 -0.64795 -10.25604
v -3.20368 -0.90585 -9.74404
v -3.20368 -0.90585 -10.25604
v -3.17316 0.33163 -10.25604
v -3.17316 0.33163 -9.74404
v -1.61852 0.10914 -9.74404
v -1.61852 0.10914 -10.25604
v -1.56750 0.90409 -10.25604
v -1.56750 0.90409 -9.74404
v -2.38291 -0.03256 -9.74404
v -2.36606 0.61570 -9.74404
v -2.38291 -0.03256 -10.25604
v -2.36606 0.61570 -10.25604
v -2.75936 0.47366 -9.74404
v -2.75936 0.47366 -10.25604
v -2.85960 -0.33335 -9.74404
v -2.85960 -0.33335 -10.25604
v 1.37479 0.06323 -9.74404
v 1.37479 0.06323 -10.25604
v 1.39448 0.95820 -10.25604
v 1.39448 0.95820 -9.74404
v -5.95153 -1.37971 -9.74404
v -5.69996 0.28885 -10.25603
v -5.95153 -1.37971 -10.25603
v -5.69996 0.28885 -9.74403
v -6.15164 -1.46007 -10.25603
v -5.93222 0.27170 -9.74403
v -6.15164 -1.46007 -9.74404
v -5.93222 0.27170 -10.25603
v -6.06804 -1.59303 -9.74404
v -5.85422 0.27746 -10.25603
v -6.06804 -1.59303 -10.25603
v -5.85422 0.27746 -9.74403
v -5.99025 -1.56179 -9.74404
v -5.76394 0.28412 -10.25603
v -5.99025 -1.56179 -10.25604
v -5.76394 0.28412 -9.74403
v -1.06738 0.95724 -9.74404
v -1.06738 0.95724 -10.25604
v -1.11840 0.10914 -10.25604
v -1.11840 0.10914 -9.74404
v -0.10134 0.95762 -9.74404
v -0.14007 0.09610 -9.74404
v -0.10134 0.95762 -10.25604
v -0.14007 0.09610 -10.25604
v -0.84533 0.95733 -10.25604
v -0.89353 0.10426 -10.25604
v -0.84532 0.95733 -9.74404
v -0.89353 0.10426 -9.74404
v -0.87109 -0.19140 -9.94097
v -0.81176 -0.19955 -9.94097
v -0.81176 -0.19955 -10.05910
v -0.87109 -0.19140 -10.05910
v -1.38564 0.92342 -10.25604
v -1.43666 0.10914 -10.25604
v -1.38563 0.92342 -9.74404
v -1.43666 0.10914 -9.74404
v -1.80691 0.07422 -9.74404
v -1.80691 0.07422 -10.25604
v -1.76430 0.83302 -9.74404
v -1.76431 0.83302 -10.25604
v -1.72374 -0.13149 -9.94097
v -1.72374 -0.13149 -10.05910
v -1.74750 -0.12383 -9.94097
v -1.74750 -0.12383 -10.05910
v -1.66687 -0.13286 -10.05910
v -1.66687 -0.13286 -9.94097
v -1.52017 -0.01186 -10.05910
v -1.67113 -0.01118 -10.05910
v -1.76484 -0.02481 -10.05910
v -1.52017 -0.01186 -9.94097
v -1.76484 -0.02481 -9.94097
v -1.67113 -0.01118 -9.94097
v -1.72374 -0.18185 -9.94097
v -1.72374 -0.18185 -10.05910
v -1.74750 -0.17419 -9.94097
v -1.74750 -0.17419 -10.05910
v -1.66687 -0.18323 -10.05910
v -1.66687 -0.18323 -9.94097
v -1.44816 -0.38108 -9.94097
v -1.44816 -0.38108 -10.05910
v -1.45094 -0.40395 -9.94097
v -1.45094 -0.40395 -10.05910
v -1.44661 -0.36910 -10.05910
v -1.44661 -0.36910 -9.94097
v -1.59871 -0.30803 -10.05910
v -1.63021 -0.31336 -10.05910
v -1.64343 -0.32103 -9.94097
v -1.63021 -0.31336 -9.94097
v -1.64343 -0.32103 -10.05910
v -1.59871 -0.30803 -9.94097
v -1.13528 -0.38137 -9.94097
v -1.13528 -0.38137 -10.05910
v -1.12622 -0.40254 -9.94097
v -1.12622 -0.40254 -10.05910
v -1.13995 -0.37023 -10.05910
v -1.13995 -0.37023 -9.94097
v -0.99387 -0.32160 -9.94097
v -0.99387 -0.32160 -10.05910
v -0.98047 -0.34033 -9.94097
v -0.98047 -0.34033 -10.05910
v -1.00082 -0.31172 -10.05910
v -1.00082 -0.31172 -9.94097
v -0.92094 -0.27004 -9.94097
v -0.92094 -0.27004 -10.05910
v -0.90309 -0.28460 -9.94097
v -0.90309 -0.28460 -10.05910
v -0.93024 -0.26233 -10.05910
v -0.93024 -0.26233 -9.94097
v -0.84374 -0.19397 -9.94097
v -0.84374 -0.19397 -10.05910
v -0.81144 -0.19900 -9.94097
v -0.81144 -0.19900 -10.05910
v -0.87106 -0.19163 -10.05910
v -0.87106 -0.19163 -9.94097
v -0.88645 0.01094 -9.94097
v -0.35207 0.00279 -9.94097
v -0.35207 0.00279 -10.05911
v -0.88645 0.01094 -10.05910
v -1.64483 0.04898 -10.05910
v -1.78588 0.02470 -10.05910
v -1.64483 0.04898 -9.94097
v -1.47842 0.04864 -10.05910
v -1.47842 0.04864 -9.94097
v -1.78588 0.02470 -9.94097
v 5.88864 0.16840 -9.76160
v 3.19575 0.16840 -9.76160
v 5.88864 0.12189 -9.76618
v 3.19575 0.12189 -9.76618
v 5.88864 0.07717 -9.77975
v 3.19575 0.07717 -9.77975
v 5.88864 0.03596 -9.80178
v 3.19575 0.03596 -9.80178
v 5.88864 -0.00017 -9.83143
v 3.19575 -0.00017 -9.83143
v 5.88864 -0.02982 -9.86755
v 3.19575 -0.02982 -9.86755
v 5.88864 -0.05185 -9.90877
v 3.19575 -0.05185 -9.90877
v 5.88864 -0.06541 -9.95349
v 3.19575 -0.06541 -9.95349
v 5.88864 -0.06999 -9.99999
v 3.19575 -0.06999 -9.99999
v 5.88864 -0.06541 -10.04650
v 3.19575 -0.06541 -10.04650
v 5.88864 -0.05185 -10.09122
v 3.19575 -0.05185 -10.09122
v 5.88864 -0.02982 -10.13244
v 3.19575 -0.02982 -10.13244
v 5.88864 -0.00017 -10.16856
v 3.19575 -0.00017 -10.16856
v 5.88864 0.03596 -10.19821
v 3.19575 0.03596 -10.19821
v 5.88864 0.07717 -10.22024
v 3.19575 0.07717 -10.22024
v 5.88864 0.12189 -10.23381
v 3.19575 0.12189 -10.23381
v 5.88864 0.16840 -10.23839
v 3.19575 0.16840 -10.23839
v 5.88864 0.21491 -10.23381
v 3.19575 0.21491 -10.23381
v 5.88864 0.25963 -10.22024
v 3.19575 0.25963 -10.22024
v 5.88864 0.30084 -10.19821
v 3.19575 0.30084 -10.19821
v 5.88864 0.33697 -10.16856
v 3.19575 0.33697 -10.16856
v 5.88864 0.36662 -10.13244
v 3.19575 0.36662 -10.13244
v 5.88864 0.38865 -10.09122
v 3.19575 0.38865 -10.09122
v 5.88864 0.40221 -10.04650
v 3.19575 0.40221 -10.04650
v 5.88864 0.40679 -9.99999
v 3.19575 0.40679 -9.99999
v 5.88864 0.40221 -9.95349
v 3.19575 0.40221 -9.95349
v 5.88864 0.38865 -9.90877
v 3.19575 0.38865 -9.90877
v 5.88864 0.36662 -9.86755
v 3.19575 0.36662 -9.86755
v 5.88864 0.33697 -9.83143
v 3.19575 0.33697 -9.83143
v 5.88864 0.30084 -9.80178
v 3.19575 0.30084 -9.80178
v 5.88864 0.25963 -9.77975
v 3.19575 0.25963 -9.77975
v 5.88864 0.21491 -9.76618
v 3.19575 0.21491 -9.76618
v 5.88864 0.21162 -9.80514
v 5.88864 0.17361 -9.80889
v 5.88864 0.13705 -9.81997
v 5.88864 0.10337 -9.83798
v 5.88864 0.07384 -9.86221
v 5.88864 0.04961 -9.89174
v 5.88864 0.03160 -9.92543
v 5.88864 0.02051 -9.96198
v 5.88864 0.01677 -9.99999
v 5.88864 0.02051 -10.03801
v 5.88864 0.03160 -10.07456
v 5.88864 0.04961 -10.10825
v 5.88864 0.07384 -10.13778
v 5.88864 0.10337 -10.16201
v 5.88864 0.13705 -10.18002
v 5.88864 0.17361 -10.19110
v 5.88864 0.21162 -10.19485
v 5.88864 0.24963 -10.19110
v 5.88864 0.28619 -10.18002
v 5.88864 0.31988 -10.16201
v 5.88864 0.34940 -10.13778
v 5.88864 0.37364 -10.10825
v 5.88864 0.39164 -10.07456
v 5.88864 0.40273 -10.03801
v 5.88864 0.40647 -9.99999
v 5.88864 0.40273 -9.96198
v 5.88864 0.39164 -9.92543
v 5.88864 0.37364 -9.89174
v 5.88864 0.34940 -9.86221
v 5.88864 0.31988 -9.83798
v 5.88864 0.28619 -9.81997
v 5.88864 0.24963 -9.80889
v 6.18927 0.21162 -9.80514
v 6.18927 0.17361 -9.80889
v 6.18927 0.13705 -9.81997
v 6.18927 0.10337 -9.83798
v 6.18927 0.07384 -9.86221
v 6.18927 0.04961 -9.89174
v 6.18927 0.03160 -9.92543
v 6.18927 0.02051 -9.96198
v 6.18927 0.01677 -9.99999
v 6.18927 0.02051 -10.03801
v 6.18927 0.03160 -10.07456
v 6.18927 0.04961 -10.10825
v 6.18927 0.07384 -10.13778
v 6.18927 0.10337 -10.16201
v 6.18927 0.13705 -10.18002
v 6.18927 0.17361 -10.19110
v 6.18927 0.21162 -10.19485
v 6.18927 0.24963 -10.19110
v 6.18927 0.28619 -10.18002
v 6.18927 0.31988 -10.16201
v 6.18927 0.34940 -10.13778
v 6.18927 0.37364 -10.10825
v 6.18927 0.39164 -10.07456
v 6.18927 0.40273 -10.03801
v 6.18927 0.40647 -9.99999
v 6.18927 0.40273 -9.96198
v 6.18927 0.39164 -9.92543
v 6.18927 0.37364 -9.89174
v 6.18927 0.34940 -9.86221
v 6.18927 0.31988 -9.83798
v 6.18927 0.28619 -9.81997
v 6.18927 0.24963 -9.80889
v 6.24069 0.21162 -9.86635
v 6.24069 0.18555 -9.86892
v 6.24069 0.16048 -9.87652
v 6.24069 0.13737 -9.88887
v 6.24069 0.11712 -9.90549
v 6.24069 0.10050 -9.92574
v 6.24069 0.08815 -9.94885
v 6.24069 0.08054 -9.97392
v 6.24069 0.07797 -9.99999
v 6.24069 0.08054 -10.02607
v 6.24069 0.08815 -10.05114
v 6.24069 0.10050 -10.07424
v 6.24069 0.11712 -10.09450
v 6.24069 0.13737 -10.11112
v 6.24069 0.16048 -10.12347
v 6.24069 0.18555 -10.13107
v 6.24069 0.21162 -10.13364
v 6.24069 0.23769 -10.13107
v 6.24069 0.26277 -10.12347
v 6.24069 0.28587 -10.11112
v 6.24069 0.30612 -10.09450
v 6.24069 0.32275 -10.07424
v 6.24069 0.33509 -10.05114
v 6.24069 0.34270 -10.02607
v 6.24069 0.34527 -9.99999
v 6.24069 0.34270 -9.97392
v 6.24069 0.33509 -9.94885
v 6.24069 0.32275 -9.92574
v 6.24069 0.30612 -9.90549
v 6.24069 0.28587 -9.88887
v 6.24069 0.26277 -9.87652
v 6.24069 0.23769 -9.86892
v 6.31783 0.21162 -9.95229
v 6.31783 0.20231 -9.95321
v 6.31783 0.19337 -9.95592
v 6.31783 0.18512 -9.96033
v 6.31783 0.17789 -9.96626
v 6.31783 0.17196 -9.97349
v 6.31783 0.16755 -9.98174
v 6.31783 0.16484 -9.99069
v 6.31783 0.16392 -9.99999
v 6.31783 0.16484 -10.00930
v 6.31783 0.16755 -10.01825
v 6.31783 0.17196 -10.02650
v 6.31783 0.17789 -10.03373
v 6.31783 0.18512 -10.03966
v 6.31783 0.19337 -10.04406
v 6.31783 0.20231 -10.04678
v 6.31783 0.21162 -10.04770
v 6.31783 0.22093 -10.04678
v 6.31783 0.22988 -10.04406
v 6.31783 0.23812 -10.03966
v 6.31783 0.24535 -10.03373
v 6.31783 0.25128 -10.02650
v 6.31783 0.25569 -10.01825
v 6.31783 0.25841 -10.00930
v 6.31783 0.25932 -9.99999
v 6.31783 0.25841 -9.99069
v 6.31783 0.25569 -9.98174
v 6.31783 0.25128 -9.97349
v 6.31783 0.24535 -9.96626
v 6.31783 0.23812 -9.96033
v 6.31783 0.22988 -9.95592
v 6.31783 0.22093 -9.95321
v 6.36925 0.21162 -9.99999
v 6.36925 0.21162 -9.99999
v 6.36925 0.21162 -9.99999
v 6.36925 0.21162 -9.99999
v 6.36925 0.21162 -9.99999
v 6.36925 0.21162 -9.99999
v 6.36925 0.21162 -9.99999
v 6.36925 0.21162 -9.99999
v 6.36925 0.21162 -9.99999
v 6.36925 0.21162 -9.99999
v 6.36925 0.21162 -9.99999
v 6.36925 0.21162 -9.99999
v 6.36925 0.21162 -9.99999
v 6.36925 0.21162 -9.99999
v 6.36925 0.21162 -9.99999
v 6.36925 0.21162 -9.99999
v 6.36925 0.21162 -9.99999
v 6.36925 0.21162 -9.99999
v 6.36925 0.21162 -9.99999
v 6.36925 0.21162 -9.99999
v 6.36925 0.21162 -9.99999
v 6.36925 0.21162 -9.99999
v 6.36925 0.21162 -9.99999
v 6.36925 0.21162 -9.99999
v 6.36925 0.21162 -9.99999
v 6.36925 0.21162 -9.99999
v 6.36925 0.21162 -9.99999
v 6.36925 0.21162 -9.99999
v 6.36925 0.21162 -9.99999
v 6.36925 0.21162 -9.99999
v 6.36925 0.21162 -9.99999
v 6.36925 0.21162 -9.99999
v 3.27209 0.24622 -9.86786
v 1.28658 0.24622 -9.86786
v 3.27209 0.22044 -9.87040
v 1.28658 0.22044 -9.87040
v 3.27209 0.19565 -9.87792
v 1.28658 0.19565 -9.87792
v 3.27209 0.17280 -9.89013
v 1.28658 0.17280 -9.89013
v 3.27209 0.15278 -9.90656
v 1.28658 0.15278 -9.90656
v 3.27209 0.13635 -9.92658
v 1.28658 0.13635 -9.92658
v 3.27209 0.12414 -9.94943
v 1.28658 0.12414 -9.94943
v 3.27209 0.11662 -9.97422
v 1.28658 0.11662 -9.97422
v 3.27209 0.11408 -10.00000
v 1.28658 0.11408 -10.00000
v 3.27209 0.11662 -10.02577
v 1.28658 0.11662 -10.02577
v 3.27209 0.12414 -10.05056
v 1.28658 0.12414 -10.05056
v 3.27209 0.13635 -10.07341
v 1.28658 0.13635 -10.07341
v 3.27209 0.15278 -10.09343
v 1.28658 0.15278 -10.09343
v 3.27209 0.17280 -10.10986
v 1.28658 0.17280 -10.10986
v 3.27209 0.19565 -10.12207
v 1.28658 0.19565 -10.12207
v 3.27209 0.22044 -10.12959
v 1.28658 0.22044 -10.12959
v 3.27209 0.24622 -10.13213
v 1.28658 0.24622 -10.13213
v 3.27209 0.27199 -10.12959
v 1.28658 0.27199 -10.12959
v 3.27209 0.29678 -10.12207
v 1.28658 0.29678 -10.12207
v 3.27209 0.31963 -10.10986
v 1.28658 0.31963 -10.10986
v 3.27209 0.33965 -10.09343
v 1.28658 0.33965 -10.09343
v 3.27209 0.35608 -10.07341
v 1.28658 0.35608 -10.07341
v 3.27209 0.36829 -10.05056
v 1.28658 0.36829 -10.05056
v 3.27209 0.37581 -10.02577
v 1.28658 0.37581 -10.02577
v 3.27209 0.37835 -10.00000
v 1.28658 0.37835 -10.00000
v 3.27209 0.37581 -9.97422
v 1.28658 0.37581 -9.97422
v 3.27209 0.36829 -9.94943
v 1.28658 0.36829 -9.94943
v 3.27209 0.35608 -9.92658
v 1.28658 0.35608 -9.92658
v 3.27209 0.33965 -9.90656
v 1.28658 0.33965 -9.90656
v 3.27209 0.31963 -9.89013
v 1.28658 0.31963 -9.89013
v 3.27209 0.29678 -9.87792
v 1.28658 0.29678 -9.87792
v 3.27209 0.27199 -9.87040
v 1.28658 0.27199 -9.87040
v 6.04779 0.48261 -9.86786
v 1.28658 0.48261 -9.86786
v 6.04779 0.45683 -9.87040
v 1.28658 0.45683 -9.87040
v 6.04779 0.43204 -9.87792
v 1.28658 0.43204 -9.87792
v 6.04779 0.40919 -9.89013
v 1.28658 0.40919 -9.89013
v 6.04779 0.38917 -9.90656
v 1.28658 0.38917 -9.90656
v 6.04779 0.37274 -9.92659
v 1.28658 0.37274 -9.92658
v 6.04779 0.36053 -9.94943
v 1.28658 0.36053 -9.94943
v 6.04779 0.35301 -9.97422
v 1.28658 0.35301 -9.97422
v 6.04779 0.35047 -10.00000
v 1.28658 0.35047 -10.00000
v 6.04779 0.35301 -10.02577
v 1.28658 0.35301 -10.02577
v 6.04779 0.36053 -10.05056
v 1.28658 0.36053 -10.05056
v 6.04779 0.37274 -10.07341
v 1.28658 0.37274 -10.07341
v 6.04779 0.38917 -10.09343
v 1.28658 0.38917 -10.09343
v 6.04779 0.40919 -10.10986
v 1.28658 0.40919 -10.10986
v 6.04779 0.43204 -10.12208
v 1.28658 0.43204 -10.12207
v 6.04779 0.45683 -10.12960
v 1.28658 0.45683 -10.12959
v 6.04779 0.48261 -10.13213
v 1.28658 0.48261 -10.13213
v 6.04779 0.50838 -10.12960
v 1.28658 0.50838 -10.12959
v 6.04779 0.53317 -10.12208
v 1.28658 0.53317 -10.12207
v 6.04779 0.55602 -10.10986
v 1.28658 0.55602 -10.10986
v 6.04779 0.57604 -10.09343
v 1.28658 0.57604 -10.09343
v 6.04779 0.59247 -10.07341
v 1.28658 0.59247 -10.07341
v 6.04779 0.60468 -10.05056
v 1.28658 0.60468 -10.05056
v 6.04779 0.61220 -10.02577
v 1.28658 0.61220 -10.02577
v 6.04779 0.61474 -10.00000
v 1.28658 0.61474 -10.00000
v 6.04779 0.61220 -9.97422
v 1.28658 0.61220 -9.97422
v 6.04779 0.60468 -9.94943
v 1.28658 0.60468 -9.94943
v 6.04779 0.59247 -9.92658
v 1.28658 0.59247 -9.92658
v 6.04779 0.57604 -9.90656
v 1.28658 0.57604 -9.90656
v 6.04779 0.55602 -9.89013
v 1.28658 0.55602 -9.89013
v 6.04779 0.53317 -9.87792
v 1.28658 0.53317 -9.87792
v 6.04779 0.50838 -9.87040
v 1.28658 0.50838 -9.87040
v 8.08892 0.75033 -9.86786
v 1.28658 0.75033 -9.86786
v 8.08892 0.72455 -9.87040
v 1.28658 0.72455 -9.87040
v 8.08892 0.69976 -9.87792
v 1.28658 0.69976 -9.87792
v 8.08892 0.67691 -9.89013
v 1.28658 0.67691 -9.89013
v 8.08892 0.65689 -9.90656
v 1.28658 0.65689 -9.90656
v 8.08892 0.64046 -9.92659
v 1.28658 0.64046 -9.92658
v 8.08892 0.62825 -9.94943
v 1.28658 0.62825 -9.94943
v 8.08892 0.62073 -9.97422
v 1.28658 0.62073 -9.97422
v 8.08892 0.61819 -10.00000
v 1.28658 0.61819 -10.00000
v 8.08892 0.62073 -10.02578
v 1.28658 0.62073 -10.02577
v 8.08892 0.62825 -10.05056
v 1.28658 0.62825 -10.05056
v 8.08892 0.64046 -10.07341
v 1.28658 0.64046 -10.07341
v 8.08892 0.65689 -10.09343
v 1.28658 0.65689 -10.09343
v 8.08892 0.67691 -10.10986
v 1.28658 0.67691 -10.10986
v 8.08892 0.69976 -10.12208
v 1.28658 0.69976 -10.12207
v 8.08892 0.72455 -10.12960
v 1.28658 0.72455 -10.12959
v 8.08892 0.75033 -10.13213
v 1.28658 0.75033 -10.13213
v 8.08892 0.77610 -10.12960
v 1.28658 0.77610 -10.12959
v 8.08892 0.80089 -10.12208
v 1.28658 0.80089 -10.12207
v 8.08892 0.82374 -10.10986
v 1.28658 0.82374 -10.10986
v 8.08892 0.84376 -10.09343
v 1.28658 0.84376 -10.09343
v 8.08892 0.86019 -10.07341
v 1.28658 0.86019 -10.07341
v 8.08892 0.87240 -10.05056
v 1.28658 0.87240 -10.05056
v 8.08892 0.87992 -10.02578
v 1.28658 0.87992 -10.02577
v 8.08892 0.88246 -10.00000
v 1.28658 0.88246 -10.00000
v 8.08892 0.87992 -9.97422
v 1.28658 0.87992 -9.97422
v 8.08892 0.87240 -9.94943
v 1.28658 0.87240 -9.94943
v 8.08892 0.86019 -9.92659
v 1.28658 0.86019 -9.92658
v 8.08892 0.84376 -9.90656
v 1.28658 0.84376 -9.90656
v 8.08892 0.82374 -9.89013
v 1.28658 0.82374 -9.89013
v 8.08892 0.80089 -9.87792
v 1.28658 0.80089 -9.87792
v 8.08892 0.77610 -9.87040
v 1.28658 0.77610 -9.87040
v 1.28883 0.91155 -10.22400
v 1.28883 1.12824 -10.22400
v 1.28883 0.91155 -9.77599
v 1.28883 1.12824 -9.77599
v -0.75654 0.91155 -10.22399
v -0.75654 1.12824 -10.22399
v -0.75654 0.91155 -9.77599
v -0.75654 1.12824 -9.77599
v -0.15173 0.91155 -9.77599
v -0.15173 1.12824 -9.77599
v -0.15173 0.91155 -10.22400
v -0.15173 1.12824 -10.22400
v 0.02834 0.91155 -9.77599
v 0.02834 1.12824 -10.22400
v 0.02834 1.12824 -9.77599
v 0.02834 0.91155 -10.22400
v 0.02834 1.27823 -9.77599
v -0.15173 1.27823 -9.77599
v -0.15173 1.27823 -10.22400
v 0.02834 1.27823 -10.22400
v 0.02834 1.41798 -9.92464
v -0.15173 1.41798 -9.92464
v -0.15173 1.41798 -10.07535
v 0.02834 1.41798 -10.07535
v -1.03816 -0.23265 -10.03206
v -1.33117 0.14958 -10.03206
v -1.03816 -0.23265 -9.96806
v -1.33117 0.14958 -9.96806
v -1.11887 -0.23265 -10.03206
v -1.41188 0.14958 -10.03206
v -1.11887 -0.23265 -9.96806
v -1.41188 0.14958 -9.96806
v -1.30258 0.01459 -10.03206
v -1.30258 0.01459 -9.96806
v -1.38329 0.01459 -9.96806
v -1.38329 0.01459 -10.03206
v -1.20928 -0.14451 -9.96806
v -1.28999 -0.14451 -9.96806
v -1.28999 -0.14451 -10.03206
v -1.20928 -0.14451 -10.03206
v -1.16035 -0.18744 -9.96806
v -1.24106 -0.18744 -9.96806
v -1.24106 -0.18744 -10.03206
v -1.16035 -0.18744 -10.03206
v -1.27882 -0.07641 -10.03206
v -1.27882 -0.07641 -9.96806
v -1.35953 -0.07641 -9.96806
v -1.35953 -0.07641 -10.03206
v -1.24749 -0.11046 -9.96806
v -1.32820 -0.11046 -9.96806
v -1.32820 -0.11046 -10.03206
v -1.24749 -0.11046 -10.03206
v 8.03279 0.80087 -10.03207
v 7.81064 1.07733 -10.03206
v 8.03279 0.80087 -9.96807
v 7.81064 1.07733 -9.96807
v 7.46163 0.80087 -10.03206
v 7.62276 1.07733 -10.03206
v 7.46163 0.80087 -9.96807
v 7.62276 1.07733 -9.96807
v 7.95022 0.90363 -10.03207
v 7.95022 0.90363 -9.96807
v 7.52152 0.90363 -9.96807
v 7.52152 0.90363 -10.03206
v 7.15343 0.90363 -9.96806
v 7.09354 0.80087 -9.96806
v 7.09354 0.80087 -10.03206
v 7.15343 0.90363 -10.03206
v -4.93397 -0.66509 -10.28803
v -4.93397 0.13258 -10.28803
v -4.93397 -0.66509 -9.71203
v -4.93397 0.13258 -9.71203
v -6.95385 -1.50171 -10.28803
v -6.93684 -0.00910 -10.28803
v -6.95385 -1.50171 -9.71203
v -6.93684 -0.00910 -9.71203
v -4.38441 -0.47653 -9.71204
v -4.38441 -0.47653 -10.28803
v -4.38441 0.17779 -10.28803
v -4.38441 0.17779 -9.71203
v -4.00300 -0.44773 -9.71204
v -4.00300 -0.44773 -10.28803
v -3.99069 0.20969 -10.28803
v -3.99069 0.20969 -9.71204
v -3.79509 -0.44773 -9.71204
v -3.79509 -0.44773 -10.28804
v -3.78278 0.20969 -10.28803
v -3.78278 0.20969 -9.71204
v -3.40627 -0.66990 -9.71204
v -3.40627 -0.66990 -10.28804
v -3.40627 -0.01577 -10.28804
v -3.40627 -0.01577 -9.71204
v -2.49990 0.15526 -9.71204
v -2.49990 0.15526 -10.28804
v -2.49990 0.44849 -10.28804
v -2.49990 0.44849 -9.71204
v -2.95308 0.21636 -9.71204
v -2.95308 0.21636 -10.28804
v -2.95308 -0.17119 -10.28804
v -2.95308 -0.17119 -9.71204
v 1.20113 0.28687 -9.71204
v 1.20113 0.28687 -10.28804
v 1.20967 0.86775 -10.28804
v 1.20967 0.86775 -9.71204
v -1.32556 0.32104 -9.71204
v -1.32285 0.77051 -9.71204
v -1.32285 0.77051 -10.28804
v -1.32556 0.32104 -10.28804
v -0.06169 1.40614 -9.98669
v -0.06169 1.71474 -9.98669
v -0.06430 1.40614 -9.98695
v -0.06430 1.71474 -9.98695
v -0.06680 1.40614 -9.98771
v -0.06680 1.71474 -9.98771
v -0.06911 1.40614 -9.98894
v -0.06911 1.71474 -9.98894
v -0.07113 1.40614 -9.99060
v -0.07113 1.71474 -9.99060
v -0.07279 1.40614 -9.99262
v -0.07279 1.71474 -9.99262
v -0.07403 1.40614 -9.99493
v -0.07403 1.71474 -9.99493
v -0.07479 1.40614 -9.99744
v -0.07479 1.71474 -9.99744
v -0.07504 1.40614 -10.00004
v -0.07504 1.71474 -10.00004
v -0.07479 1.40614 -10.00264
v -0.07479 1.71474 -10.00264
v -0.07403 1.40614 -10.00515
v -0.07403 1.71474 -10.00515
v -0.07279 1.40614 -10.00746
v -0.07279 1.71474 -10.00746
v -0.07113 1.40614 -10.00948
v -0.07113 1.71474 -10.00948
v -0.06911 1.40614 -10.01114
v -0.06911 1.71474 -10.01114
v -0.06680 1.40614 -10.01237
v -0.06680 1.71474 -10.01237
v -0.06430 1.40614 -10.01313
v -0.06430 1.71474 -10.01313
v -0.06169 1.40614 -10.01339
v -0.06169 1.71474 -10.01339
v -0.05909 1.40614 -10.01313
v -0.05909 1.71474 -10.01313
v -0.05658 1.40614 -10.01237
v -0.05658 1.71474 -10.01237
v -0.05427 1.40614 -10.01114
v -0.05427 1.71474 -10.01114
v -0.05225 1.40614 -10.00948
v -0.05225 1.71474 -10.00948
v -0.05059 1.40614 -10.00746
v -0.05059 1.71474 -10.00746
v -0.04936 1.40614 -10.00515
v -0.04936 1.71474 -10.00515
v -0.04860 1.40614 -10.00264
v -0.04860 1.71474 -10.00264
v -0.04834 1.40614 -10.00004
v -0.04834 1.71474 -10.00004
v -0.04860 1.40614 -9.99744
v -0.04860 1.71474 -9.99744
v -0.04936 1.40614 -9.99493
v -0.04936 1.71474 -9.99493
v -0.05059 1.40614 -9.99262
v -0.05059 1.71474 -9.99262
v -0.05225 1.40614 -9.99060
v -0.05225 1.71474 -9.99060
v -0.05427 1.40614 -9.98894
v -0.05427 1.71474 -9.98894
v -0.05658 1.40614 -9.98771
v -0.05658 1.71474 -9.98771
v -0.05909 1.40614 -9.98695
v -0.05909 1.71474 -9.98695
v -0.04238 1.75717 -9.80897
v -0.04238 1.79444 -9.81264
v -0.04238 1.83027 -9.82351
v -0.04238 1.86330 -9.84116
v -0.04238 1.89224 -9.86492
v -0.04238 1.91600 -9.89386
v -0.04238 1.93365 -9.92689
v -0.04238 1.94452 -9.96272
v -0.04238 1.94819 -9.99999
v -0.04238 1.94452 -10.03725
v -0.04238 1.93365 -10.07308
v -0.04238 1.91600 -10.10611
v -0.04238 1.89224 -10.13505
v -0.04238 1.86330 -10.15881
v -0.04238 1.83027 -10.17646
v -0.04238 1.79444 -10.18733
v -0.04238 1.75717 -10.19100
v -0.04238 1.71991 -10.18733
v -0.04238 1.68407 -10.17646
v -0.04238 1.65105 -10.15881
v -0.04238 1.62210 -10.13505
v -0.04238 1.59835 -10.10611
v -0.04238 1.58070 -10.07308
v -0.04238 1.56983 -10.03725
v -0.04238 1.56616 -9.99999
v -0.04238 1.56983 -9.96272
v -0.04238 1.58070 -9.92689
v -0.04238 1.59835 -9.89386
v -0.04238 1.62211 -9.86492
v -0.04238 1.65105 -9.84116
v -0.04238 1.68408 -9.82351
v -0.04238 1.71991 -9.81264
v -0.04238 1.79125 -9.82869
v -0.04238 1.75717 -9.82533
v -0.04238 1.82401 -9.83863
v -0.04238 1.85421 -9.85477
v -0.04238 1.88067 -9.87649
v -0.04238 1.90239 -9.90295
v -0.04238 1.91853 -9.93315
v -0.04238 1.92847 -9.96591
v -0.04238 1.93183 -9.99999
v -0.04238 1.92847 -10.03406
v -0.04238 1.91853 -10.06682
v -0.04238 1.90239 -10.09702
v -0.04238 1.88067 -10.12348
v -0.04238 1.85421 -10.14520
v -0.04238 1.82401 -10.16134
v -0.04238 1.79125 -10.17128
v -0.04238 1.75717 -10.17464
v -0.04238 1.72310 -10.17128
v -0.04238 1.69034 -10.16134
v -0.04238 1.66014 -10.14520
v -0.04238 1.63368 -10.12348
v -0.04238 1.61196 -10.09702
v -0.04238 1.59582 -10.06682
v -0.04238 1.58588 -10.03406
v -0.04238 1.58252 -9.99999
v -0.04238 1.58588 -9.96591
v -0.04238 1.59582 -9.93315
v -0.04238 1.61196 -9.90295
v -0.04238 1.63368 -9.87649
v -0.04238 1.66014 -9.85477
v -0.04238 1.69034 -9.83863
v -0.04238 1.72310 -9.82869
v -0.08101 1.79444 -9.81264
v -0.08101 1.75717 -9.80897
v -0.08101 1.83027 -9.82351
v -0.08101 1.86330 -9.84116
v -0.08101 1.89224 -9.86492
v -0.08101 1.91600 -9.89386
v -0.08101 1.93365 -9.92689
v -0.08101 1.94452 -9.96272
v -0.08101 1.94819 -9.99999
v -0.08101 1.94452 -10.03725
v -0.08101 1.93365 -10.07308
v -0.08101 1.91600 -10.10611
v -0.08101 1.89224 -10.13505
v -0.08101 1.86330 -10.15881
v -0.08101 1.83027 -10.17646
v -0.08101 1.79444 -10.18733
v -0.08101 1.75717 -10.19100
v -0.08101 1.71991 -10.18733
v -0.08101 1.68407 -10.17646
v -0.08101 1.65105 -10.15881
v -0.08101 1.62210 -10.13505
v -0.08101 1.59835 -10.10611
v -0.08101 1.58070 -10.07308
v -0.08101 1.56983 -10.03725
v -0.08101 1.56616 -9.99999
v -0.08101 1.56983 -9.96272
v -0.08101 1.58070 -9.92689
v -0.08101 1.59835 -9.89386
v -0.08101 1.62211 -9.86492
v -0.08101 1.65105 -9.84116
v -0.08101 1.68408 -9.82351
v -0.08101 1.71991 -9.81264
v -0.08101 1.79125 -9.82869
v -0.08101 1.75717 -9.82533
v -0.08101 1.82401 -9.83863
v -0.08101 1.85421 -9.85477
v -0.08101 1.88067 -9.87649
v -0.08101 1.90239 -9.90295
v -0.08101 1.91853 -9.93315
v -0.08101 1.92847 -9.96591
v -0.08101 1.93183 -9.99999
v -0.08101 1.92847 -10.03406
v -0.08101 1.91853 -10.06682
v -0.08101 1.90239 -10.09702
v -0.08101 1.88067 -10.12348
v -0.08101 1.85421 -10.14520
v -0.08101 1.82401 -10.16134
v -0.08101 1.79125 -10.17128
v -0.08101 1.75717 -10.17464
v -0.08101 1.72310 -10.17128
v -0.08101 1.69034 -10.16134
v -0.08101 1.66014 -10.14520
v -0.08101 1.63368 -10.12348
v -0.08101 1.61196 -10.09702
v -0.08101 1.59582 -10.06682
v -0.08101 1.58588 -10.03406
v -0.08101 1.58252 -9.99999
v -0.08101 1.58588 -9.96591
v -0.08101 1.59582 -9.93315
v -0.08101 1.61196 -9.90295
v -0.08101 1.63368 -9.87649
v -0.08101 1.66014 -9.85477
v -0.08101 1.69034 -9.83863
v -0.08101 1.72310 -9.82869
v -0.06169 1.73317 -9.81799
v -0.06169 1.73317 -10.18209
v -0.06430 1.73292 -9.81799
v -0.06430 1.73292 -10.18209
v -0.06680 1.73216 -9.81799
v -0.06680 1.73216 -10.18209
v -0.06911 1.73092 -9.81799
v -0.06911 1.73092 -10.18209
v -0.07113 1.72926 -9.81799
v -0.07113 1.72926 -10.18209
v -0.07279 1.72724 -9.81799
v -0.07279 1.72724 -10.18209
v -0.07403 1.72493 -9.81799
v -0.07403 1.72493 -10.18209
v -0.07479 1.72243 -9.81799
v -0.07479 1.72243 -10.18209
v -0.07504 1.71982 -9.81799
v -0.07504 1.71982 -10.18209
v -0.07479 1.71722 -9.81799
v -0.07479 1.71722 -10.18209
v -0.07403 1.71471 -9.81799
v -0.07403 1.71471 -10.18209
v -0.07279 1.71241 -9.81799
v -0.07279 1.71241 -10.18209
v -0.07113 1.71038 -9.81799
v -0.07113 1.71038 -10.18209
v -0.06911 1.70872 -9.81799
v -0.06911 1.70872 -10.18209
v -0.06680 1.70749 -9.81799
v -0.06680 1.70749 -10.18209
v -0.06430 1.70673 -9.81799
v -0.06430 1.70673 -10.18209
v -0.06169 1.70647 -9.81799
v -0.06169 1.70647 -10.18209
v -0.05909 1.70673 -9.81799
v -0.05909 1.70673 -10.18209
v -0.05658 1.70749 -9.81799
v -0.05658 1.70749 -10.18209
v -0.05427 1.70872 -9.81799
v -0.05427 1.70872 -10.18209
v -0.05225 1.71038 -9.81799
v -0.05225 1.71038 -10.18209
v -0.05059 1.71241 -9.81799
v -0.05059 1.71241 -10.18209
v -0.04936 1.71471 -9.81799
v -0.04936 1.71471 -10.18209
v -0.04860 1.71722 -9.81799
v -0.04860 1.71722 -10.18209
v -0.04834 1.71982 -9.81799
v -0.04834 1.71982 -10.18209
v -0.04860 1.72243 -9.81799
v -0.04860 1.72243 -10.18209
v -0.04936 1.72493 -9.81799
v -0.04936 1.72493 -10.18209
v -0.05059 1.72724 -9.81799
v -0.05059 1.72724 -10.18209
v -0.05225 1.72926 -9.81799
v -0.05225 1.72926 -10.18209
v -0.05427 1.73092 -9.81799
v -0.05427 1.73092 -10.18209
v -0.05658 1.73216 -9.81799
v -0.05658 1.73216 -10.18209
v -0.05909 1.73292 -9.81799
v -0.05909 1.73292 -10.18209
vt 0.48159 0.00000
vt 0.62500 0.00000
vt 0.62500 0.25000
vt 0.48159 0.25000
vt 0.37500 0.35659
vt 0.62500 0.35659
vt 0.62500 0.50000
vt 0.37500 0.50000
vt 0.87500 0.50000
vt 0.62500 0.50000
vt 0.62500 0.50000
vt 0.87500 0.50000
vt 0.53416 0.75000
vt 0.62500 0.75000
vt 0.62500 1.00000
vt 0.53416 1.00000
vt 0.12500 0.50000
vt 0.37500 0.50000
vt 0.37500 0.75000
vt 0.12500 0.75000
vt 0.62500 0.65916
vt 0.87500 0.65916
vt 0.87500 0.75000
vt 0.87500 0.50000
vt 0.62500 0.50000
vt 0.62500 0.50000
vt 0.87500 0.50000
vt 0.62500 0.50000
vt 0.37500 0.50000
vt 0.37500 0.75000
vt 0.37500 1.00000
vt 0.37500 1.00000
vt 0.37500 0.75000
vt 0.62500 0.00000
vt 0.62500 0.25000
vt 0.62500 0.25000
vt 0.62500 0.00000
vt 0.62500 0.00000
vt 0.62500 0.25000
vt 0.37500 0.50000
vt 0.37500 0.50000
vt 0.37500 0.50000
vt 0.37500 0.50000
vt 0.62500 0.25000
vt 0.62500 0.00000
vt 0.62500 0.00000
vt 0.62500 0.25000
vt 0.37500 0.50000
vt 0.62500 0.50000
vt 0.62500 0.50000
vt 0.37500 0.50000
vt 0.37500 0.50000
vt 0.62500 0.50000
vt 0.62500 0.50000
vt 0.37500 0.50000
vt 0.62500 0.25000
vt 0.62500 0.00000
vt 0.62500 0.00000
vt 0.62500 0.25000
vt 0.37500 0.75000
vt 0.37500 1.00000
vt 0.37500 1.00000
vt 0.37500 0.75000
vt 0.87500 0.50000
vt 0.62500 0.50000
vt 0.62500 0.50000
vt 0.87500 0.50000
vt 0.37500 0.50000
vt 0.62500 0.50000
vt 0.62500 0.75000
vt 0.37500 0.75000
vt 0.37500 0.50000
vt 0.62500 0.50000
vt 0.87500 0.50000
vt 0.62500 0.50000
vt 0.62500 0.50000
vt 0.87500 0.50000
vt 0.37500 0.75000
vt 0.37500 1.00000
vt 0.37500 1.00000
vt 0.87500 0.64341
vt 0.62500 0.64341
vt 0.51841 0.75000
vt 0.51841 1.00000
vt 0.37500 0.35225
vt 0.62500 0.35225
vt 0.47725 0.00000
vt 0.47725 0.25000
vt 0.37500 0.00000
vt 0.46584 0.00000
vt 0.46584 0.25000
vt 0.37500 0.25000
vt 0.37500 0.25000
vt 0.62500 0.25000
vt 0.62500 0.34084
vt 0.37500 0.34084
vt 0.62500 0.65387
vt 0.87500 0.65387
vt 0.52887 0.75000
vt 0.52887 1.00000
vt 0.52275 0.75000
vt 0.52275 1.00000
vt 0.62500 0.64775
vt 0.87500 0.64775
vt 0.47113 0.00000
vt 0.47113 0.25000
vt 0.62500 0.34613
vt 0.37500 0.34613
vt 0.37500 0.75000
vt 0.37500 1.00000
vt 0.37500 1.00000
vt 0.37500 0.75000
vt 0.87500 0.50000
vt 0.62500 0.50000
vt 0.62500 0.50000
vt 0.87500 0.50000
vt 0.37500 0.50000
vt 0.62500 0.50000
vt 0.62500 0.50000
vt 0.37500 0.50000
vt 0.62500 0.25000
vt 0.62500 0.00000
vt 0.62500 0.00000
vt 0.62500 0.25000
vt 0.62500 0.50000
vt 0.62500 0.50000
vt 0.62500 0.50000
vt 0.62500 0.50000
vt 0.87500 0.50000
vt 0.62500 0.50000
vt 0.37500 0.50000
vt 0.62500 0.50000
vt 0.62500 0.25000
vt 0.62500 0.00000
vt 0.37500 1.00000
vt 0.37500 0.75000
vt 0.37500 0.75000
vt 0.37500 1.00000
vt 0.37500 1.00000
vt 0.37500 0.75000
vt 0.37500 1.00000
vt 0.37500 0.75000
vt 0.37500 0.75000
vt 0.37500 1.00000
vt 0.37500 0.50000
vt 0.37500 0.50000
vt 0.37500 0.50000
vt 0.37500 0.50000
vt 0.37500 0.50000
vt 0.37500 0.50000
vt 0.37500 1.00000
vt 0.37500 0.75000
vt 0.37500 0.50000
vt 0.37500 0.50000
vt 0.37500 1.00000
vt 0.37500 0.75000
vt 0.37500 0.75000
vt 0.37500 1.00000
vt 0.37500 1.00000
vt 0.37500 0.75000
vt 0.62500 0.50000
vt 0.62500 0.50000
vt 0.62500 0.50000
vt 0.62500 0.50000
vt 0.37500 0.75000
vt 0.37500 1.00000
vt 0.37500 1.00000
vt 0.37500 0.75000
vt 0.62500 0.50000
vt 0.62500 0.50000
vt 0.62500 0.50000
vt 0.62500 0.50000
vt 0.37500 0.75000
vt 0.37500 1.00000
vt 0.62500 0.50000
vt 0.37500 1.00000
vt 0.37500 0.75000
vt 0.37500 0.50000
vt 0.37500 0.50000
vt 0.37500 0.50000
vt 0.62500 0.50000
vt 0.62500 0.50000
vt 0.62500 0.50000
vt 0.62500 0.50000
vt 0.37500 0.50000
vt 0.37500 0.50000
vt 0.37500 0.50000
vt 0.37500 0.50000
vt 0.62500 0.50000
vt 0.62500 0.50000
vt 0.37500 1.00000
vt 0.37500 0.75000
vt 0.62500 0.50000
vt 0.37500 0.50000
vt 0.37500 1.00000
vt 0.37500 0.75000
vt 0.37500 0.75000
vt 0.37500 1.00000
vt 0.37500 0.50000
vt 0.37500 0.50000
vt 0.37500 0.50000
vt 0.37500 0.75000
vt 0.37500 1.00000
vt 0.37500 1.00000
vt 0.37500 0.75000
vt 0.62500 0.50000
vt 0.62500 0.50000
vt 0.37500 0.50000
vt 0.37500 1.00000
vt 0.37500 0.75000
vt 0.37500 0.50000
vt 0.37500 0.50000
vt 0.37500 0.50000
vt 0.37500 0.75000
vt 0.37500 1.00000
vt 0.62500 0.50000
vt 0.62500 0.50000
vt 0.37500 1.00000
vt 0.37500 0.75000
vt 0.62500 0.50000
vt 0.62500 0.50000
vt 0.62500 0.50000
vt 0.62500 0.50000
vt 0.62500 0.50000
vt 0.37500 0.75000
vt 0.37500 1.00000
vt 0.37500 1.00000
vt 0.37500 0.75000
vt 0.62500 0.50000
vt 0.37500 0.50000
vt 0.37500 0.50000
vt 0.37500 0.50000
vt 0.37500 0.50000
vt 0.37500 0.50000
vt 0.37500 1.00000
vt 0.37500 0.75000
vt 0.37500 0.75000
vt 0.37500 1.00000
vt 0.37500 0.50000
vt 0.62500 0.50000
vt 0.37500 0.75000
vt 0.37500 1.00000
vt 0.37500 1.00000
vt 0.37500 0.75000
vt 0.62500 0.50000
vt 0.62500 0.50000
vt 0.62500 0.50000
vt 0.37500 0.50000
vt 1.00000 0.50000
vt 1.00000 1.00000
vt 0.96875 1.00000
vt 0.96875 0.50000
vt 0.93750 1.00000
vt 0.93750 0.50000
vt 0.90625 1.00000
vt 0.90625 0.50000
vt 0.87500 1.00000
vt 0.87500 0.50000
vt 0.84375 1.00000
vt 0.84375 0.50000
vt 0.81250 1.00000
vt 0.81250 0.50000
vt 0.78125 1.00000
vt 0.78125 0.50000
vt 0.75000 1.00000
vt 0.75000 0.50000
vt 0.71875 1.00000
vt 0.71875 0.50000
vt 0.68750 1.00000
vt 0.68750 0.50000
vt 0.65625 1.00000
vt 0.65625 0.50000
vt 0.62500 1.00000
vt 0.62500 0.50000
vt 0.59375 1.00000
vt 0.59375 0.50000
vt 0.56250 1.00000
vt 0.56250 0.50000
vt 0.53125 1.00000
vt 0.53125 0.50000
vt 0.50000 1.00000
vt 0.50000 0.50000
vt 0.46875 1.00000
vt 0.46875 0.50000
vt 0.43750 1.00000
vt 0.43750 0.50000
vt 0.40625 1.00000
vt 0.40625 0.50000
vt 0.37500 1.00000
vt 0.37500 0.50000
vt 0.34375 1.00000
vt 0.34375 0.50000
vt 0.31250 1.00000
vt 0.31250 0.50000
vt 0.28125 1.00000
vt 0.28125 0.50000
vt 0.25000 1.00000
vt 0.25000 0.50000
vt 0.21875 1.00000
vt 0.21875 0.50000
vt 0.18750 1.00000
vt 0.18750 0.50000
vt 0.15625 1.00000
vt 0.15625 0.50000
vt 0.12500 1.00000
vt 0.12500 0.50000
vt 0.09375 1.00000
vt 0.09375 0.50000
vt 0.06250 1.00000
vt 0.06250 0.50000
vt 0.29682 0.48539
vt 0.25000 0.49000
vt 0.20318 0.48539
vt 0.15816 0.47173
vt 0.11666 0.44955
vt 0.08030 0.41971
vt 0.05045 0.38334
vt 0.02827 0.34184
vt 0.01461 0.29682
vt 0.01000 0.25000
vt 0.01461 0.20318
vt 0.02827 0.15816
vt 0.05045 0.11666
vt 0.08029 0.08029
vt 0.11666 0.05045
vt 0.15816 0.02827
vt 0.20318 0.01461
vt 0.25000 0.01000
vt 0.29682 0.01461
vt 0.34184 0.02827
vt 0.38334 0.05045
vt 0.41971 0.08029
vt 0.44955 0.11666
vt 0.47173 0.15816
vt 0.48539 0.20318
vt 0.49000 0.25000
vt 0.48539 0.29682
vt 0.47173 0.34184
vt 0.44955 0.38334
vt 0.41971 0.41971
vt 0.38334 0.44955
vt 0.34184 0.47173
vt 0.03125 1.00000
vt 0.03125 0.50000
vt 0.00000 1.00000
vt 0.00000 0.50000
vt 0.18750 0.50000
vt 0.21875 0.50000
vt 0.78125 0.50000
vt 0.75000 0.50000
vt 0.75000 0.50000
vt 0.78125 0.50000
vt 0.87500 0.50000
vt 0.90625 0.50000
vt 0.59375 0.50000
vt 0.62500 0.50000
vt 0.31250 0.50000
vt 0.34375 0.50000
vt 0.03125 0.50000
vt 0.06250 0.50000
vt 0.71875 0.50000
vt 0.43750 0.50000
vt 0.46875 0.50000
vt 0.15625 0.50000
vt 0.84375 0.50000
vt 0.56250 0.50000
vt 0.28125 0.50000
vt 0.96875 0.50000
vt 1.00000 0.50000
vt 0.00000 0.50000
vt 0.68750 0.50000
vt 0.40625 0.50000
vt 0.12500 0.50000
vt 0.81250 0.50000
vt 0.53125 0.50000
vt 0.25000 0.50000
vt 0.93750 0.50000
vt 0.65625 0.50000
vt 0.37500 0.50000
vt 0.09375 0.50000
vt 0.50000 0.50000
vt 0.68750 0.50000
vt 0.65625 0.50000
vt 0.65625 0.50000
vt 0.68750 0.50000
vt 0.31250 0.50000
vt 0.34375 0.50000
vt 0.71875 0.50000
vt 0.28125 0.50000
vt 0.25000 0.50000
vt 0.21875 0.50000
vt 0.62500 0.50000
vt 0.18750 0.50000
vt 0.59375 0.50000
vt 0.15625 0.50000
vt 0.56250 0.50000
vt 0.96875 0.50000
vt 1.00000 0.50000
vt 0.12500 0.50000
vt 0.53125 0.50000
vt 0.93750 0.50000
vt 0.09375 0.50000
vt 0.50000 0.50000
vt 0.90625 0.50000
vt 0.06250 0.50000
vt 0.46875 0.50000
vt 0.87500 0.50000
vt 0.03125 0.50000
vt 0.43750 0.50000
vt 0.84375 0.50000
vt 0.00000 0.50000
vt 0.40625 0.50000
vt 0.81250 0.50000
vt 0.37500 0.50000
vt 0.59375 0.50000
vt 0.56250 0.50000
vt 0.56250 0.50000
vt 0.59375 0.50000
vt 0.21875 0.50000
vt 0.25000 0.50000
vt 0.62500 0.50000
vt 0.18750 0.50000
vt 0.15625 0.50000
vt 0.96875 0.50000
vt 1.00000 0.50000
vt 0.12500 0.50000
vt 0.53125 0.50000
vt 0.93750 0.50000
vt 0.09375 0.50000
vt 0.50000 0.50000
vt 0.90625 0.50000
vt 0.06250 0.50000
vt 0.46875 0.50000
vt 0.87500 0.50000
vt 0.03125 0.50000
vt 0.43750 0.50000
vt 0.84375 0.50000
vt 0.00000 0.50000
vt 0.40625 0.50000
vt 0.81250 0.50000
vt 0.37500 0.50000
vt 0.78125 0.50000
vt 0.34375 0.50000
vt 0.75000 0.50000
vt 0.31250 0.50000
vt 0.71875 0.50000
vt 0.28125 0.50000
vt 0.50000 0.50000
vt 0.46875 0.50000
vt 0.46875 0.50000
vt 0.50000 0.50000
vt 0.96875 0.50000
vt 1.00000 0.50000
vt 0.12500 0.50000
vt 0.15625 0.50000
vt 0.53125 0.50000
vt 0.93750 0.50000
vt 0.09375 0.50000
vt 0.90625 0.50000
vt 0.06250 0.50000
vt 0.87500 0.50000
vt 0.03125 0.50000
vt 0.43750 0.50000
vt 0.84375 0.50000
vt 0.00000 0.50000
vt 0.40625 0.50000
vt 0.81250 0.50000
vt 0.37500 0.50000
vt 0.78125 0.50000
vt 0.34375 0.50000
vt 0.75000 0.50000
vt 0.31250 0.50000
vt 0.71875 0.50000
vt 0.28125 0.50000
vt 0.68750 0.50000
vt 0.25000 0.50000
vt 0.65625 0.50000
vt 0.21875 0.50000
vt 0.62500 0.50000
vt 0.18750 0.50000
vt 0.75000 0.49000
vt 0.79682 0.48539
vt 0.84184 0.47173
vt 0.88334 0.44955
vt 0.91971 0.41971
vt 0.94955 0.38334
vt 0.97173 0.34184
vt 0.98539 0.29682
vt 0.99000 0.25000
vt 0.98539 0.20318
vt 0.97173 0.15816
vt 0.94955 0.11666
vt 0.91971 0.08029
vt 0.88334 0.05045
vt 0.84184 0.02827
vt 0.79682 0.01461
vt 0.75000 0.01000
vt 0.70318 0.01461
vt 0.65816 0.02827
vt 0.61666 0.05045
vt 0.58029 0.08029
vt 0.55045 0.11666
vt 0.52827 0.15816
vt 0.51461 0.20318
vt 0.51000 0.25000
vt 0.51461 0.29682
vt 0.52827 0.34184
vt 0.55045 0.38334
vt 0.58030 0.41971
vt 0.61666 0.44955
vt 0.65816 0.47173
vt 0.70318 0.48539
vt 0.87500 0.50000
vt 0.90625 0.50000
vt 0.03125 0.50000
vt 0.06250 0.50000
vt 0.43750 0.50000
vt 0.84375 0.50000
vt 0.00000 0.50000
vt 0.40625 0.50000
vt 0.81250 0.50000
vt 0.37500 0.50000
vt 0.78125 0.50000
vt 0.34375 0.50000
vt 0.75000 0.50000
vt 0.31250 0.50000
vt 0.71875 0.50000
vt 0.28125 0.50000
vt 0.68750 0.50000
vt 0.25000 0.50000
vt 0.65625 0.50000
vt 0.21875 0.50000
vt 0.62500 0.50000
vt 0.18750 0.50000
vt 0.59375 0.50000
vt 0.15625 0.50000
vt 0.56250 0.50000
vt 0.96875 0.50000
vt 1.00000 0.50000
vt 0.12500 0.50000
vt 0.53125 0.50000
vt 0.93750 0.50000
vt 0.09375 0.50000
vt 1.00000 0.50000
vt 1.00000 1.00000
vt 0.96875 1.00000
vt 0.96875 0.50000
vt 0.93750 1.00000
vt 0.93750 0.50000
vt 0.90625 1.00000
vt 0.90625 0.50000
vt 0.87500 1.00000
vt 0.87500 0.50000
vt 0.84375 1.00000
vt 0.84375 0.50000
vt 0.81250 1.00000
vt 0.81250 0.50000
vt 0.78125 1.00000
vt 0.78125 0.50000
vt 0.75000 1.00000
vt 0.75000 0.50000
vt 0.71875 1.00000
vt 0.71875 0.50000
vt 0.68750 1.00000
vt 0.68750 0.50000
vt 0.65625 1.00000
vt 0.65625 0.50000
vt 0.62500 1.00000
vt 0.62500 0.50000
vt 0.59375 1.00000
vt 0.59375 0.50000
vt 0.56250 1.00000
vt 0.56250 0.50000
vt 0.53125 1.00000
vt 0.53125 0.50000
vt 0.50000 1.00000
vt 0.50000 0.50000
vt 0.46875 1.00000
vt 0.46875 0.50000
vt 0.43750 1.00000
vt 0.43750 0.50000
vt 0.40625 1.00000
vt 0.40625 0.50000
vt 0.37500 1.00000
vt 0.37500 0.50000
vt 0.34375 1.00000
vt 0.34375 0.50000
vt 0.31250 1.00000
vt 0.31250 0.50000
vt 0.28125 1.00000
vt 0.28125 0.50000
vt 0.25000 1.00000
vt 0.25000 0.50000
vt 0.21875 1.00000
vt 0.21875 0.50000
vt 0.18750 1.00000
vt 0.18750 0.50000
vt 0.15625 1.00000
vt 0.15625 0.50000
vt 0.12500 1.00000
vt 0.12500 0.50000
vt 0.09375 1.00000
vt 0.09375 0.50000
vt 0.06250 1.00000
vt 0.06250 0.50000
vt 0.29682 0.48539
vt 0.25000 0.49000
vt 0.20318 0.48539
vt 0.15816 0.47173
vt 0.11666 0.44955
vt 0.08030 0.41971
vt 0.05045 0.38334
vt 0.02827 0.34184
vt 0.01461 0.29682
vt 0.01000 0.25000
vt 0.01461 0.20318
vt 0.02827 0.15816
vt 0.05045 0.11666
vt 0.08029 0.08029
vt 0.11666 0.05045
vt 0.15816 0.02827
vt 0.20318 0.01461
vt 0.25000 0.01000
vt 0.29682 0.01461
vt 0.34184 0.02827
vt 0.38334 0.05045
vt 0.41971 0.08029
vt 0.44955 0.11666
vt 0.47173 0.15816
vt 0.48539 0.20318
vt 0.49000 0.25000
vt 0.48539 0.29682
vt 0.47173 0.34184
vt 0.44955 0.38334
vt 0.41971 0.41971
vt 0.38334 0.44955
vt 0.34184 0.47173
vt 0.03125 1.00000
vt 0.03125 0.50000
vt 0.00000 1.00000
vt 0.00000 0.50000
vt 0.75000 0.49000
vt 0.79682 0.48539
vt 0.84184 0.47173
vt 0.88334 0.44955
vt 0.91971 0.41971
vt 0.94955 0.38334
vt 0.97173 0.34184
vt 0.98539 0.29682
vt 0.99000 0.25000
vt 0.98539 0.20318
vt 0.97173 0.15816
vt 0.94955 0.11666
vt 0.91971 0.08029
vt 0.88334 0.05045
vt 0.84184 0.02827
vt 0.79682 0.01461
vt 0.75000 0.01000
vt 0.70318 0.01461
vt 0.65816 0.02827
vt 0.61666 0.05045
vt 0.58029 0.08029
vt 0.55045 0.11666
vt 0.52827 0.15816
vt 0.51461 0.20318
vt 0.51000 0.25000
vt 0.51461 0.29682
vt 0.52827 0.34184
vt 0.55045 0.38334
vt 0.58030 0.41971
vt 0.61666 0.44955
vt 0.65816 0.47173
vt 0.70318 0.48539
vt 1.00000 0.50000
vt 1.00000 1.00000
vt 0.96875 1.00000
vt 0.96875 0.50000
vt 0.93750 1.00000
vt 0.93750 0.50000
vt 0.90625 1.00000
vt 0.90625 0.50000
vt 0.87500 1.00000
vt 0.87500 0.50000
vt 0.84375 1.00000
vt 0.84375 0.50000
vt 0.81250 1.00000
vt 0.81250 0.50000
vt 0.78125 1.00000
vt 0.78125 0.50000
vt 0.75000 1.00000
vt 0.75000 0.50000
vt 0.71875 1.00000
vt 0.71875 0.50000
vt 0.68750 1.00000
vt 0.68750 0.50000
vt 0.65625 1.00000
vt 0.65625 0.50000
vt 0.62500 1.00000
vt 0.62500 0.50000
vt 0.59375 1.00000
vt 0.59375 0.50000
vt 0.56250 1.00000
vt 0.56250 0.50000
vt 0.53125 1.00000
vt 0.53125 0.50000
vt 0.50000 1.00000
vt 0.50000 0.50000
vt 0.46875 1.00000
vt 0.46875 0.50000
vt 0.43750 1.00000
vt 0.43750 0.50000
vt 0.40625 1.00000
vt 0.40625 0.50000
vt 0.37500 1.00000
vt 0.37500 0.50000
vt 0.34375 1.00000
vt 0.34375 0.50000
vt 0.31250 1.00000
vt 0.31250 0.50000
vt 0.28125 1.00000
vt 0.28125 0.50000
vt 0.25000 1.00000
vt 0.25000 0.50000
vt 0.21875 1.00000
vt 0.21875 0.50000
vt 0.18750 1.00000
vt 0.18750 0.50000
vt 0.15625 1.00000
vt 0.15625 0.50000
vt 0.12500 1.00000
vt 0.12500 0.50000
vt 0.09375 1.00000
vt 0.09375 0.50000
vt 0.06250 1.00000
vt 0.06250 0.50000
vt 0.29682 0.48539
vt 0.25000 0.49000
vt 0.20318 0.48539
vt 0.15816 0.47173
vt 0.11666 0.44955
vt 0.08030 0.41971
vt 0.05045 0.38334
vt 0.02827 0.34184
vt 0.01461 0.29682
vt 0.01000 0.25000
vt 0.01461 0.20318
vt 0.02827 0.15816
vt 0.05045 0.11666
vt 0.08029 0.08029
vt 0.11666 0.05045
vt 0.15816 0.02827
vt 0.20318 0.01461
vt 0.25000 0.01000
vt 0.29682 0.01461
vt 0.34184 0.02827
vt 0.38334 0.05045
vt 0.41971 0.08029
vt 0.44955 0.11666
vt 0.47173 0.15816
vt 0.48539 0.20318
vt 0.49000 0.25000
vt 0.48539 0.29682
vt 0.47173 0.34184
vt 0.44955 0.38334
vt 0.41971 0.41971
vt 0.38334 0.44955
vt 0.34184 0.47173
vt 0.03125 1.00000
vt 0.03125 0.50000
vt 0.00000 1.00000
vt 0.00000 0.50000
vt 0.75000 0.49000
vt 0.79682 0.48539
vt 0.84184 0.47173
vt 0.88334 0.44955
vt 0.91971 0.41971
vt 0.94955 0.38334
vt 0.97173 0.34184
vt 0.98539 0.29682
vt 0.99000 0.25000
vt 0.98539 0.20318
vt 0.97173 0.15816
vt 0.94955 0.11666
vt 0.91971 0.08029
vt 0.88334 0.05045
vt 0.84184 0.02827
vt 0.79682 0.01461
vt 0.75000 0.01000
vt 0.70318 0.01461
vt 0.65816 0.02827
vt 0.61666 0.05045
vt 0.58029 0.08029
vt 0.55045 0.11666
vt 0.52827 0.15816
vt 0.51461 0.20318
vt 0.51000 0.25000
vt 0.51461 0.29682
vt 0.52827 0.34184
vt 0.55045 0.38334
vt 0.58030 0.41971
vt 0.61666 0.44955
vt 0.65816 0.47173
vt 0.70318 0.48539
vt 1.00000 0.50000
vt 1.00000 1.00000
vt 0.96875 1.00000
vt 0.96875 0.50000
vt 0.93750 1.00000
vt 0.93750 0.50000
vt 0.90625 1.00000
vt 0.90625 0.50000
vt 0.87500 1.00000
vt 0.87500 0.50000
vt 0.84375 1.00000
vt 0.84375 0.50000
vt 0.81250 1.00000
vt 0.81250 0.50000
vt 0.78125 1.00000
vt 0.78125 0.50000
vt 0.75000 1.00000
vt 0.75000 0.50000
vt 0.71875 1.00000
vt 0.71875 0.50000
vt 0.68750 1.00000
vt 0.68750 0.50000
vt 0.65625 1.00000
vt 0.65625 0.50000
vt 0.62500 1.00000
vt 0.62500 0.50000
vt 0.59375 1.00000
vt 0.59375 0.50000
vt 0.56250 1.00000
vt 0.56250 0.50000
vt 0.53125 1.00000
vt 0.53125 0.50000
vt 0.50000 1.00000
vt 0.50000 0.50000
vt 0.46875 1.00000
vt 0.46875 0.50000
vt 0.43750 1.00000
vt 0.43750 0.50000
vt 0.40625 1.00000
vt 0.40625 0.50000
vt 0.37500 1.00000
vt 0.37500 0.50000
vt 0.34375 1.00000
vt 0.34375 0.50000
vt 0.31250 1.00000
vt 0.31250 0.50000
vt 0.28125 1.00000
vt 0.28125 0.50000
vt 0.25000 1.00000
vt 0.25000 0.50000
vt 0.21875 1.00000
vt 0.21875 0.50000
vt 0.18750 1.00000
vt 0.18750 0.50000
vt 0.15625 1.00000
vt 0.15625 0.50000
vt 0.12500 1.00000
vt 0.12500 0.50000
vt 0.09375 1.00000
vt 0.09375 0.50000
vt 0.06250 1.00000
vt 0.06250 0.50000
vt 0.29682 0.48539
vt 0.25000 0.49000
vt 0.20318 0.48539
vt 0.15816 0.47173
vt 0.11666 0.44955
vt 0.08030 0.41971
vt 0.05045 0.38334
vt 0.02827 0.34184
vt 0.01461 0.29682
vt 0.01000 0.25000
vt 0.01461 0.20318
vt 0.02827 0.15816
vt 0.05045 0.11666
vt 0.08029 0.08029
vt 0.11666 0.05045
vt 0.15816 0.02827
vt 0.20318 0.01461
vt 0.25000 0.01000
vt 0.29682 0.01461
vt 0.34184 0.02827
vt 0.38334 0.05045
vt 0.41971 0.08029
vt 0.44955 0.11666
vt 0.47173 0.15816
vt 0.48539 0.20318
vt 0.49000 0.25000
vt 0.48539 0.29682
vt 0.47173 0.34184
vt 0.44955 0.38334
vt 0.41971 0.41971
vt 0.38334 0.44955
vt 0.34184 0.47173
vt 0.03125 1.00000
vt 0.03125 0.50000
vt 0.00000 1.00000
vt 0.00000 0.50000
vt 0.75000 0.49000
vt 0.79682 0.48539
vt 0.84184 0.47173
vt 0.88334 0.44955
vt 0.91971 0.41971
vt 0.94955 0.38334
vt 0.97173 0.34184
vt 0.98539 0.29682
vt 0.99000 0.25000
vt 0.98539 0.20318
vt 0.97173 0.15816
vt 0.94955 0.11666
vt 0.91971 0.08029
vt 0.88334 0.05045
vt 0.84184 0.02827
vt 0.79682 0.01461
vt 0.75000 0.01000
vt 0.70318 0.01461
vt 0.65816 0.02827
vt 0.61666 0.05045
vt 0.58029 0.08029
vt 0.55045 0.11666
vt 0.52827 0.15816
vt 0.51461 0.20318
vt 0.51000 0.25000
vt 0.51461 0.29682
vt 0.52827 0.34184
vt 0.55045 0.38334
vt 0.58030 0.41971
vt 0.61666 0.44955
vt 0.65816 0.47173
vt 0.70318 0.48539
vt 0.37500 0.00000
vt 0.62500 0.00000
vt 0.62500 0.25000
vt 0.37500 0.25000
vt 0.37500 0.42607
vt 0.62500 0.42607
vt 0.62500 0.50000
vt 0.37500 0.50000
vt 0.62500 0.75000
vt 0.37500 0.75000
vt 0.37500 0.84593
vt 0.62500 0.84593
vt 0.62500 1.00000
vt 0.37500 1.00000
vt 0.30107 0.50000
vt 0.30107 0.75000
vt 0.72093 0.50000
vt 0.87500 0.50000
vt 0.87500 0.75000
vt 0.72093 0.75000
vt 0.69893 0.50000
vt 0.69893 0.75000
vt 0.27907 0.50000
vt 0.27907 0.75000
vt 0.62500 0.82393
vt 0.37500 0.82393
vt 0.37500 0.40407
vt 0.62500 0.40407
vt 0.12500 0.50000
vt 0.12500 0.75000
vt 0.69893 0.50000
vt 0.69893 0.75000
vt 0.62500 0.84593
vt 0.62500 0.82393
vt 0.62500 0.82393
vt 0.62500 0.84593
vt 0.72093 0.75000
vt 0.72093 0.50000
vt 0.62500 0.40407
vt 0.62500 0.42607
vt 0.69893 0.50000
vt 0.72093 0.50000
vt 0.72093 0.75000
vt 0.69893 0.75000
vt 0.62500 0.40407
vt 0.62500 0.42607
vt 0.54494 0.00000
vt 0.62500 0.00000
vt 0.62500 0.25000
vt 0.54494 0.25000
vt 0.62500 0.50000
vt 0.54494 0.50000
vt 0.62500 0.75000
vt 0.54494 0.75000
vt 0.62500 1.00000
vt 0.54494 1.00000
vt 0.12500 0.50000
vt 0.37500 0.50000
vt 0.37500 0.75000
vt 0.12500 0.75000
vt 0.87500 0.50000
vt 0.87500 0.75000
vt 0.50246 0.75000
vt 0.50246 1.00000
vt 0.50246 0.50000
vt 0.50246 0.25000
vt 0.50246 0.00000
vt 0.41748 0.00000
vt 0.45997 0.00000
vt 0.45997 0.25000
vt 0.41748 0.25000
vt 0.45997 0.50000
vt 0.41748 0.50000
vt 0.45997 0.75000
vt 0.41749 0.75000
vt 0.45997 1.00000
vt 0.41748 1.00000
vt 0.37500 1.00000
vt 0.37500 0.25000
vt 0.37500 0.00000
vt 0.48121 0.00000
vt 0.48121 0.25000
vt 0.48121 0.50000
vt 0.48121 0.75000
vt 0.48121 1.00000
vt 0.46793 0.00000
vt 0.62500 0.00000
vt 0.62500 0.25000
vt 0.46793 0.25000
vt 0.62500 0.50000
vt 0.46793 0.50000
vt 0.62500 0.75000
vt 0.46793 0.75000
vt 0.62500 1.00000
vt 0.46793 1.00000
vt 0.12500 0.50000
vt 0.37500 0.50000
vt 0.37500 0.75000
vt 0.12500 0.75000
vt 0.87500 0.50000
vt 0.87500 0.75000
vt 0.37500 1.00000
vt 0.46793 0.50000
vt 0.37500 0.50000
vt 0.37500 0.25000
vt 0.37500 0.00000
vt 0.46793 0.75000
vt 0.37500 0.75000
vt 0.62500 0.25000
vt 0.37500 0.25000
vt 0.37500 0.25000
vt 0.62500 0.25000
vt 0.62500 0.50000
vt 0.37500 0.50000
vt 0.62500 0.75000
vt 0.37500 0.75000
vt 0.62500 1.00000
vt 0.37500 1.00000
vt 0.12500 0.50000
vt 0.12500 0.75000
vt 0.87500 0.50000
vt 0.87500 0.75000
vt 0.87500 0.75000
vt 0.87500 0.50000
vt 0.87500 0.50000
vt 0.87500 0.75000
vt 0.62500 1.00000
vt 0.37500 1.00000
vt 0.12500 0.75000
vt 0.12500 0.50000
vt 0.62500 0.25000
vt 0.37500 0.25000
vt 0.37500 0.25000
vt 0.62500 0.25000
vt 0.12500 0.75000
vt 0.12500 0.50000
vt 0.62500 1.00000
vt 0.37500 1.00000
vt 0.87500 0.75000
vt 0.87500 0.50000
vt 0.87500 0.50000
vt 0.87500 0.75000
vt 0.62500 1.00000
vt 0.37500 1.00000
vt 0.12500 0.75000
vt 0.12500 0.50000
vt 0.87500 0.75000
vt 0.87500 0.50000
vt 0.87500 0.50000
vt 0.87500 0.75000
vt 0.12500 0.75000
vt 0.12500 0.50000
vt 0.37500 0.25000
vt 0.62500 0.25000
vt 0.62500 1.00000
vt 0.37500 1.00000
vt 0.62500 0.25000
vt 0.37500 0.25000
vt 0.37500 0.25000
vt 0.62500 0.25000
vt 0.12500 0.50000
vt 0.12500 0.75000
vt 0.12500 0.75000
vt 0.12500 0.50000
vt 0.62500 0.25000
vt 0.37500 0.25000
vt 0.37500 0.25000
vt 0.62500 0.25000
vt 0.37500 1.00000
vt 0.62500 1.00000
vt 0.62500 1.00000
vt 0.37500 1.00000
vt 0.37500 0.00000
vt 0.62500 0.00000
vt 0.37500 1.00000
vt 0.62500 1.00000
vt 0.62500 1.00000
vt 0.37500 1.00000
vt 0.87500 0.75000
vt 0.87500 0.50000
vt 0.87500 0.50000
vt 0.87500 0.75000
vt 0.12500 0.50000
vt 0.12500 0.75000
vt 0.12500 0.75000
vt 0.12500 0.50000
vt 1.00000 0.50000
vt 1.00000 1.00000
vt 0.96875 1.00000
vt 0.96875 0.50000
vt 0.93750 1.00000
vt 0.93750 0.50000
vt 0.90625 1.00000
vt 0.90625 0.50000
vt 0.87500 1.00000
vt 0.87500 0.50000
vt 0.84375 1.00000
vt 0.84375 0.50000
vt 0.81250 1.00000
vt 0.81250 0.50000
vt 0.78125 1.00000
vt 0.78125 0.50000
vt 0.75000 1.00000
vt 0.75000 0.50000
vt 0.71875 1.00000
vt 0.71875 0.50000
vt 0.68750 1.00000
vt 0.68750 0.50000
vt 0.65625 1.00000
vt 0.65625 0.50000
vt 0.62500 1.00000
vt 0.62500 0.50000
vt 0.59375 1.00000
vt 0.59375 0.50000
vt 0.56250 1.00000
vt 0.56250 0.50000
vt 0.53125 1.00000
vt 0.53125 0.50000
vt 0.50000 1.00000
vt 0.50000 0.50000
vt 0.46875 1.00000
vt 0.46875 0.50000
vt 0.43750 1.00000
vt 0.43750 0.50000
vt 0.40625 1.00000
vt 0.40625 0.50000
vt 0.37500 1.00000
vt 0.37500 0.50000
vt 0.34375 1.00000
vt 0.34375 0.50000
vt 0.31250 1.00000
vt 0.31250 0.50000
vt 0.28125 1.00000
vt 0.28125 0.50000
vt 0.25000 1.00000
vt 0.25000 0.50000
vt 0.21875 1.00000
vt 0.21875 0.50000
vt 0.18750 1.00000
vt 0.18750 0.50000
vt 0.15625 1.00000
vt 0.15625 0.50000
vt 0.12500 1.00000
vt 0.12500 0.50000
vt 0.09375 1.00000
vt 0.09375 0.50000
vt 0.06250 1.00000
vt 0.06250 0.50000
vt 0.29682 0.48539
vt 0.25000 0.49000
vt 0.20318 0.48539
vt 0.15816 0.47173
vt 0.11666 0.44955
vt 0.08030 0.41971
vt 0.05045 0.38334
vt 0.02827 0.34184
vt 0.01461 0.29682
vt 0.01000 0.25000
vt 0.01461 0.20318
vt 0.02827 0.15816
vt 0.05045 0.11666
vt 0.08029 0.08029
vt 0.11666 0.05045
vt 0.15816 0.02827
vt 0.20318 0.01461
vt 0.25000 0.01000
vt 0.29682 0.01461
vt 0.34184 0.02827
vt 0.38334 0.05045
vt 0.41971 0.08029
vt 0.44955 0.11666
vt 0.47173 0.15816
vt 0.48539 0.20318
vt 0.49000 0.25000
vt 0.48539 0.29682
vt 0.47173 0.34184
vt 0.44955 0.38334
vt 0.41971 0.41971
vt 0.38334 0.44955
vt 0.34184 0.47173
vt 0.03125 1.00000
vt 0.03125 0.50000
vt 0.00000 1.00000
vt 0.00000 0.50000
vt 0.75000 0.49000
vt 0.79682 0.48539
vt 0.84184 0.47173
vt 0.88334 0.44955
vt 0.91971 0.41971
vt 0.94955 0.38334
vt 0.97173 0.34184
vt 0.98539 0.29682
vt 0.99000 0.25000
vt 0.98539 0.20318
vt 0.97173 0.15816
vt 0.94955 0.11666
vt 0.91971 0.08029
vt 0.88334 0.05045
vt 0.84184 0.02827
vt 0.79682 0.01461
vt 0.75000 0.01000
vt 0.70318 0.01461
vt 0.65816 0.02827
vt 0.61666 0.05045
vt 0.58029 0.08029
vt 0.55045 0.11666
vt 0.52827 0.15816
vt 0.51461 0.20318
vt 0.51000 0.25000
vt 0.51461 0.29682
vt 0.52827 0.34184
vt 0.55045 0.38334
vt 0.58030 0.41971
vt 0.61666 0.44955
vt 0.65816 0.47173
vt 0.70318 0.48539
vt 0.00000 0.00000
vt 0.00000 0.00000
vt 0.00000 0.00000
vt 0.00000 0.00000
vt 0.00000 0.00000
vt 0.00000 0.00000
vt 0.00000 0.00000
vt 0.00000 0.00000
vt 0.00000 0.00000
vt 0.00000 0.00000
vt 0.00000 0.00000
vt 0.00000 0.00000
vt 0.00000 0.00000
vt 0.00000 0.00000
vt 0.00000 0.00000
vt 0.00000 0.00000
vt 0.00000 0.00000
vt 0.00000 0.00000
vt 0.00000 0.00000
vt 0.00000 0.00000
vt 0.00000 0.00000
vt 0.00000 0.00000
vt 0.00000 0.00000
vt 0.00000 0.00000
vt 0.00000 0.00000
vt 0.00000 0.00000
vt 0.00000 0.00000
vt 0.00000 0.00000
vt 0.00000 0.00000
vt 0.00000 0.00000
vt 0.00000 0.00000
vt 0.00000 0.00000
vt 0.00000 0.00000
vt 0.00000 0.00000
vt 0.00000 0.00000
vt 0.00000 0.00000
vt 0.00000 0.00000
vt 0.00000 0.00000
vt 0.00000 0.00000
vt 0.00000 0.00000
vt 0.00000 0.00000
vt 0.00000 0.00000
vt 0.00000 0.00000
vt 0.00000 0.00000
vt 0.00000 0.00000
vt 0.00000 0.00000
vt 0.00000 0.00000
vt 0.00000 0.00000
vt 0.00000 0.00000
vt 0.00000 0.00000
vt 0.00000 0.00000
vt 0.00000 0.00000
vt 0.00000 0.00000
vt 0.00000 0.00000
vt 0.00000 0.00000
vt 0.00000 0.00000
vt 0.00000 0.00000
vt 0.00000 0.00000
vt 0.00000 0.00000
vt 0.00000 0.00000
vt 0.00000 0.00000
vt 0.00000 0.00000
vt 0.00000 0.00000
vt 0.00000 0.00000
vt 0.00000 0.00000
vt 0.00000 0.00000
vt 0.00000 0.00000
vt 0.00000 0.00000
vt 0.00000 0.00000
vt 0.00000 0.00000
vt 0.00000 0.00000
vt 0.00000 0.00000
vt 0.00000 0.00000
vt 0.00000 0.00000
vt 0.00000 0.00000
vt 0.00000 0.00000
vt 0.00000 0.00000
vt 0.00000 0.00000
vt 0.00000 0.00000
vt 0.00000 0.00000
vt 0.00000 0.00000
vt 0.00000 0.00000
vt 0.00000 0.00000
vt 0.00000 0.00000
vt 0.00000 0.00000
vt 0.00000 0.00000
vt 0.00000 0.00000
vt 0.00000 0.00000
vt 0.00000 0.00000
vt 0.00000 0.00000
vt 0.00000 0.00000
vt 0.00000 0.00000
vt 0.00000 0.00000
vt 0.00000 0.00000
vt 0.00000 0.00000
vt 0.00000 0.00000
vt 0.00000 0.00000
vt 0.00000 0.00000
vt 0.00000 0.00000
vt 0.00000 0.00000
vt 0.00000 0.00000
vt 0.00000 0.00000
vt 0.00000 0.00000
vt 0.00000 0.00000
vt 0.00000 0.00000
vt 0.00000 0.00000
vt 0.00000 0.00000
vt 0.00000 0.00000
vt 0.00000 0.00000
vt 0.00000 0.00000
vt 0.00000 0.00000
vt 0.00000 0.00000
vt 0.00000 0.00000
vt 0.00000 0.00000
vt 0.00000 0.00000
vt 0.00000 0.00000
vt 0.00000 0.00000
vt 0.00000 0.00000
vt 0.00000 0.00000
vt 0.00000 0.00000
vt 0.00000 0.00000
vt 0.00000 0.00000
vt 0.00000 0.00000
vt 0.00000 0.00000
vt 0.00000 0.00000
vt 0.00000 0.00000
vt 0.00000 0.00000
vt 0.00000 0.00000
vt 1.00000 0.50000
vt 1.00000 1.00000
vt 0.96875 1.00000
vt 0.96875 0.50000
vt 0.93750 1.00000
vt 0.93750 0.50000
vt 0.90625 1.00000
vt 0.90625 0.50000
vt 0.87500 1.00000
vt 0.87500 0.50000
vt 0.84375 1.00000
vt 0.84375 0.50000
vt 0.81250 1.00000
vt 0.81250 0.50000
vt 0.78125 1.00000
vt 0.78125 0.50000
vt 0.75000 1.00000
vt 0.75000 0.50000
vt 0.71875 1.00000
vt 0.71875 0.50000
vt 0.68750 1.00000
vt 0.68750 0.50000
vt 0.65625 1.00000
vt 0.65625 0.50000
vt 0.62500 1.00000
vt 0.62500 0.50000
vt 0.59375 1.00000
vt 0.59375 0.50000
vt 0.56250 1.00000
vt 0.56250 0.50000
vt 0.53125 1.00000
vt 0.53125 0.50000
vt 0.50000 1.00000
vt 0.50000 0.50000
vt 0.46875 1.00000
vt 0.46875 0.50000
vt 0.43750 1.00000
vt 0.43750 0.50000
vt 0.40625 1.00000
vt 0.40625 0.50000
vt 0.37500 1.00000
vt 0.37500 0.50000
vt 0.34375 1.00000
vt 0.34375 0.50000
vt 0.31250 1.00000
vt 0.31250 0.50000
vt 0.28125 1.00000
vt 0.28125 0.50000
vt 0.25000 1.00000
vt 0.25000 0.50000
vt 0.21875 1.00000
vt 0.21875 0.50000
vt 0.18750 1.00000
vt 0.18750 0.50000
vt 0.15625 1.00000
vt 0.15625 0.50000
vt 0.12500 1.00000
vt 0.12500 0.50000
vt 0.09375 1.00000
vt 0.09375 0.50000
vt 0.06250 1.00000
vt 0.06250 0.50000
vt 0.29682 0.48539
vt 0.25000 0.49000
vt 0.20318 0.48539
vt 0.15816 0.47173
vt 0.11666 0.44955
vt 0.08030 0.41971
vt 0.05045 0.38334
vt 0.02827 0.34184
vt 0.01461 0.29682
vt 0.01000 0.25000
vt 0.01461 0.20318
vt 0.02827 0.15816
vt 0.05045 0.11666
vt 0.08029 0.08029
vt 0.11666 0.05045
vt 0.15816 0.02827
vt 0.20318 0.01461
vt 0.25000 0.01000
vt 0.29682 0.01461
vt 0.34184 0.02827
vt 0.38334 0.05045
vt 0.41971 0.08029
vt 0.44955 0.11666
vt 0.47173 0.15816
vt 0.48539 0.20318
vt 0.49000 0.25000
vt 0.48539 0.29682
vt 0.47173 0.34184
vt 0.44955 0.38334
vt 0.41971 0.41971
vt 0.38334 0.44955
vt 0.34184 0.47173
vt 0.03125 1.00000
vt 0.03125 0.50000
vt 0.00000 1.00000
vt 0.00000 0.50000
vt 0.75000 0.49000
vt 0.79682 0.48539
vt 0.84184 0.47173
vt 0.88334 0.44955
vt 0.91971 0.41971
vt 0.94955 0.38334
vt 0.97173 0.34184
vt 0.98539 0.29682
vt 0.99000 0.25000
vt 0.98539 0.20318
vt 0.97173 0.15816
vt 0.94955 0.11666
vt 0.91971 0.08029
vt 0.88334 0.05045
vt 0.84184 0.02827
vt 0.79682 0.01461
vt 0.75000 0.01000
vt 0.70318 0.01461
vt 0.65816 0.02827
vt 0.61666 0.05045
vt 0.58029 0.08029
vt 0.55045 0.11666
vt 0.52827 0.15816
vt 0.51461 0.20318
vt 0.51000 0.25000
vt 0.51461 0.29682
vt 0.52827 0.34184
vt 0.55045 0.38334
vt 0.58030 0.41971
vt 0.61666 0.44955
vt 0.65816 0.47173
vt 0.70318 0.48539
vn -0.0736 0.9973 0.0000
vn 0.0000 -0.0000 -1.0000
vn 0.0000 -0.0000 1.0000
vn 0.3727 -0.9280 0.0000
vn -0.9999 0.0162 0.0000
vn -0.2684 -0.9633 0.0000
vn 0.2652 0.9642 0.0000
vn -0.0004 1.0000 0.0000
vn -0.3397 0.9405 0.0000
vn 0.5336 -0.8457 -0.0000
vn 0.8571 -0.5151 -0.0000
vn -0.3247 0.9458 0.0000
vn 0.9998 -0.0220 -0.0000
vn -0.0217 -0.9998 -0.0000
vn -0.8466 -0.5323 0.0000
vn 0.9781 -0.2080 0.0000
vn 0.0000 -1.0000 -0.0000
vn -0.1057 0.9944 0.0000
vn -0.1361 -0.9907 0.0000
vn 0.4029 -0.9153 -0.0000
vn -0.9971 -0.0757 0.0000
vn 0.1823 -0.9832 -0.0000
vn 1.0000 0.0000 0.0000
vn 0.6363 -0.7714 0.0000
vn -0.9850 -0.1725 0.0000
vn -0.9204 -0.3910 0.0000
vn 0.8230 -0.5680 -0.0000
vn -1.0000 0.0000 0.0000
vn 0.0037 1.0000 0.0000
vn -0.3956 -0.9184 0.0000
vn 0.3726 0.9280 -0.0000
vn 0.8777 0.4793 0.0000
vn -0.8159 -0.5783 0.0000
vn -0.3876 0.9218 0.0000
vn 0.0043 -1.0000 0.0000
vn 0.5845 -0.8114 0.0000
vn 0.3925 -0.9197 -0.0000
vn -0.7668 0.6418 0.0000
vn -0.5733 0.8193 0.0000
vn 0.1541 0.9881 0.0000
vn 0.0851 0.9964 0.0000
vn 0.6826 -0.7308 0.0000
vn -0.0114 -0.9013 -0.4330
vn -0.0114 -0.9013 0.4330
vn 0.1707 -0.9498 -0.2622
vn -0.0009 -0.9561 -0.2931
vn 0.1707 -0.9498 0.2622
vn -0.0009 -0.9561 0.2931
vn 0.0000 -0.0980 0.9952
vn 0.0000 -0.2903 0.9569
vn 0.0000 -0.4714 0.8819
vn 0.0000 -0.6344 0.7730
vn 0.0000 -0.7730 0.6344
vn 0.0000 -0.8819 0.4714
vn 0.0000 -0.9569 0.2903
vn 0.0000 -0.9952 0.0980
vn 0.0000 -0.9952 -0.0980
vn 0.0000 -0.9569 -0.2903
vn 0.0000 -0.8819 -0.4714
vn 0.0000 -0.7730 -0.6344
vn 0.0000 -0.6344 -0.7730
vn -0.0000 -0.4714 -0.8819
vn -0.0000 -0.2903 -0.9569
vn -0.0000 -0.0980 -0.9952
vn -0.0000 0.0980 -0.9952
vn -0.0000 0.2903 -0.9569
vn -0.0000 0.4714 -0.8819
vn -0.0000 0.6344 -0.7730
vn 0.0000 0.7730 -0.6344
vn -0.0000 0.8819 -0.4714
vn -0.0000 0.9569 -0.2903
vn -0.0000 0.9952 -0.0980
vn -0.0000 0.9952 0.0980
vn -0.0000 0.9569 0.2903
vn -0.0000 0.8819 0.4714
vn -0.0000 0.7730 0.6344
vn 0.0000 0.6344 0.7730
vn 0.0000 0.4714 0.8819
vn 0.0000 0.2903 0.9569
vn 0.0000 0.0980 0.9952
vn 1.0000 -0.0001 0.0000
vn 1.0000 0.0010 0.0000
vn 1.0000 -0.0002 0.0000
vn 1.0000 0.0011 0.0000
vn 0.7641 -0.5689 -0.3041
vn 0.7507 -0.5827 -0.3113
vn 0.7507 -0.5826 -0.3115
vn 0.7507 -0.3113 -0.5827
vn 0.7507 -0.3115 -0.5826
vn 0.7426 -0.3157 -0.5906
vn 0.7641 0.6420 0.0632
vn 0.7507 0.6575 0.0646
vn 0.7507 0.6574 0.0649
vn 0.7641 -0.4987 -0.4092
vn 0.7507 -0.5107 -0.4190
vn 0.7507 -0.5106 -0.4192
vn 0.7641 0.6173 0.1873
vn 0.7507 0.6322 0.1917
vn 0.7507 0.6322 0.1919
vn 0.7641 -0.4092 -0.4987
vn 0.7507 -0.4192 -0.5106
vn 0.7507 -0.4190 -0.5107
vn 0.7641 0.5689 0.3041
vn 0.7507 0.5827 0.3113
vn 0.7507 0.5826 0.3115
vn 0.7641 -0.3041 -0.5689
vn 0.7641 -0.0632 0.6420
vn 0.7507 -0.0646 0.6575
vn 0.7507 -0.0648 0.6574
vn 0.7641 0.4987 0.4092
vn 0.7507 0.5107 0.4190
vn 0.7507 0.5106 0.4192
vn 0.7641 -0.1873 -0.6173
vn 0.7507 -0.1919 -0.6322
vn 0.7507 -0.1917 -0.6322
vn 0.7641 -0.1872 0.6173
vn 0.7507 -0.1917 0.6322
vn 0.7507 -0.1919 0.6322
vn 0.7641 0.4092 0.4986
vn 0.7507 0.4192 0.5106
vn 0.7507 0.4190 0.5107
vn 0.7641 -0.0632 -0.6420
vn 0.7507 -0.0648 -0.6574
vn 0.7507 -0.0646 -0.6575
vn 0.7641 -0.3041 0.5689
vn 0.7507 -0.3113 0.5827
vn 0.7507 -0.3115 0.5826
vn 0.7641 0.3041 0.5689
vn 0.7507 0.3115 0.5826
vn 0.7507 0.3113 0.5827
vn 0.7641 0.0632 -0.6420
vn 0.7507 0.0646 -0.6575
vn 0.7507 0.0648 -0.6574
vn 0.7641 -0.4092 0.4987
vn 0.7507 -0.4190 0.5107
vn 0.7507 -0.4192 0.5106
vn 0.7641 0.1873 0.6173
vn 0.7507 0.1919 0.6321
vn 0.7507 0.1917 0.6322
vn 0.7641 0.1873 -0.6173
vn 0.7507 0.1917 -0.6322
vn 0.7507 0.1919 -0.6321
vn 0.7641 -0.4986 0.4092
vn 0.7507 -0.5106 0.4192
vn 0.7507 -0.5107 0.4190
vn 0.7641 0.0632 0.6420
vn 0.7507 0.0648 0.6574
vn 0.7507 0.0646 0.6575
vn 0.7641 0.3041 -0.5689
vn 0.7507 0.3113 -0.5827
vn 0.7507 0.3115 -0.5826
vn 0.7641 -0.5689 0.3041
vn 0.7507 -0.5826 0.3115
vn 0.7507 -0.5827 0.3113
vn 0.7641 0.4092 -0.4987
vn 0.7507 0.4190 -0.5107
vn 0.7507 0.4192 -0.5106
vn 0.7641 -0.6173 0.1873
vn 0.7507 -0.6322 0.1919
vn 0.7507 -0.6322 0.1917
vn 0.7641 0.4987 -0.4092
vn 0.7507 0.5106 -0.4192
vn 0.7507 0.5107 -0.4190
vn 0.7641 -0.6420 0.0632
vn 0.7507 -0.6574 0.0649
vn 0.7507 -0.6575 0.0646
vn 0.7641 0.5689 -0.3041
vn 0.7507 0.5826 -0.3115
vn 0.7507 0.5827 -0.3113
vn 0.7641 -0.6420 -0.0632
vn 0.7507 -0.6575 -0.0646
vn 0.7507 -0.6574 -0.0649
vn 0.7641 0.6173 -0.1873
vn 0.7507 0.6321 -0.1919
vn 0.7507 0.6322 -0.1917
vn 0.7641 -0.6173 -0.1873
vn 0.7507 -0.6322 -0.1917
vn 0.7507 -0.6321 -0.1919
vn 0.7641 0.6420 -0.0632
vn 0.7507 0.6574 -0.0649
vn 0.7507 0.6575 -0.0646
vn 0.6783 0.0720 -0.7312
vn 0.7426 -0.0656 0.6665
vn 0.7426 0.5177 0.4249
vn 0.7426 -0.1944 -0.6409
vn 0.7426 -0.1944 0.6409
vn 0.7426 0.4249 0.5177
vn 0.7426 -0.0656 -0.6665
vn 0.7426 -0.3157 0.5906
vn 0.7426 0.3157 0.5906
vn 0.7426 0.0656 -0.6665
vn 0.7426 -0.4248 0.5177
vn 0.7426 0.1944 0.6409
vn 0.7426 0.1944 -0.6409
vn 0.7426 -0.5177 0.4249
vn 0.7426 0.0656 0.6665
vn 0.7426 0.3157 -0.5906
vn 0.7426 -0.5906 0.3157
vn 0.7426 0.4249 -0.5177
vn 0.7426 -0.6409 0.1944
vn 0.7426 0.5177 -0.4249
vn 0.7426 -0.6665 0.0656
vn 0.7426 0.5906 -0.3157
vn 0.7426 -0.6665 -0.0656
vn 0.7426 0.6409 -0.1944
vn 0.7426 -0.6409 -0.1944
vn 0.7426 0.6665 -0.0656
vn 0.7426 -0.5907 -0.3157
vn 0.7426 0.6665 0.0656
vn 0.7426 -0.5177 -0.4249
vn 0.7426 0.6409 0.1944
vn 0.7426 -0.4249 -0.5177
vn 0.7426 0.5906 0.3157
vn 0.6783 -0.4661 0.5680
vn 0.6783 0.2133 0.7031
vn 0.6783 0.2133 -0.7031
vn 0.6783 -0.5680 0.4661
vn 0.6783 0.0720 0.7312
vn 0.6783 0.3464 -0.6480
vn 0.6783 -0.6480 0.3464
vn 0.6784 0.4661 -0.5679
vn 0.6783 -0.7031 0.2133
vn 0.6783 0.5680 -0.4662
vn 0.6783 -0.7313 0.0720
vn 0.6783 0.6480 -0.3464
vn 0.6783 -0.7312 -0.0720
vn 0.6783 0.7032 -0.2133
vn 0.6783 -0.7032 -0.2133
vn 0.6783 0.7312 -0.0720
vn 0.6783 -0.6480 -0.3464
vn 0.6783 0.7312 0.0720
vn 0.6783 -0.5680 -0.4662
vn 0.6783 0.7032 0.2133
vn 0.6784 -0.4661 -0.5679
vn 0.6783 0.6480 0.3464
vn 0.6783 -0.3464 -0.6480
vn 0.6783 -0.0720 0.7312
vn 0.6783 0.5680 0.4661
vn 0.6783 -0.2133 -0.7031
vn 0.6783 -0.2133 0.7031
vn 0.6783 0.4661 0.5680
vn 0.6783 -0.0720 -0.7312
vn 0.6783 -0.3464 0.6480
vn 0.6783 0.3464 0.6480
vn 0.0000 1.0000 0.0000
vn 0.0000 0.7286 -0.6850
vn 0.0000 0.7286 0.6850
vn 0.9783 0.2072 -0.0000
vn -0.9783 -0.2072 0.0000
vn -0.9676 -0.2526 0.0000
vn 0.9676 0.2526 0.0000
vn 0.6594 0.7518 0.0000
vn 0.6624 0.7491 0.0000
vn -0.6594 -0.7518 0.0000
vn -0.6624 -0.7491 0.0000
vn -0.3470 -0.9379 0.0000
vn 0.3470 0.9379 0.0000
vn 0.7358 0.6771 0.0000
vn -0.7359 -0.6771 0.0000
vn -0.6654 -0.7465 0.0000
vn 0.6654 0.7465 0.0000
vn 0.7795 0.6264 0.0000
vn -0.8640 0.5035 0.0000
vn -0.9999 0.0114 0.0000
vn 0.3827 -0.9239 0.0000
vn -0.0706 0.9975 0.0000
vn -0.0763 0.9971 0.0000
vn -0.0814 0.9967 0.0000
vn -0.0808 0.9967 0.0000
vn 0.3245 -0.9459 -0.0000
vn 0.0753 -0.9972 -0.0000
vn 0.5137 0.8580 0.0000
vn -0.4559 0.8900 0.0000
vn -0.4961 -0.8683 0.0000
vn 0.7401 -0.6725 -0.0000
vn 0.9999 -0.0147 -0.0000
vn -0.0384 0.9993 0.0000
vn -0.0135 -0.9999 -0.0000
vn 0.1398 -0.9902 -0.0000
vn -0.2639 0.9646 0.0000
vn -0.0980 0.0000 0.9952
vn -0.2901 0.0000 0.9570
vn -0.4715 0.0000 0.8819
vn -0.6343 0.0000 0.7731
vn -0.7731 0.0000 0.6343
vn -0.8819 -0.0000 0.4714
vn -0.9570 -0.0000 0.2902
vn -0.9952 0.0000 0.0980
vn -0.9952 0.0000 -0.0980
vn -0.9569 0.0000 -0.2903
vn -0.8819 0.0000 -0.4714
vn -0.7730 0.0000 -0.6344
vn -0.6343 0.0000 -0.7731
vn -0.4717 0.0000 -0.8818
vn -0.2901 0.0000 -0.9570
vn -0.0983 0.0000 -0.9952
vn 0.0983 0.0000 -0.9952
vn 0.2901 0.0000 -0.9570
vn 0.4717 0.0000 -0.8817
vn 0.6343 0.0000 -0.7731
vn 0.7729 0.0000 -0.6345
vn 0.8819 0.0000 -0.4714
vn 0.9569 0.0000 -0.2903
vn 0.9952 0.0000 -0.0979
vn 0.9952 0.0000 0.0979
vn 0.9569 -0.0000 0.2903
vn 0.8819 -0.0000 0.4714
vn 0.7731 0.0000 0.6343
vn 0.6343 0.0000 0.7731
vn 0.4715 0.0000 0.8819
vn 0.2901 0.0000 0.9570
vn 0.0980 0.0000 0.9952
vn -0.0980 0.9952 -0.0000
vn -0.2902 0.9570 -0.0000
vn -0.4714 0.8819 0.0000
vn -0.6344 0.7730 -0.0000
vn -0.7730 0.6343 0.0000
vn -0.8819 0.4714 -0.0000
vn -0.9569 0.2903 -0.0000
vn -0.9952 0.0980 0.0000
vn -0.9952 -0.0980 0.0000
vn -0.9569 -0.2903 0.0000
vn -0.8819 -0.4714 0.0000
vn -0.7731 -0.6343 0.0000
vn -0.6343 -0.7731 0.0000
vn -0.4714 -0.8819 0.0000
vn -0.2902 -0.9570 0.0000
vn -0.0980 -0.9952 0.0000
vn 0.0980 -0.9952 0.0000
vn 0.2902 -0.9570 0.0000
vn 0.4715 -0.8819 0.0000
vn 0.6343 -0.7731 0.0000
vn 0.7730 -0.6344 0.0000
vn 0.8820 -0.4713 0.0000
vn 0.9569 -0.2904 0.0000
vn 0.9952 -0.0979 0.0000
vn 0.9952 0.0979 0.0000
vn 0.9569 0.2904 -0.0000
vn 0.8820 0.4713 0.0000
vn 0.7730 0.6344 0.0000
vn 0.6344 0.7730 -0.0000
vn 0.4715 0.8819 0.0000
vn 0.2902 0.9570 -0.0000
vn 0.0980 0.9952 -0.0000
usemtl Material.009
s 1
f 8130/13214/3004 8103/13215/3004 8105/13216/3004 8128/13217/3004
f 8129/13218/3005 8128/13219/3005 8105/13220/3005 8106/13221/3005
f 8103/13222/3006 8104/13223/3006 8107/13224/3006 8110/13225/3006
f 8133/13226/3007 8100/13227/3007 8102/13228/3007 8131/13229/3007
f 8100/13230/3008 8099/13231/3008 8101/13232/3008 8102/13233/3008
f 8133/13234/3006 8132/13235/3006 8099/13236/3006 8100/13227/3006
f 8165/13237/3006 8163/13238/3006 8111/13239/3006 8114/13240/3006
f 8106/13221/3005 8105/13220/3005 8109/13241/3005 8108/13242/3005
f 8104/13243/3009 8106/13244/3009 8108/13245/3009 8107/13246/3009
f 8105/13216/3010 8103/13215/3010 8110/13247/3010 8109/13248/3010
f 8149/13249/3011 8147/13250/3011 8126/13251/3011 8125/13252/3011
f 8175/13253/3005 8174/13254/3005 8168/13255/3005 8170/13256/3005
f 8166/13257/3012 8165/13258/3012 8114/13259/3012 8113/13260/3012
f 8164/13261/3005 8166/13262/3005 8113/13263/3005 8112/13264/3005
f 8122/13265/3005 8120/13266/3005 8118/13267/3005 8117/13268/3005
f 8120/13269/3012 8119/13270/3012 8116/13271/3012 8118/13272/3012
f 8121/13273/3013 8122/13274/3013 8117/13275/3013 8115/13276/3013
f 8119/13277/3006 8121/13278/3006 8115/13279/3006 8116/13280/3006
f 8110/13225/3006 8107/13224/3006 8121/13278/3006 8119/13277/3006
f 8107/13246/3014 8108/13245/3014 8122/13274/3014 8121/13273/3014
f 8109/13248/3015 8110/13247/3015 8119/13270/3015 8120/13269/3015
f 8108/13242/3005 8109/13241/3005 8120/13266/3005 8122/13265/3005
f 8124/13281/3016 8125/13282/3016 8126/13283/3016 8123/13284/3016
f 8150/13285/3005 8149/13286/3005 8125/13282/3005 8124/13281/3005
f 8147/13287/3006 8148/13288/3006 8123/13289/3006 8126/13290/3006
f 8148/13291/3017 8150/13292/3017 8124/13293/3017 8123/13284/3017
f 8104/13223/3006 8103/13222/3006 8130/13294/3006 8127/13295/3006
f 8104/13243/3007 8127/13296/3007 8129/13297/3007 8106/13244/3007
f 8141/13298/3005 8140/13299/3005 8128/13219/3005 8129/13218/3005
f 8142/13300/3004 8130/13214/3004 8128/13217/3004 8140/13301/3004
f 8099/13302/3004 8132/13303/3004 8134/13304/3004 8101/13305/3004
f 8102/13306/3005 8101/13307/3005 8134/13308/3005 8131/13309/3005
f 8135/13310/3006 8138/13311/3006 8132/13235/3006 8133/13234/3006
f 8135/13312/3018 8133/13226/3018 8131/13229/3018 8137/13313/3018
f 8139/13314/3007 8135/13312/3007 8137/13313/3007 8141/13315/3007
f 8139/13316/3006 8142/13317/3006 8138/13311/3006 8135/13310/3006
f 8132/13303/3004 8138/13318/3004 8136/13319/3004 8134/13304/3004
f 8131/13309/3005 8134/13308/3005 8136/13320/3005 8137/13321/3005
f 8127/13295/3006 8130/13294/3006 8142/13317/3006 8139/13316/3006
f 8127/13296/3019 8139/13314/3019 8141/13315/3019 8129/13297/3019
f 8138/13318/3004 8142/13300/3004 8140/13301/3004 8136/13319/3004
f 8137/13321/3005 8136/13320/3005 8140/13299/3005 8141/13298/3005
f 8162/13322/3020 8160/13323/3020 8145/13324/3020 8146/13325/3020
f 8161/13326/3006 8162/13327/3006 8146/13328/3006 8143/13329/3006
f 8160/13330/3005 8159/13331/3005 8144/13332/3005 8145/13333/3005
f 8159/13334/3021 8161/13335/3021 8143/13336/3021 8144/13337/3021
f 8222/13338/3006 8221/13339/3006 8155/13340/3006 8156/13341/3006
f 8153/13342/3006 8154/13343/3006 8148/13288/3006 8147/13287/3006
f 8152/13344/3005 8151/13345/3005 8149/13286/3005 8150/13285/3005
f 8151/13346/3011 8153/13347/3011 8147/13250/3011 8149/13249/3011
f 8144/13337/3011 8143/13336/3011 8153/13347/3011 8151/13346/3011
f 8145/13333/3005 8144/13332/3005 8151/13345/3005 8152/13344/3005
f 8143/13329/3006 8146/13328/3006 8154/13343/3006 8153/13342/3006
f 8146/13325/3017 8145/13324/3017 8152/13348/3017 8154/13349/3017
f 8155/13350/3022 8158/13351/3022 8157/13352/3022 8156/13353/3022
f 8223/13354/3023 8222/13355/3023 8156/13353/3023 8157/13352/3023
f 8221/13356/3024 8224/13357/3024 8158/13351/3024 8155/13350/3024
f 8224/13358/3005 8223/13359/3005 8157/13360/3005 8158/13361/3005
f 8113/13260/3021 8114/13259/3021 8161/13335/3021 8159/13334/3021
f 8112/13264/3005 8113/13263/3005 8159/13331/3005 8160/13330/3005
f 8114/13240/3006 8111/13239/3006 8162/13327/3006 8161/13326/3006
f 8174/13254/3005 8173/13362/3005 8171/13363/3005 8168/13255/3005
f 8117/13268/3005 8118/13267/3005 8166/13262/3005 8164/13261/3005
f 8118/13272/3012 8116/13271/3012 8165/13258/3012 8166/13257/3012
f 8115/13276/3025 8117/13275/3025 8164/13364/3025 8163/13365/3025
f 8116/13280/3006 8115/13279/3006 8163/13238/3006 8165/13237/3006
f 8168/13255/3005 8171/13363/3005 8183/13366/3005 8180/13367/3005
f 8171/13368/3026 8172/13369/3026 8184/13370/3026 8183/13371/3026
f 8173/13372/3027 8176/13373/3027 8172/13369/3027 8171/13368/3027
f 8178/13374/3006 8177/13375/3006 8169/13376/3006 8167/13377/3006
f 8177/13378/3028 8175/13379/3028 8170/13380/3028 8169/13381/3028
f 8176/13382/3006 8178/13374/3006 8167/13377/3006 8172/13383/3006
f 8229/13384/3006 8227/13385/3006 8178/13374/3006 8176/13382/3006
f 8230/13386/3029 8226/13387/3029 8175/13379/3029 8177/13378/3029
f 8227/13385/3006 8230/13388/3006 8177/13375/3006 8178/13374/3006
f 8228/13389/3030 8229/13390/3030 8176/13373/3030 8173/13372/3030
f 8225/13391/3005 8228/13392/3005 8173/13362/3005 8174/13254/3005
f 8226/13393/3005 8225/13391/3005 8174/13254/3005 8175/13253/3005
f 8194/13394/3006 8193/13395/3006 8187/13396/3006 8185/13397/3006
f 8192/13398/3005 8191/13399/3005 8189/13400/3005 8186/13401/3005
f 8167/13377/3006 8169/13376/3006 8181/13402/3006 8179/13403/3006
f 8169/13381/3031 8170/13380/3031 8182/13404/3031 8181/13405/3031
f 8172/13383/3006 8167/13377/3006 8179/13403/3006 8184/13406/3006
f 8170/13256/3005 8168/13255/3005 8180/13367/3005 8182/13407/3005
f 8189/13408/3032 8190/13409/3032 8202/13410/3032 8201/13411/3032
f 8188/13412/3005 8186/13401/3005 8198/13413/3005 8200/13414/3005
f 8193/13415/3033 8195/13416/3033 8188/13417/3033 8187/13418/3033
f 8196/13419/3006 8194/13394/3006 8185/13397/3006 8190/13420/3006
f 8195/13421/3005 8192/13398/3005 8186/13401/3005 8188/13412/3005
f 8191/13422/3034 8196/13423/3034 8190/13409/3034 8189/13408/3034
f 8183/13371/3035 8184/13370/3035 8196/13423/3035 8191/13422/3035
f 8182/13407/3005 8180/13367/3005 8192/13398/3005 8195/13421/3005
f 8184/13406/3006 8179/13403/3006 8194/13394/3006 8196/13419/3006
f 8181/13405/3036 8182/13404/3036 8195/13416/3036 8193/13415/3036
f 8180/13367/3005 8183/13366/3005 8191/13399/3005 8192/13398/3005
f 8179/13403/3006 8181/13402/3006 8193/13395/3006 8194/13394/3006
f 8198/13413/3005 8201/13424/3005 8207/13425/3005 8204/13426/3005
f 8201/13411/3037 8202/13410/3037 8208/13427/3037 8207/13428/3037
f 8186/13401/3005 8189/13400/3005 8201/13424/3005 8198/13413/3005
f 8185/13397/3006 8187/13396/3006 8199/13429/3006 8197/13430/3006
f 8187/13418/3038 8188/13417/3038 8200/13431/3038 8199/13432/3038
f 8190/13420/3006 8185/13397/3006 8197/13430/3006 8202/13433/3006
f 8208/13434/3006 8203/13435/3006 8209/13436/3006 8214/13437/3006
f 8205/13438/3039 8206/13439/3039 8212/13440/3039 8211/13441/3039
f 8197/13430/3006 8199/13429/3006 8205/13442/3006 8203/13435/3006
f 8199/13432/3040 8200/13431/3040 8206/13439/3040 8205/13438/3040
f 8202/13433/3006 8197/13430/3006 8203/13435/3006 8208/13434/3006
f 8200/13414/3005 8198/13413/3005 8204/13426/3005 8206/13443/3005
f 8210/13444/3005 8213/13445/3005 8219/13446/3005 8216/13447/3005
f 8213/13448/3041 8214/13449/3041 8220/13450/3041 8219/13451/3041
f 8206/13443/3005 8204/13426/3005 8210/13444/3005 8212/13452/3005
f 8207/13428/3042 8208/13427/3042 8214/13449/3042 8213/13448/3042
f 8204/13426/3005 8207/13425/3005 8213/13445/3005 8210/13444/3005
f 8203/13435/3006 8205/13442/3006 8211/13453/3006 8209/13436/3006
f 8217/13454/3043 8218/13455/3043 8216/13456/3043 8215/13457/3043
f 8215/13457/3044 8216/13456/3044 8219/13451/3044 8220/13450/3044
f 8209/13436/3006 8211/13453/3006 8217/13458/3006 8215/13459/3006
f 8211/13441/3045 8212/13440/3045 8218/13455/3045 8217/13454/3045
f 8214/13437/3006 8209/13436/3006 8215/13459/3006 8220/13460/3006
f 8212/13452/3005 8210/13444/3005 8216/13447/3005 8218/13461/3005
f 8152/13344/3046 8150/13285/3046 8223/13359/3046 8224/13358/3046
f 8154/13349/3024 8152/13348/3024 8224/13357/3024 8221/13356/3024
f 8150/13292/3023 8148/13291/3023 8222/13355/3023 8223/13354/3023
f 8148/13288/3047 8154/13343/3047 8221/13339/3047 8222/13338/3047
f 8164/13261/3048 8112/13264/3048 8225/13391/3048 8226/13393/3048
f 8112/13264/3049 8160/13330/3049 8228/13392/3049 8225/13391/3049
f 8160/13323/3030 8162/13322/3030 8229/13390/3030 8228/13389/3030
f 8111/13239/3050 8163/13238/3050 8230/13388/3050 8227/13385/3050
f 8163/13365/3029 8164/13364/3029 8226/13387/3029 8230/13386/3029
f 8162/13327/3051 8111/13239/3051 8227/13385/3051 8229/13384/3051
f 8231/13462/3052 8232/13463/3052 8234/13464/3052 8233/13465/3052
f 8233/13465/3053 8234/13464/3053 8236/13466/3053 8235/13467/3053
f 8235/13467/3054 8236/13466/3054 8238/13468/3054 8237/13469/3054
f 8237/13469/3055 8238/13468/3055 8240/13470/3055 8239/13471/3055
f 8239/13471/3056 8240/13470/3056 8242/13472/3056 8241/13473/3056
f 8241/13473/3057 8242/13472/3057 8244/13474/3057 8243/13475/3057
f 8243/13475/3058 8244/13474/3058 8246/13476/3058 8245/13477/3058
f 8245/13477/3059 8246/13476/3059 8248/13478/3059 8247/13479/3059
f 8247/13479/3060 8248/13478/3060 8250/13480/3060 8249/13481/3060
f 8249/13481/3061 8250/13480/3061 8252/13482/3061 8251/13483/3061
f 8251/13483/3062 8252/13482/3062 8254/13484/3062 8253/13485/3062
f 8253/13485/3063 8254/13484/3063 8256/13486/3063 8255/13487/3063
f 8255/13487/3064 8256/13486/3064 8258/13488/3064 8257/13489/3064
f 8257/13489/3065 8258/13488/3065 8260/13490/3065 8259/13491/3065
f 8259/13491/3066 8260/13490/3066 8262/13492/3066 8261/13493/3066
f 8261/13493/3067 8262/13492/3067 8264/13494/3067 8263/13495/3067
f 8263/13495/3068 8264/13494/3068 8266/13496/3068 8265/13497/3068
f 8265/13497/3069 8266/13496/3069 8268/13498/3069 8267/13499/3069
f 8267/13499/3070 8268/13498/3070 8270/13500/3070 8269/13501/3070
f 8269/13501/3071 8270/13500/3071 8272/13502/3071 8271/13503/3071
f 8271/13503/3072 8272/13502/3072 8274/13504/3072 8273/13505/3072
f 8273/13505/3073 8274/13504/3073 8276/13506/3073 8275/13507/3073
f 8275/13507/3074 8276/13506/3074 8278/13508/3074 8277/13509/3074
f 8277/13509/3075 8278/13508/3075 8280/13510/3075 8279/13511/3075
f 8279/13511/3076 8280/13510/3076 8282/13512/3076 8281/13513/3076
f 8281/13513/3077 8282/13512/3077 8284/13514/3077 8283/13515/3077
f 8283/13515/3078 8284/13514/3078 8286/13516/3078 8285/13517/3078
f 8285/13517/3079 8286/13516/3079 8288/13518/3079 8287/13519/3079
f 8287/13519/3080 8288/13518/3080 8290/13520/3080 8289/13521/3080
f 8289/13521/3081 8290/13520/3081 8292/13522/3081 8291/13523/3081
f 8234/13524/3031 8232/13525/3031 8294/13526/3031 8292/13527/3031 8290/13528/3031 8288/13529/3031 8286/13530/3031 8284/13531/3031 8282/13532/3031 8280/13533/3031 8278/13534/3031 8276/13535/3031 8274/13536/3031 8272/13537/3031 8270/13538/3031 8268/13539/3031 8266/13540/3031 8264/13541/3031 8262/13542/3031 8260/13543/3031 8258/13544/3031 8256/13545/3031 8254/13546/3031 8252/13547/3031 8250/13548/3031 8248/13549/3031 8246/13550/3031 8244/13551/3031 8242/13552/3031 8240/13553/3031 8238/13554/3031 8236/13555/3031
f 8291/13523/3082 8292/13522/3082 8294/13556/3082 8293/13557/3082
f 8293/13557/3083 8294/13556/3083 8232/13558/3083 8231/13559/3083
f 8281/13513/3026 8283/13515/3084 8321/13560/3026 8320/13561/3085
f 8302/13562/3059 8303/13563/3059 8335/13564/3059 8334/13565/3059
f 8237/13469/3026 8239/13471/3026 8299/13566/3026 8298/13567/3026
f 8255/13487/3026 8257/13489/3026 8308/13568/3026 8307/13569/3026
f 8273/13505/3026 8275/13507/3026 8317/13570/3086 8316/13571/3026
f 8291/13523/3026 8293/13557/3026 8326/13572/3026 8325/13573/3026
f 8247/13479/3026 8249/13481/3026 8304/13574/3026 8303/13563/3026
f 8265/13497/3026 8267/13499/3026 8313/13575/3026 8312/13576/3026
f 8283/13515/3084 8285/13517/3026 8322/13577/3084 8321/13560/3026
f 8239/13471/3026 8241/13473/3026 8300/13578/3026 8299/13566/3026
f 8257/13489/3026 8259/13491/3026 8309/13579/3026 8308/13568/3026
f 8275/13507/3026 8277/13509/3086 8318/13580/3085 8317/13570/3086
f 8231/13462/3026 8233/13465/3026 8296/13581/3026 8295/13582/3026
f 8293/13557/3026 8231/13559/3026 8295/13583/3026 8326/13572/3026
f 8249/13481/3026 8251/13483/3026 8305/13584/3026 8304/13574/3026
f 8267/13499/3026 8269/13501/3026 8314/13585/3026 8313/13575/3026
f 8285/13517/3026 8287/13519/3026 8323/13586/3026 8322/13577/3084
f 8241/13473/3026 8243/13475/3026 8301/13587/3026 8300/13578/3026
f 8259/13491/3026 8261/13493/3026 8310/13588/3026 8309/13579/3026
f 8277/13509/3086 8279/13511/3087 8319/13589/3087 8318/13580/3085
f 8233/13465/3026 8235/13467/3026 8297/13590/3026 8296/13581/3026
f 8251/13483/3026 8253/13485/3026 8306/13591/3026 8305/13584/3026
f 8269/13501/3026 8271/13503/3026 8315/13592/3026 8314/13585/3026
f 8287/13519/3026 8289/13521/3026 8324/13593/3026 8323/13586/3026
f 8243/13475/3026 8245/13477/3026 8302/13562/3026 8301/13587/3026
f 8261/13493/3026 8263/13495/3026 8311/13594/3026 8310/13588/3026
f 8279/13511/3087 8281/13513/3026 8320/13561/3085 8319/13589/3087
f 8235/13467/3026 8237/13469/3026 8298/13567/3026 8297/13590/3026
f 8253/13485/3026 8255/13487/3026 8307/13569/3026 8306/13591/3026
f 8271/13503/3026 8273/13505/3026 8316/13571/3026 8315/13592/3026
f 8289/13521/3026 8291/13523/3026 8325/13573/3026 8324/13593/3026
f 8245/13477/3026 8247/13479/3026 8303/13563/3026 8302/13562/3026
f 8263/13495/3026 8265/13497/3026 8312/13576/3026 8311/13594/3026
f 8337/13595/3088 8338/13596/3088 8370/13597/3089 8369/13598/3090
f 8316/13571/3073 8317/13570/3073 8349/13599/3073 8348/13600/3073
f 8303/13563/3060 8304/13574/3060 8336/13601/3060 8335/13564/3060
f 8317/13570/3074 8318/13580/3074 8350/13602/3074 8349/13599/3074
f 8304/13574/3061 8305/13584/3061 8337/13595/3061 8336/13601/3061
f 8318/13580/3075 8319/13589/3075 8351/13603/3075 8350/13602/3075
f 8305/13584/3062 8306/13591/3062 8338/13596/3062 8337/13595/3062
f 8319/13589/3076 8320/13561/3076 8352/13604/3076 8351/13603/3076
f 8306/13591/3063 8307/13569/3063 8339/13605/3063 8338/13596/3063
f 8320/13561/3077 8321/13560/3077 8353/13606/3077 8352/13604/3077
f 8307/13569/3064 8308/13568/3064 8340/13607/3064 8339/13605/3064
f 8321/13560/3078 8322/13577/3078 8354/13608/3078 8353/13606/3078
f 8308/13568/3065 8309/13579/3065 8341/13609/3065 8340/13607/3065
f 8295/13582/3052 8296/13581/3052 8328/13610/3052 8327/13611/3052
f 8322/13577/3079 8323/13586/3079 8355/13612/3079 8354/13608/3079
f 8309/13579/3066 8310/13588/3066 8342/13613/3066 8341/13609/3066
f 8296/13581/3053 8297/13590/3053 8329/13614/3053 8328/13610/3053
f 8323/13586/3080 8324/13593/3080 8356/13615/3080 8355/13612/3080
f 8310/13588/3067 8311/13594/3067 8343/13616/3067 8342/13613/3067
f 8297/13590/3054 8298/13567/3054 8330/13617/3054 8329/13614/3054
f 8324/13593/3081 8325/13573/3081 8357/13618/3081 8356/13615/3081
f 8311/13594/3068 8312/13576/3068 8344/13619/3068 8343/13616/3068
f 8298/13567/3055 8299/13566/3055 8331/13620/3055 8330/13617/3055
f 8325/13573/3082 8326/13572/3082 8358/13621/3082 8357/13618/3082
f 8312/13576/3069 8313/13575/3069 8345/13622/3069 8344/13619/3069
f 8299/13566/3056 8300/13578/3056 8332/13623/3056 8331/13620/3056
f 8326/13572/3083 8295/13583/3083 8327/13624/3083 8358/13621/3083
f 8313/13575/3070 8314/13585/3070 8346/13625/3070 8345/13622/3070
f 8300/13578/3057 8301/13587/3057 8333/13626/3057 8332/13623/3057
f 8314/13585/3071 8315/13592/3071 8347/13627/3071 8346/13625/3071
f 8301/13587/3058 8302/13562/3058 8334/13565/3058 8333/13626/3058
f 8315/13592/3072 8316/13571/3072 8348/13600/3072 8347/13627/3072
f 8372/13628/3091 8373/13629/3092 8405/13630/3093 8404/13631/3093
f 8351/13603/3094 8352/13604/3094 8384/13632/3095 8383/13633/3096
f 8338/13596/3097 8339/13605/3097 8371/13634/3098 8370/13597/3099
f 8352/13604/3100 8353/13606/3100 8385/13635/3101 8384/13632/3102
f 8339/13605/3103 8340/13607/3103 8372/13628/3104 8371/13634/3105
f 8353/13606/3106 8354/13608/3106 8386/13636/3107 8385/13635/3108
f 8340/13607/3109 8341/13609/3109 8373/13629/3092 8372/13628/3091
f 8327/13611/3110 8328/13610/3110 8360/13637/3111 8359/13638/3112
f 8354/13608/3113 8355/13612/3113 8387/13639/3114 8386/13636/3115
f 8341/13609/3116 8342/13613/3116 8374/13640/3117 8373/13629/3118
f 8328/13610/3119 8329/13614/3119 8361/13641/3120 8360/13637/3121
f 8355/13612/3122 8356/13615/3122 8388/13642/3123 8387/13639/3124
f 8342/13613/3125 8343/13616/3125 8375/13643/3126 8374/13640/3127
f 8329/13614/3128 8330/13617/3128 8362/13644/3129 8361/13641/3130
f 8356/13615/3131 8357/13618/3131 8389/13645/3132 8388/13642/3133
f 8343/13616/3134 8344/13619/3134 8376/13646/3135 8375/13643/3136
f 8330/13617/3137 8331/13620/3137 8363/13647/3138 8362/13644/3139
f 8357/13618/3140 8358/13621/3140 8390/13648/3141 8389/13645/3142
f 8344/13619/3143 8345/13622/3143 8377/13649/3144 8376/13646/3145
f 8331/13620/3146 8332/13623/3146 8364/13650/3147 8363/13647/3148
f 8358/13621/3149 8327/13624/3149 8359/13651/3150 8390/13648/3151
f 8345/13622/3152 8346/13625/3152 8378/13652/3153 8377/13649/3154
f 8332/13623/3155 8333/13626/3155 8365/13653/3156 8364/13650/3157
f 8346/13625/3158 8347/13627/3158 8379/13654/3159 8378/13652/3160
f 8333/13626/3161 8334/13565/3161 8366/13655/3162 8365/13653/3163
f 8347/13627/3164 8348/13600/3164 8380/13656/3165 8379/13654/3166
f 8334/13565/3167 8335/13564/3167 8367/13657/3168 8366/13655/3169
f 8348/13600/3170 8349/13599/3170 8381/13658/3171 8380/13656/3172
f 8335/13564/3173 8336/13601/3173 8368/13659/3174 8367/13657/3175
f 8349/13599/3176 8350/13602/3176 8382/13660/3177 8381/13658/3178
f 8336/13601/3179 8337/13595/3179 8369/13598/3180 8368/13659/3181
f 8350/13602/3182 8351/13603/3182 8383/13633/3183 8382/13660/3184
f 8407/13661/3185 8408/13662/3185 8440/13663/3185 8439/13664/3185
f 8359/13638/3112 8360/13637/3111 8392/13665/3186 8391/13666/3186
f 8386/13636/3115 8387/13639/3114 8419/13667/3187 8418/13668/3187
f 8373/13629/3118 8374/13640/3117 8406/13669/3188 8405/13630/3188
f 8360/13637/3121 8361/13641/3120 8393/13670/3189 8392/13665/3189
f 8387/13639/3124 8388/13642/3123 8420/13671/3190 8419/13667/3190
f 8374/13640/3127 8375/13643/3126 8407/13661/3191 8406/13669/3191
f 8361/13641/3130 8362/13644/3129 8394/13672/3192 8393/13670/3192
f 8388/13642/3133 8389/13645/3132 8421/13673/3193 8420/13671/3193
f 8375/13643/3136 8376/13646/3135 8408/13662/3194 8407/13661/3194
f 8362/13644/3139 8363/13647/3138 8395/13674/3195 8394/13672/3195
f 8389/13645/3142 8390/13648/3141 8422/13675/3196 8421/13673/3196
f 8376/13646/3145 8377/13649/3144 8409/13676/3197 8408/13662/3197
f 8363/13647/3148 8364/13650/3147 8396/13677/3198 8395/13674/3198
f 8390/13648/3151 8359/13651/3150 8391/13678/3199 8422/13675/3199
f 8377/13649/3154 8378/13652/3153 8410/13679/3200 8409/13676/3200
f 8364/13650/3157 8365/13653/3156 8397/13680/3201 8396/13677/3201
f 8378/13652/3160 8379/13654/3159 8411/13681/3202 8410/13679/3202
f 8365/13653/3163 8366/13655/3162 8398/13682/3203 8397/13680/3203
f 8379/13654/3166 8380/13656/3165 8412/13683/3204 8411/13681/3204
f 8366/13655/3169 8367/13657/3168 8399/13684/3205 8398/13682/3205
f 8380/13656/3172 8381/13658/3171 8413/13685/3206 8412/13683/3206
f 8367/13657/3175 8368/13659/3174 8400/13686/3207 8399/13684/3207
f 8381/13658/3178 8382/13660/3177 8414/13687/3208 8413/13685/3208
f 8368/13659/3181 8369/13598/3180 8401/13688/3209 8400/13686/3209
f 8382/13660/3184 8383/13633/3183 8415/13689/3210 8414/13687/3210
f 8369/13598/3090 8370/13597/3089 8402/13690/3211 8401/13688/3211
f 8383/13633/3096 8384/13632/3095 8416/13691/3212 8415/13689/3212
f 8370/13597/3099 8371/13634/3098 8403/13692/3213 8402/13690/3213
f 8384/13632/3102 8385/13635/3101 8417/13693/3214 8416/13691/3214
f 8371/13634/3105 8372/13628/3104 8404/13631/3215 8403/13692/3215
f 8385/13635/3108 8386/13636/3107 8418/13668/3216 8417/13693/3216
f 8423/13694/3006 8424/13695/3006 8425/13696/3006 8426/13697/3006 8427/13698/3006 8428/13699/3006 8429/13700/3006 8430/13701/3006 8431/13702/3006 8432/13703/3006 8433/13704/3006 8434/13705/3006 8435/13706/3006 8436/13707/3006 8437/13708/3006 8438/13709/3006 8439/13710/3006 8440/13711/3006 8441/13712/3006 8442/13713/3006 8443/13714/3006 8444/13715/3006 8445/13716/3006 8446/13717/3006 8447/13718/3006 8448/13719/3006 8449/13720/3006 8450/13721/3006 8451/13722/3006 8452/13723/3006 8453/13724/3006 8454/13725/3006
f 8394/13672/3217 8395/13674/3217 8427/13726/3217 8426/13727/3217
f 8421/13673/3218 8422/13675/3218 8454/13728/3218 8453/13729/3218
f 8408/13662/3219 8409/13676/3219 8441/13730/3219 8440/13663/3219
f 8395/13674/3220 8396/13677/3220 8428/13731/3220 8427/13726/3220
f 8422/13675/3221 8391/13678/3221 8423/13732/3221 8454/13728/3221
f 8409/13676/3222 8410/13679/3222 8442/13733/3222 8441/13730/3222
f 8396/13677/3223 8397/13680/3223 8429/13734/3223 8428/13731/3223
f 8410/13679/3224 8411/13681/3224 8443/13735/3224 8442/13733/3224
f 8397/13680/3225 8398/13682/3225 8430/13736/3225 8429/13734/3225
f 8411/13681/3226 8412/13683/3226 8444/13737/3226 8443/13735/3226
f 8398/13682/3227 8399/13684/3227 8431/13738/3227 8430/13736/3227
f 8412/13683/3228 8413/13685/3228 8445/13739/3228 8444/13737/3228
f 8399/13684/3229 8400/13686/3229 8432/13740/3229 8431/13738/3229
f 8413/13685/3230 8414/13687/3230 8446/13741/3230 8445/13739/3230
f 8400/13686/3231 8401/13688/3231 8433/13742/3231 8432/13740/3231
f 8414/13687/3232 8415/13689/3232 8447/13743/3232 8446/13741/3232
f 8401/13688/3233 8402/13690/3233 8434/13744/3233 8433/13742/3233
f 8415/13689/3234 8416/13691/3234 8448/13745/3234 8447/13743/3234
f 8402/13690/3235 8403/13692/3235 8435/13746/3235 8434/13744/3235
f 8416/13691/3236 8417/13693/3236 8449/13747/3236 8448/13745/3236
f 8403/13692/3237 8404/13631/3237 8436/13748/3237 8435/13746/3237
f 8417/13693/3238 8418/13668/3238 8450/13749/3238 8449/13747/3238
f 8404/13631/3239 8405/13630/3239 8437/13750/3239 8436/13748/3239
f 8391/13666/3240 8392/13665/3240 8424/13751/3240 8423/13752/3240
f 8418/13668/3241 8419/13667/3241 8451/13753/3241 8450/13749/3241
f 8405/13630/3242 8406/13669/3242 8438/13754/3242 8437/13750/3242
f 8392/13665/3243 8393/13670/3243 8425/13755/3243 8424/13751/3243
f 8419/13667/3244 8420/13671/3244 8452/13756/3244 8451/13753/3244
f 8406/13669/3245 8407/13661/3245 8439/13664/3245 8438/13754/3245
f 8393/13670/3246 8394/13672/3246 8426/13727/3246 8425/13755/3246
f 8420/13671/3247 8421/13673/3247 8453/13729/3247 8452/13756/3247
f 8455/13757/3052 8456/13758/3052 8458/13759/3052 8457/13760/3052
f 8457/13760/3053 8458/13759/3053 8460/13761/3053 8459/13762/3053
f 8459/13762/3054 8460/13761/3054 8462/13763/3054 8461/13764/3054
f 8461/13764/3055 8462/13763/3055 8464/13765/3055 8463/13766/3055
f 8463/13766/3056 8464/13765/3056 8466/13767/3056 8465/13768/3056
f 8465/13768/3057 8466/13767/3057 8468/13769/3057 8467/13770/3057
f 8467/13770/3058 8468/13769/3058 8470/13771/3058 8469/13772/3058
f 8469/13772/3059 8470/13771/3059 8472/13773/3059 8471/13774/3059
f 8471/13774/3060 8472/13773/3060 8474/13775/3060 8473/13776/3060
f 8473/13776/3061 8474/13775/3061 8476/13777/3061 8475/13778/3061
f 8475/13778/3062 8476/13777/3062 8478/13779/3062 8477/13780/3062
f 8477/13780/3063 8478/13779/3063 8480/13781/3063 8479/13782/3063
f 8479/13782/3064 8480/13781/3064 8482/13783/3064 8481/13784/3064
f 8481/13784/3065 8482/13783/3065 8484/13785/3065 8483/13786/3065
f 8483/13786/3066 8484/13785/3066 8486/13787/3066 8485/13788/3066
f 8485/13788/3067 8486/13787/3067 8488/13789/3067 8487/13790/3067
f 8487/13790/3068 8488/13789/3068 8490/13791/3068 8489/13792/3068
f 8489/13792/3069 8490/13791/3069 8492/13793/3069 8491/13794/3069
f 8491/13794/3070 8492/13793/3070 8494/13795/3070 8493/13796/3070
f 8493/13796/3071 8494/13795/3071 8496/13797/3071 8495/13798/3071
f 8495/13798/3072 8496/13797/3072 8498/13799/3072 8497/13800/3072
f 8497/13800/3073 8498/13799/3073 8500/13801/3073 8499/13802/3073
f 8499/13802/3074 8500/13801/3074 8502/13803/3074 8501/13804/3074
f 8501/13804/3075 8502/13803/3075 8504/13805/3075 8503/13806/3075
f 8503/13806/3076 8504/13805/3076 8506/13807/3076 8505/13808/3076
f 8505/13808/3077 8506/13807/3077 8508/13809/3077 8507/13810/3077
f 8507/13810/3078 8508/13809/3078 8510/13811/3078 8509/13812/3078
f 8509/13812/3079 8510/13811/3079 8512/13813/3079 8511/13814/3079
f 8511/13814/3080 8512/13813/3080 8514/13815/3080 8513/13816/3080
f 8513/13816/3081 8514/13815/3081 8516/13817/3081 8515/13818/3081
f 8458/13819/3031 8456/13820/3031 8518/13821/3031 8516/13822/3031 8514/13823/3031 8512/13824/3031 8510/13825/3031 8508/13826/3031 8506/13827/3031 8504/13828/3031 8502/13829/3031 8500/13830/3031 8498/13831/3031 8496/13832/3031 8494/13833/3031 8492/13834/3031 8490/13835/3031 8488/13836/3031 8486/13837/3031 8484/13838/3031 8482/13839/3031 8480/13840/3031 8478/13841/3031 8476/13842/3031 8474/13843/3031 8472/13844/3031 8470/13845/3031 8468/13846/3031 8466/13847/3031 8464/13848/3031 8462/13849/3031 8460/13850/3031
f 8515/13818/3082 8516/13817/3082 8518/13851/3082 8517/13852/3082
f 8517/13852/3083 8518/13851/3083 8456/13853/3083 8455/13854/3083
f 8455/13855/3026 8457/13856/3026 8459/13857/3026 8461/13858/3026 8463/13859/3026 8465/13860/3026 8467/13861/3026 8469/13862/3026 8471/13863/3026 8473/13864/3026 8475/13865/3026 8477/13866/3026 8479/13867/3026 8481/13868/3026 8483/13869/3026 8485/13870/3026 8487/13871/3026 8489/13872/3026 8491/13873/3026 8493/13874/3026 8495/13875/3026 8497/13876/3026 8499/13877/3026 8501/13878/3026 8503/13879/3026 8505/13880/3026 8507/13881/3026 8509/13882/3026 8511/13883/3026 8513/13884/3026 8515/13885/3026 8517/13886/3026
f 8519/13887/3052 8520/13888/3052 8522/13889/3052 8521/13890/3052
f 8521/13890/3053 8522/13889/3053 8524/13891/3053 8523/13892/3053
f 8523/13892/3054 8524/13891/3054 8526/13893/3054 8525/13894/3054
f 8525/13894/3055 8526/13893/3055 8528/13895/3055 8527/13896/3055
f 8527/13896/3056 8528/13895/3056 8530/13897/3056 8529/13898/3056
f 8529/13898/3057 8530/13897/3057 8532/13899/3057 8531/13900/3057
f 8531/13900/3058 8532/13899/3058 8534/13901/3058 8533/13902/3058
f 8533/13902/3059 8534/13901/3059 8536/13903/3059 8535/13904/3059
f 8535/13904/3060 8536/13903/3060 8538/13905/3060 8537/13906/3060
f 8537/13906/3061 8538/13905/3061 8540/13907/3061 8539/13908/3061
f 8539/13908/3062 8540/13907/3062 8542/13909/3062 8541/13910/3062
f 8541/13910/3063 8542/13909/3063 8544/13911/3063 8543/13912/3063
f 8543/13912/3064 8544/13911/3064 8546/13913/3064 8545/13914/3064
f 8545/13914/3065 8546/13913/3065 8548/13915/3065 8547/13916/3065
f 8547/13916/3066 8548/13915/3066 8550/13917/3066 8549/13918/3066
f 8549/13918/3067 8550/13917/3067 8552/13919/3067 8551/13920/3067
f 8551/13920/3068 8552/13919/3068 8554/13921/3068 8553/13922/3068
f 8553/13922/3069 8554/13921/3069 8556/13923/3069 8555/13924/3069
f 8555/13924/3070 8556/13923/3070 8558/13925/3070 8557/13926/3070
f 8557/13926/3071 8558/13925/3071 8560/13927/3071 8559/13928/3071
f 8559/13928/3072 8560/13927/3072 8562/13929/3072 8561/13930/3072
f 8561/13930/3073 8562/13929/3073 8564/13931/3073 8563/13932/3073
f 8563/13932/3074 8564/13931/3074 8566/13933/3074 8565/13934/3074
f 8565/13934/3075 8566/13933/3075 8568/13935/3075 8567/13936/3075
f 8567/13936/3076 8568/13935/3076 8570/13937/3076 8569/13938/3076
f 8569/13938/3077 8570/13937/3077 8572/13939/3077 8571/13940/3077
f 8571/13940/3078 8572/13939/3078 8574/13941/3078 8573/13942/3078
f 8573/13942/3079 8574/13941/3079 8576/13943/3079 8575/13944/3079
f 8575/13944/3080 8576/13943/3080 8578/13945/3080 8577/13946/3080
f 8577/13946/3081 8578/13945/3081 8580/13947/3081 8579/13948/3081
f 8522/13949/3031 8520/13950/3031 8582/13951/3031 8580/13952/3031 8578/13953/3031 8576/13954/3031 8574/13955/3031 8572/13956/3031 8570/13957/3031 8568/13958/3031 8566/13959/3031 8564/13960/3031 8562/13961/3031 8560/13962/3031 8558/13963/3031 8556/13964/3031 8554/13965/3031 8552/13966/3031 8550/13967/3031 8548/13968/3031 8546/13969/3031 8544/13970/3031 8542/13971/3031 8540/13972/3031 8538/13973/3031 8536/13974/3031 8534/13975/3031 8532/13976/3031 8530/13977/3031 8528/13978/3031 8526/13979/3031 8524/13980/3031
f 8579/13948/3082 8580/13947/3082 8582/13981/3082 8581/13982/3082
f 8581/13982/3083 8582/13981/3083 8520/13983/3083 8519/13984/3083
f 8519/13985/3026 8521/13986/3026 8523/13987/3026 8525/13988/3026 8527/13989/3026 8529/13990/3026 8531/13991/3026 8533/13992/3026 8535/13993/3026 8537/13994/3026 8539/13995/3026 8541/13996/3026 8543/13997/3026 8545/13998/3026 8547/13999/3026 8549/14000/3026 8551/14001/3026 8553/14002/3026 8555/14003/3026 8557/14004/3026 8559/14005/3026 8561/14006/3026 8563/14007/3026 8565/14008/3026 8567/14009/3026 8569/14010/3026 8571/14011/3026 8573/14012/3026 8575/14013/3026 8577/14014/3026 8579/14015/3026 8581/14016/3026
f 8583/14017/3052 8584/14018/3052 8586/14019/3052 8585/14020/3052
f 8585/14020/3053 8586/14019/3053 8588/14021/3053 8587/14022/3053
f 8587/14022/3054 8588/14021/3054 8590/14023/3054 8589/14024/3054
f 8589/14024/3055 8590/14023/3055 8592/14025/3055 8591/14026/3055
f 8591/14026/3056 8592/14025/3056 8594/14027/3056 8593/14028/3056
f 8593/14028/3057 8594/14027/3057 8596/14029/3057 8595/14030/3057
f 8595/14030/3058 8596/14029/3058 8598/14031/3058 8597/14032/3058
f 8597/14032/3059 8598/14031/3059 8600/14033/3059 8599/14034/3059
f 8599/14034/3060 8600/14033/3060 8602/14035/3060 8601/14036/3060
f 8601/14036/3061 8602/14035/3061 8604/14037/3061 8603/14038/3061
f 8603/14038/3062 8604/14037/3062 8606/14039/3062 8605/14040/3062
f 8605/14040/3063 8606/14039/3063 8608/14041/3063 8607/14042/3063
f 8607/14042/3064 8608/14041/3064 8610/14043/3064 8609/14044/3064
f 8609/14044/3065 8610/14043/3065 8612/14045/3065 8611/14046/3065
f 8611/14046/3066 8612/14045/3066 8614/14047/3066 8613/14048/3066
f 8613/14048/3067 8614/14047/3067 8616/14049/3067 8615/14050/3067
f 8615/14050/3068 8616/14049/3068 8618/14051/3068 8617/14052/3068
f 8617/14052/3069 8618/14051/3069 8620/14053/3069 8619/14054/3069
f 8619/14054/3070 8620/14053/3070 8622/14055/3070 8621/14056/3070
f 8621/14056/3071 8622/14055/3071 8624/14057/3071 8623/14058/3071
f 8623/14058/3072 8624/14057/3072 8626/14059/3072 8625/14060/3072
f 8625/14060/3073 8626/14059/3073 8628/14061/3073 8627/14062/3073
f 8627/14062/3074 8628/14061/3074 8630/14063/3074 8629/14064/3074
f 8629/14064/3075 8630/14063/3075 8632/14065/3075 8631/14066/3075
f 8631/14066/3076 8632/14065/3076 8634/14067/3076 8633/14068/3076
f 8633/14068/3077 8634/14067/3077 8636/14069/3077 8635/14070/3077
f 8635/14070/3078 8636/14069/3078 8638/14071/3078 8637/14072/3078
f 8637/14072/3079 8638/14071/3079 8640/14073/3079 8639/14074/3079
f 8639/14074/3080 8640/14073/3080 8642/14075/3080 8641/14076/3080
f 8641/14076/3081 8642/14075/3081 8644/14077/3081 8643/14078/3081
f 8586/14079/3031 8584/14080/3031 8646/14081/3031 8644/14082/3031 8642/14083/3031 8640/14084/3031 8638/14085/3031 8636/14086/3031 8634/14087/3031 8632/14088/3031 8630/14089/3031 8628/14090/3031 8626/14091/3031 8624/14092/3031 8622/14093/3031 8620/14094/3031 8618/14095/3031 8616/14096/3031 8614/14097/3031 8612/14098/3031 8610/14099/3031 8608/14100/3031 8606/14101/3031 8604/14102/3031 8602/14103/3031 8600/14104/3031 8598/14105/3031 8596/14106/3031 8594/14107/3031 8592/14108/3031 8590/14109/3031 8588/14110/3031
f 8643/14078/3082 8644/14077/3082 8646/14111/3082 8645/14112/3082
f 8645/14112/3083 8646/14111/3083 8584/14113/3083 8583/14114/3083
f 8583/14115/3026 8585/14116/3026 8587/14117/3026 8589/14118/3026 8591/14119/3026 8593/14120/3026 8595/14121/3026 8597/14122/3026 8599/14123/3026 8601/14124/3026 8603/14125/3026 8605/14126/3026 8607/14127/3026 8609/14128/3026 8611/14129/3026 8613/14130/3026 8615/14131/3026 8617/14132/3026 8619/14133/3026 8621/14134/3026 8623/14135/3026 8625/14136/3026 8627/14137/3026 8629/14138/3026 8631/14139/3026 8633/14140/3026 8635/14141/3026 8637/14142/3026 8639/14143/3026 8641/14144/3026 8643/14145/3026 8645/14146/3026
f 8647/14147/3026 8648/14148/3026 8650/14149/3026 8649/14150/3026
f 8655/14151/3006 8656/14152/3006 8654/14153/3006 8653/14154/3006
f 8653/14154/3031 8654/14153/3031 8652/14155/3031 8651/14156/3031
f 8662/14157/3005 8660/14158/3005 8648/14159/3005 8647/14160/3005
f 8655/14161/3020 8653/14154/3020 8651/14156/3020 8657/14162/3020
f 8661/14163/3248 8650/14164/3248 8648/14165/3248 8660/14166/3248
f 8654/14153/3248 8656/14167/3248 8658/14168/3248 8652/14155/3248
f 8659/14169/3020 8655/14161/3020 8657/14162/3020 8662/14170/3020
f 8651/14156/3005 8652/14155/3005 8658/14171/3005 8657/14172/3005
f 8659/14173/3006 8661/14174/3006 8656/14152/3006 8655/14151/3006
f 8649/14150/3006 8650/14149/3006 8661/14174/3006 8659/14173/3006
f 8649/14175/3020 8659/14169/3020 8662/14170/3020 8647/14176/3020
f 8658/14168/3031 8656/14167/3031 8664/14177/3031 8665/14178/3031
f 8657/14172/3005 8658/14171/3005 8660/14158/3005 8662/14157/3005
f 8666/14179/3249 8665/14180/3249 8669/14181/3249 8670/14182/3249
f 8660/14158/3005 8658/14171/3005 8665/14180/3005 8666/14179/3005
f 8661/14163/3026 8660/14166/3026 8666/14183/3026 8663/14184/3026
f 8656/14152/3006 8661/14174/3006 8663/14185/3006 8664/14186/3006
f 8668/14187/3248 8667/14188/3248 8670/14189/3248 8669/14190/3248
f 8664/14186/3250 8663/14185/3250 8667/14191/3250 8668/14192/3250
f 8663/14184/3026 8666/14183/3026 8670/14189/3026 8667/14188/3026
f 8665/14178/3031 8664/14177/3031 8668/14187/3031 8669/14190/3031
f 8679/14193/3251 8672/14194/3251 8674/14195/3251 8680/14196/3251
f 8680/14196/3006 8674/14195/3006 8678/14197/3006 8681/14198/3006
f 8681/14198/3252 8678/14197/3252 8676/14199/3252 8682/14200/3252
f 8682/14200/3005 8676/14199/3005 8672/14201/3005 8679/14202/3005
f 8673/14203/3020 8677/14204/3020 8675/14205/3020 8671/14206/3020
f 8678/14197/3248 8674/14207/3248 8672/14208/3248 8676/14199/3248
f 8694/14209/3005 8682/14200/3005 8679/14202/3005 8691/14210/3005
f 8693/14211/3253 8681/14198/3253 8682/14200/3253 8694/14209/3253
f 8692/14212/3006 8680/14196/3006 8681/14198/3006 8693/14211/3006
f 8691/14213/3254 8679/14193/3254 8680/14196/3254 8692/14212/3254
f 8690/14214/3255 8686/14215/3256 8683/14216/3256 8687/14217/3255
f 8687/14217/3006 8683/14216/3006 8684/14218/3006 8688/14219/3006
f 8688/14219/3257 8684/14218/3258 8685/14220/3258 8689/14221/3257
f 8689/14221/3005 8685/14220/3005 8686/14222/3005 8690/14223/3005
f 8675/14205/3005 8689/14221/3005 8690/14223/3005 8671/14224/3005
f 8677/14204/3259 8688/14219/3259 8689/14221/3259 8675/14205/3259
f 8673/14225/3006 8687/14217/3006 8688/14219/3006 8677/14204/3006
f 8671/14226/3260 8690/14214/3260 8687/14217/3260 8673/14225/3260
f 8698/14227/3261 8691/14213/3261 8692/14212/3261 8695/14228/3261
f 8695/14228/3006 8692/14212/3006 8693/14211/3006 8696/14229/3006
f 8696/14229/3262 8693/14211/3262 8694/14209/3262 8697/14230/3262
f 8697/14230/3005 8694/14209/3005 8691/14210/3005 8698/14231/3005
f 8685/14220/3005 8697/14230/3005 8698/14231/3005 8686/14222/3005
f 8684/14218/3258 8696/14229/3263 8697/14230/3263 8685/14220/3258
f 8683/14216/3006 8695/14228/3006 8696/14229/3006 8684/14218/3006
f 8686/14215/3256 8698/14227/3264 8695/14228/3264 8683/14216/3256
f 8707/14232/3265 8700/14233/3265 8702/14234/3265 8708/14235/3265
f 8708/14235/3006 8702/14234/3006 8706/14236/3006 8709/14237/3006
f 8709/14237/3266 8706/14236/3266 8704/14238/3266 8710/14239/3266
f 8710/14239/3005 8704/14238/3005 8700/14240/3005 8707/14241/3005
f 8701/14242/3020 8705/14243/3020 8703/14244/3020 8699/14245/3020
f 8706/14236/3248 8702/14246/3248 8700/14247/3248 8704/14238/3248
f 8703/14244/3005 8710/14239/3005 8707/14241/3005 8699/14248/3005
f 8705/14243/3006 8709/14237/3006 8711/14249/3006 8712/14250/3006
f 8701/14251/3006 8708/14235/3006 8709/14237/3006 8705/14243/3006
f 8699/14252/3265 8707/14232/3265 8708/14235/3265 8701/14251/3265
f 8712/14250/3266 8711/14249/3266 8714/14253/3266 8713/14254/3266
f 8709/14237/3248 8710/14239/3248 8714/14253/3248 8711/14249/3248
f 8710/14239/3005 8703/14244/3005 8713/14254/3005 8714/14253/3005
f 8703/14244/3020 8705/14243/3020 8712/14250/3020 8713/14254/3020
f 8718/14255/3006 8717/14256/3006 8723/14257/3006 8726/14258/3006
f 8717/14256/3006 8718/14255/3006 8722/14259/3006 8721/14260/3006
f 8721/14260/3267 8722/14259/3267 8720/14261/3267 8719/14262/3267
f 8719/14262/3005 8720/14261/3005 8716/14263/3005 8715/14264/3005
f 8717/14265/3268 8721/14260/3268 8719/14262/3268 8715/14266/3268
f 8722/14259/3269 8718/14267/3270 8716/14268/3270 8720/14261/3269
f 8725/14269/3271 8726/14270/3271 8730/14271/3272 8729/14272/3272
f 8715/14264/3005 8716/14263/3005 8725/14273/3005 8724/14274/3005
f 8716/14268/3270 8718/14267/3270 8726/14270/3271 8725/14269/3271
f 8717/14265/3273 8715/14266/3273 8724/14275/3273 8723/14276/3273
f 8730/14277/3006 8727/14278/3006 8731/14279/3006 8734/14280/3006
f 8723/14276/3274 8724/14275/3274 8728/14281/3274 8727/14282/3274
f 8726/14258/3006 8723/14257/3006 8727/14278/3006 8730/14277/3006
f 8724/14274/3005 8725/14273/3005 8729/14283/3005 8728/14284/3005
f 8733/14285/3275 8734/14286/3275 8738/14287/3275 8737/14288/3275
f 8728/14284/3005 8729/14283/3005 8733/14289/3005 8732/14290/3005
f 8729/14272/3248 8730/14271/3248 8734/14286/3248 8733/14285/3248
f 8727/14282/3020 8728/14281/3020 8732/14291/3020 8731/14292/3020
f 8744/14293/3276 8743/14294/3276 8742/14295/3276 8741/14296/3276
f 8731/14292/3277 8732/14291/3277 8736/14297/3277 8735/14298/3277
f 8734/14280/3006 8731/14279/3006 8735/14299/3006 8738/14300/3006
f 8732/14290/3005 8733/14289/3005 8737/14301/3005 8736/14302/3005
f 8752/14303/3006 8751/14304/3006 8747/14305/3006 8750/14306/3006
f 8746/14307/3039 8745/14308/3039 8740/14309/3039 8739/14310/3039
f 8743/14311/3006 8746/14312/3006 8739/14313/3006 8742/14314/3006
f 8745/14315/3005 8744/14316/3005 8741/14317/3005 8740/14318/3005
f 8736/14302/3005 8737/14301/3005 8744/14316/3005 8745/14315/3005
f 8738/14300/3006 8735/14299/3006 8746/14312/3006 8743/14311/3006
f 8735/14298/3278 8736/14297/3278 8745/14308/3278 8746/14307/3278
f 8737/14288/3276 8738/14287/3276 8743/14294/3276 8744/14293/3276
f 8748/14319/3279 8749/14320/3279 8750/14306/3279 8747/14305/3279
f 8754/14321/3005 8753/14322/3005 8749/14323/3005 8748/14324/3005
f 8753/14325/3280 8752/14326/3280 8750/14327/3280 8749/14328/3280
f 8751/14329/3281 8754/14330/3281 8748/14331/3281 8747/14332/3281
f 8739/14310/3282 8740/14309/3282 8754/14330/3282 8751/14329/3282
f 8741/14296/3283 8742/14295/3283 8752/14326/3283 8753/14325/3283
f 8740/14318/3005 8741/14317/3005 8753/14322/3005 8754/14321/3005
f 8742/14314/3006 8739/14313/3006 8751/14304/3006 8752/14303/3006
f 8755/14333/3284 8756/14334/3284 8758/14335/3284 8757/14336/3284
f 8757/14336/3285 8758/14335/3285 8760/14337/3285 8759/14338/3285
f 8759/14338/3286 8760/14337/3286 8762/14339/3286 8761/14340/3286
f 8761/14340/3287 8762/14339/3287 8764/14341/3287 8763/14342/3287
f 8763/14342/3288 8764/14341/3288 8766/14343/3288 8765/14344/3288
f 8765/14344/3289 8766/14343/3289 8768/14345/3289 8767/14346/3289
f 8767/14346/3290 8768/14345/3290 8770/14347/3290 8769/14348/3290
f 8769/14348/3291 8770/14347/3291 8772/14349/3291 8771/14350/3291
f 8771/14350/3292 8772/14349/3292 8774/14351/3292 8773/14352/3292
f 8773/14352/3293 8774/14351/3293 8776/14353/3293 8775/14354/3293
f 8775/14354/3294 8776/14353/3294 8778/14355/3294 8777/14356/3294
f 8777/14356/3295 8778/14355/3295 8780/14357/3295 8779/14358/3295
f 8779/14358/3296 8780/14357/3296 8782/14359/3296 8781/14360/3296
f 8781/14360/3297 8782/14359/3297 8784/14361/3297 8783/14362/3297
f 8783/14362/3298 8784/14361/3298 8786/14363/3298 8785/14364/3298
f 8785/14364/3299 8786/14363/3299 8788/14365/3299 8787/14366/3299
f 8787/14366/3300 8788/14365/3300 8790/14367/3300 8789/14368/3300
f 8789/14368/3301 8790/14367/3301 8792/14369/3301 8791/14370/3301
f 8791/14370/3302 8792/14369/3302 8794/14371/3302 8793/14372/3302
f 8793/14372/3303 8794/14371/3303 8796/14373/3303 8795/14374/3303
f 8795/14374/3304 8796/14373/3304 8798/14375/3304 8797/14376/3304
f 8797/14376/3305 8798/14375/3305 8800/14377/3305 8799/14378/3305
f 8799/14378/3306 8800/14377/3306 8802/14379/3306 8801/14380/3306
f 8801/14380/3307 8802/14379/3307 8804/14381/3307 8803/14382/3307
f 8803/14382/3308 8804/14381/3308 8806/14383/3308 8805/14384/3308
f 8805/14384/3309 8806/14383/3309 8808/14385/3309 8807/14386/3309
f 8807/14386/3310 8808/14385/3310 8810/14387/3310 8809/14388/3310
f 8809/14388/3311 8810/14387/3311 8812/14389/3311 8811/14390/3311
f 8811/14390/3312 8812/14389/3312 8814/14391/3312 8813/14392/3312
f 8813/14392/3313 8814/14391/3313 8816/14393/3313 8815/14394/3313
f 8758/14395/3248 8756/14396/3248 8818/14397/3248 8816/14398/3248 8814/14399/3248 8812/14400/3248 8810/14401/3248 8808/14402/3248 8806/14403/3248 8804/14404/3248 8802/14405/3248 8800/14406/3248 8798/14407/3248 8796/14408/3248 8794/14409/3248 8792/14410/3248 8790/14411/3248 8788/14412/3248 8786/14413/3248 8784/14414/3248 8782/14415/3248 8780/14416/3248 8778/14417/3248 8776/14418/3248 8774/14419/3248 8772/14420/3248 8770/14421/3248 8768/14422/3248 8766/14423/3248 8764/14424/3248 8762/14425/3248 8760/14426/3248
f 8815/14394/3314 8816/14393/3314 8818/14427/3314 8817/14428/3314
f 8817/14428/3315 8818/14427/3315 8756/14429/3315 8755/14430/3315
f 8755/14431/3020 8757/14432/3020 8759/14433/3020 8761/14434/3020 8763/14435/3020 8765/14436/3020 8767/14437/3020 8769/14438/3020 8771/14439/3020 8773/14440/3020 8775/14441/3020 8777/14442/3020 8779/14443/3020 8781/14444/3020 8783/14445/3020 8785/14446/3020 8787/14447/3020 8789/14448/3020 8791/14449/3020 8793/14450/3020 8795/14451/3020 8797/14452/3020 8799/14453/3020 8801/14454/3020 8803/14455/3020 8805/14456/3020 8807/14457/3020 8809/14458/3020 8811/14459/3020 8813/14460/3020 8815/14461/3020 8817/14462/3020
f 8828/14463/3026 8860/14464/3026 8861/14465/3026 8829/14466/3026
f 8842/14467/3026 8874/14468/3026 8875/14469/3026 8843/14470/3026
f 8829/14466/3026 8861/14465/3026 8862/14471/3026 8830/14472/3026
f 8843/14470/3026 8875/14469/3026 8876/14473/3026 8844/14474/3026
f 8830/14472/3026 8862/14471/3026 8863/14475/3026 8831/14476/3026
f 8844/14474/3026 8876/14473/3026 8877/14477/3026 8845/14478/3026
f 8831/14476/3026 8863/14475/3026 8864/14479/3026 8832/14480/3026
f 8845/14478/3026 8877/14477/3026 8878/14481/3026 8846/14482/3026
f 8832/14480/3026 8864/14479/3026 8865/14483/3026 8833/14484/3026
f 8819/14485/3026 8852/14486/3026 8851/14487/3026 8820/14488/3026
f 8846/14482/3026 8878/14481/3026 8879/14489/3026 8847/14490/3026
f 8833/14484/3026 8865/14483/3026 8866/14491/3026 8834/14492/3026
f 8820/14488/3026 8851/14487/3026 8853/14493/3026 8821/14494/3026
f 8847/14490/3026 8879/14489/3026 8880/14495/3026 8848/14496/3026
f 8834/14492/3026 8866/14491/3026 8867/14497/3026 8835/14498/3026
f 8821/14494/3026 8853/14493/3026 8854/14499/3026 8822/14500/3026
f 8848/14496/3026 8880/14495/3026 8881/14501/3026 8849/14502/3026
f 8835/14498/3026 8867/14497/3026 8868/14503/3026 8836/14504/3026
f 8822/14500/3026 8854/14499/3026 8855/14505/3026 8823/14506/3026
f 8849/14502/3026 8881/14501/3026 8882/14507/3026 8850/14508/3026
f 8836/14504/3026 8868/14503/3026 8869/14509/3026 8837/14510/3026
f 8823/14506/3026 8855/14505/3026 8856/14511/3026 8824/14512/3026
f 8850/14508/3026 8882/14507/3026 8852/14486/3026 8819/14485/3026
f 8837/14510/3026 8869/14509/3026 8870/14513/3026 8838/14514/3026
f 8824/14512/3026 8856/14511/3026 8857/14515/3026 8825/14516/3026
f 8838/14514/3026 8870/14513/3026 8871/14517/3026 8839/14518/3026
f 8825/14516/3026 8857/14515/3026 8858/14519/3026 8826/14520/3026
f 8839/14518/3026 8871/14517/3026 8872/14521/3026 8840/14522/3026
f 8826/14520/3026 8858/14519/3026 8859/14523/3026 8827/14524/3026
f 8840/14522/3026 8872/14521/3026 8873/14525/3026 8841/14526/3026
f 8827/14524/3026 8859/14523/3026 8860/14464/3026 8828/14463/3026
f 8841/14526/3026 8873/14525/3026 8874/14468/3026 8842/14467/3026
f 8892/14527/3031 8893/14528/3031 8925/14529/3031 8924/14530/3031
f 8906/14531/3031 8907/14532/3031 8939/14533/3031 8938/14534/3031
f 8893/14528/3031 8894/14535/3031 8926/14536/3031 8925/14529/3031
f 8907/14532/3031 8908/14537/3031 8940/14538/3031 8939/14533/3031
f 8894/14535/3031 8895/14539/3031 8927/14540/3031 8926/14536/3031
f 8908/14537/3031 8909/14541/3031 8941/14542/3031 8940/14538/3031
f 8895/14539/3031 8896/14543/3031 8928/14544/3031 8927/14540/3031
f 8909/14541/3031 8910/14545/3031 8942/14546/3031 8941/14542/3031
f 8896/14543/3031 8897/14547/3031 8929/14548/3031 8928/14544/3031
f 8884/14549/3031 8883/14550/3031 8915/14551/3031 8916/14552/3031
f 8910/14545/3031 8911/14553/3031 8943/14554/3031 8942/14546/3031
f 8897/14547/3031 8898/14555/3031 8930/14556/3031 8929/14548/3031
f 8883/14550/3031 8885/14557/3031 8917/14558/3031 8915/14551/3031
f 8911/14553/3031 8912/14559/3031 8944/14560/3031 8943/14554/3031
f 8898/14555/3031 8899/14561/3031 8931/14562/3031 8930/14556/3031
f 8885/14557/3031 8886/14563/3031 8918/14564/3031 8917/14558/3031
f 8912/14559/3031 8913/14565/3031 8945/14566/3031 8944/14560/3031
f 8899/14561/3031 8900/14567/3031 8932/14568/3031 8931/14562/3031
f 8886/14563/3031 8887/14569/3031 8919/14570/3031 8918/14564/3031
f 8913/14565/3031 8914/14571/3031 8946/14572/3031 8945/14566/3031
f 8900/14567/3031 8901/14573/3031 8933/14574/3031 8932/14568/3031
f 8887/14569/3031 8888/14575/3031 8920/14576/3031 8919/14570/3031
f 8914/14571/3031 8884/14549/3031 8916/14552/3031 8946/14572/3031
f 8901/14573/3031 8902/14577/3031 8934/14578/3031 8933/14574/3031
f 8888/14575/3031 8889/14579/3031 8921/14580/3031 8920/14576/3031
f 8902/14577/3031 8903/14581/3031 8935/14582/3031 8934/14578/3031
f 8889/14579/3031 8890/14583/3031 8922/14584/3031 8921/14580/3031
f 8903/14581/3031 8904/14585/3031 8936/14586/3031 8935/14582/3031
f 8890/14583/3031 8891/14587/3031 8923/14588/3031 8922/14584/3031
f 8904/14585/3031 8905/14589/3031 8937/14590/3031 8936/14586/3031
f 8891/14587/3031 8892/14527/3031 8924/14530/3031 8923/14588/3031
f 8905/14589/3031 8906/14531/3031 8938/14534/3031 8937/14590/3031
f 8865/14483/3054 8864/14479/3054 8928/14544/3054 8929/14548/3054
f 8838/14514/3064 8839/14518/3064 8903/14581/3064 8902/14577/3064
f 8866/14491/3053 8865/14483/3053 8929/14548/3053 8930/14556/3053
f 8839/14518/3063 8840/14522/3063 8904/14585/3063 8903/14581/3063
f 8867/14497/3052 8866/14491/3052 8930/14556/3052 8931/14562/3052
f 8840/14522/3062 8841/14526/3062 8905/14589/3062 8904/14585/3062
f 8868/14503/3083 8867/14497/3083 8931/14562/3083 8932/14568/3083
f 8841/14526/3061 8842/14467/3061 8906/14531/3061 8905/14589/3061
f 8869/14509/3082 8868/14503/3082 8932/14568/3082 8933/14574/3082
f 8842/14467/3060 8843/14470/3060 8907/14532/3060 8906/14531/3060
f 8870/14513/3081 8869/14509/3081 8933/14574/3081 8934/14578/3081
f 8843/14470/3059 8844/14474/3059 8908/14537/3059 8907/14532/3059
f 8871/14517/3080 8870/14513/3080 8934/14578/3080 8935/14582/3080
f 8844/14474/3058 8845/14478/3058 8909/14541/3058 8908/14537/3058
f 8872/14521/3079 8871/14517/3079 8935/14582/3079 8936/14586/3079
f 8845/14478/3057 8846/14482/3057 8910/14545/3057 8909/14541/3057
f 8819/14485/3083 8820/14488/3083 8883/14550/3083 8884/14549/3083
f 8873/14525/3078 8872/14521/3078 8936/14586/3078 8937/14590/3078
f 8846/14482/3056 8847/14490/3056 8911/14553/3056 8910/14545/3056
f 8820/14488/3082 8821/14494/3082 8885/14557/3082 8883/14550/3082
f 8874/14468/3077 8873/14525/3077 8937/14590/3077 8938/14534/3077
f 8847/14490/3055 8848/14496/3055 8912/14559/3055 8911/14553/3055
f 8821/14494/3081 8822/14500/3081 8886/14563/3081 8885/14557/3081
f 8875/14469/3076 8874/14468/3076 8938/14534/3076 8939/14533/3076
f 8848/14496/3054 8849/14502/3054 8913/14565/3054 8912/14559/3054
f 8822/14500/3080 8823/14506/3080 8887/14569/3080 8886/14563/3080
f 8876/14473/3075 8875/14469/3075 8939/14533/3075 8940/14538/3075
f 8849/14502/3053 8850/14508/3053 8914/14571/3053 8913/14565/3053
f 8823/14506/3079 8824/14512/3079 8888/14575/3079 8887/14569/3079
f 8877/14477/3074 8876/14473/3074 8940/14538/3074 8941/14542/3074
f 8850/14508/3052 8819/14485/3052 8884/14549/3052 8914/14571/3052
f 8824/14512/3078 8825/14516/3078 8889/14579/3078 8888/14575/3078
f 8878/14481/3073 8877/14477/3073 8941/14542/3073 8942/14546/3073
f 8851/14487/3067 8852/14486/3067 8916/14552/3067 8915/14551/3067
f 8825/14516/3077 8826/14520/3077 8890/14583/3077 8889/14579/3077
f 8879/14489/3072 8878/14481/3072 8942/14546/3072 8943/14554/3072
f 8853/14493/3066 8851/14487/3066 8915/14551/3066 8917/14558/3066
f 8826/14520/3076 8827/14524/3076 8891/14587/3076 8890/14583/3076
f 8880/14495/3071 8879/14489/3071 8943/14554/3071 8944/14560/3071
f 8854/14499/3065 8853/14493/3065 8917/14558/3065 8918/14564/3065
f 8827/14524/3075 8828/14463/3075 8892/14527/3075 8891/14587/3075
f 8881/14501/3070 8880/14495/3070 8944/14560/3070 8945/14566/3070
f 8855/14505/3064 8854/14499/3064 8918/14564/3064 8919/14570/3064
f 8828/14463/3074 8829/14466/3074 8893/14528/3074 8892/14527/3074
f 8882/14507/3069 8881/14501/3069 8945/14566/3069 8946/14572/3069
f 8856/14511/3063 8855/14505/3063 8919/14570/3063 8920/14576/3063
f 8829/14466/3073 8830/14472/3073 8894/14535/3073 8893/14528/3073
f 8852/14486/3068 8882/14507/3068 8946/14572/3068 8916/14552/3068
f 8857/14515/3062 8856/14511/3062 8920/14576/3062 8921/14580/3062
f 8830/14472/3072 8831/14476/3072 8895/14539/3072 8894/14535/3072
f 8858/14519/3061 8857/14515/3061 8921/14580/3061 8922/14584/3061
f 8831/14476/3071 8832/14480/3071 8896/14543/3071 8895/14539/3071
f 8859/14523/3060 8858/14519/3060 8922/14584/3060 8923/14588/3060
f 8832/14480/3070 8833/14484/3070 8897/14547/3070 8896/14543/3070
f 8860/14464/3059 8859/14523/3059 8923/14588/3059 8924/14530/3059
f 8833/14484/3069 8834/14492/3069 8898/14555/3069 8897/14547/3069
f 8861/14465/3058 8860/14464/3058 8924/14530/3058 8925/14529/3058
f 8834/14492/3068 8835/14498/3068 8899/14561/3068 8898/14555/3068
f 8862/14471/3057 8861/14465/3057 8925/14529/3057 8926/14536/3057
f 8835/14498/3067 8836/14504/3067 8900/14567/3067 8899/14561/3067
f 8863/14475/3056 8862/14471/3056 8926/14536/3056 8927/14540/3056
f 8836/14504/3066 8837/14510/3066 8901/14573/3066 8900/14567/3066
f 8864/14479/3055 8863/14475/3055 8927/14540/3055 8928/14544/3055
f 8837/14510/3065 8838/14514/3065 8902/14577/3065 8901/14573/3065
f 8947/14591/3316 8948/14592/3316 8950/14593/3316 8949/14594/3316
f 8949/14594/3317 8950/14593/3317 8952/14595/3317 8951/14596/3317
f 8951/14596/3318 8952/14595/3318 8954/14597/3318 8953/14598/3318
f 8953/14598/3319 8954/14597/3319 8956/14599/3319 8955/14600/3319
f 8955/14600/3320 8956/14599/3320 8958/14601/3320 8957/14602/3320
f 8957/14602/3321 8958/14601/3321 8960/14603/3321 8959/14604/3321
f 8959/14604/3322 8960/14603/3322 8962/14605/3322 8961/14606/3322
f 8961/14606/3323 8962/14605/3323 8964/14607/3323 8963/14608/3323
f 8963/14608/3324 8964/14607/3324 8966/14609/3324 8965/14610/3324
f 8965/14610/3325 8966/14609/3325 8968/14611/3325 8967/14612/3325
f 8967/14612/3326 8968/14611/3326 8970/14613/3326 8969/14614/3326
f 8969/14614/3327 8970/14613/3327 8972/14615/3327 8971/14616/3327
f 8971/14616/3328 8972/14615/3328 8974/14617/3328 8973/14618/3328
f 8973/14618/3329 8974/14617/3329 8976/14619/3329 8975/14620/3329
f 8975/14620/3330 8976/14619/3330 8978/14621/3330 8977/14622/3330
f 8977/14622/3331 8978/14621/3331 8980/14623/3331 8979/14624/3331
f 8979/14624/3332 8980/14623/3332 8982/14625/3332 8981/14626/3332
f 8981/14626/3333 8982/14625/3333 8984/14627/3333 8983/14628/3333
f 8983/14628/3334 8984/14627/3334 8986/14629/3334 8985/14630/3334
f 8985/14630/3335 8986/14629/3335 8988/14631/3335 8987/14632/3335
f 8987/14632/3336 8988/14631/3336 8990/14633/3336 8989/14634/3336
f 8989/14634/3337 8990/14633/3337 8992/14635/3337 8991/14636/3337
f 8991/14636/3338 8992/14635/3338 8994/14637/3338 8993/14638/3338
f 8993/14638/3339 8994/14637/3339 8996/14639/3339 8995/14640/3339
f 8995/14640/3340 8996/14639/3340 8998/14641/3340 8997/14642/3340
f 8997/14642/3341 8998/14641/3341 9000/14643/3341 8999/14644/3341
f 8999/14644/3342 9000/14643/3342 9002/14645/3342 9001/14646/3342
f 9001/14646/3343 9002/14645/3343 9004/14647/3343 9003/14648/3343
f 9003/14648/3344 9004/14647/3344 9006/14649/3344 9005/14650/3344
f 9005/14650/3345 9006/14649/3345 9008/14651/3345 9007/14652/3345
f 8950/14653/3005 8948/14654/3005 9010/14655/3005 9008/14656/3005 9006/14657/3005 9004/14658/3005 9002/14659/3005 9000/14660/3005 8998/14661/3005 8996/14662/3005 8994/14663/3005 8992/14664/3005 8990/14665/3005 8988/14666/3005 8986/14667/3005 8984/14668/3005 8982/14669/3005 8980/14670/3005 8978/14671/3005 8976/14672/3005 8974/14673/3005 8972/14674/3005 8970/14675/3005 8968/14676/3005 8966/14677/3005 8964/14678/3005 8962/14679/3005 8960/14680/3005 8958/14681/3005 8956/14682/3005 8954/14683/3005 8952/14684/3005
f 9007/14652/3346 9008/14651/3346 9010/14685/3346 9009/14686/3346
f 9009/14686/3347 9010/14685/3347 8948/14687/3347 8947/14688/3347
f 8947/14689/3006 8949/14690/3006 8951/14691/3006 8953/14692/3006 8955/14693/3006 8957/14694/3006 8959/14695/3006 8961/14696/3006 8963/14697/3006 8965/14698/3006 8967/14699/3006 8969/14700/3006 8971/14701/3006 8973/14702/3006 8975/14703/3006 8977/14704/3006 8979/14705/3006 8981/14706/3006 8983/14707/3006 8985/14708/3006 8987/14709/3006 8989/14710/3006 8991/14711/3006 8993/14712/3006 8995/14713/3006 8997/14714/3006 8999/14715/3006 9001/14716/3006 9003/14717/3006 9005/14718/3006 9007/14719/3006 9009/14720/3006
